FECHA;FRONTERA.CODENSA.Kwh;FRONTERA.CODENSA.KVAR;FRONTERA.EPM.Kwh;FRONTERA.EPM.KVAR;FRONTERA.EXPORTACION.kWh;FRONTERA.EXPORTACION.kVAR;FRONTERA.EXPORTACION.FACTOR;EXPORTACION.FACTOR.kWhX;FRONTERA.EXPORTACION.kWh.dia;FRONTERA.IMPORTACION.kWh;FRONTERA.IMPORTACION.kVAR;FRONTERA.IMPORTACION.FACTOR;IMPORTACIN.FACTOR.kWhX;FRONTERA.IMPORTACION.kWh.dia;GENERACION.ALCO.kWh;GENERACION.KWAR;GENERACION.FACTOR;GENERACION.kWHX;GENERACION.kWh.dia;GENERACION.ALCO-EXPORTACION.kWh/dia;ENERGIA-CONSUMIDA.FEM+ALCO-EXP;ENERGIA-CONSUMIDA.SUMA-TDGs;ENERGIA-CONSUMIDA.DIFERENCIA;SUBESTACIÓN 1.TDG11.kWh;SUBESTACIÓN 1.TDG11.kWh día;SUBESTACIÓN 1.TDA11.1.kWh;SUBESTACIÓN 1.TDA11.1.kWh día;SUBESTACIÓN 1.TSD 11.4 POZO DE REBOMBEO ILUMINACIÓN EXTERIOR.kWh;SUBESTACIÓN 1.TSD 11.4 POZO DE REBOMBEO ILUMINACIÓN EXTERIOR.kWh día;SUBESTACIÓN 1.TDG13.kWh;SUBESTACIÓN 1.TDG13.kWh día;SUBESTACIÓN 1.TDG14.kWh;SUBESTACIÓN 1.TDG14.kWh día;SUBESTACIÓN 2.TDG21.kWh;SUBESTACIÓN 2.TDG21.kWh día;SUBESTACIÓN 2.TDA21.1.kWh;SUBESTACIÓN 2.TDA21.1.kWh día;SUBESTACIÓN 2.TSD21.4 BOMBAS AGUAS NEGRAS - ILUMINACIÓN.kWh;SUBESTACIÓN 2.TSD21.4 BOMBAS AGUAS NEGRAS - ILUMINACIÓN.kWh día;SUBESTACIÓN 2.TDG21.1 TOTAL LÍNEA 6.kWh;SUBESTACIÓN 2.TDG21.1 TOTAL LÍNEA 6.kWh día;SUBESTACIÓN 3.TDG31.kWh;SUBESTACIÓN 3.TDG31.kWh día;SUBESTACIÓN 3.TDG 31 INYECTORA 6.kWh;SUBESTACIÓN 3.TDG 31 INYECTORA 6.kWh día;SUBESTACIÓN 3.TDG 31 INYECTORA 7.kWh;SUBESTACIÓN 3.TDG 31 INYECTORA 7.kWh día;SUBESTACIÓN 3.TDG32.kWh;SUBESTACIÓN 3.TDG32.kWh día;SUBESTACIÓN 3.TDG33.kWh;SUBESTACIÓN 3.TDG33.kWh día;SUBESTACIÓN 3.TDG34.kWh;SUBESTACIÓN 3.TDG34.kWh día;SUBESTACIÓN 3.TSD31.1.kWh;SUBESTACIÓN 3.TSD31.1.kWh día;SUBESTACIÓN 3.TDA31.9.kWh;SUBESTACIÓN 3.TDA31.9.kWh día;SUBESTACIÓN 6.TDG61.kWh;SUBESTACIÓN 6.TDG61.kWh día;SUBESTACIÓN 6.TDG61.1 PLASTIBOL.kWh;SUBESTACIÓN 6.TDG61.1 PLASTIBOL.kWh día;SUBESTACIÓN 6.TDA61.1.kWh;SUBESTACIÓN 6.TDA61.1.kWh día;SUBESTACIÓN 6.TDS61.3 ILUMINACIÓN BODEGA.kWh;SUBESTACIÓN 6.TDS61.3 ILUMINACIÓN BODEGA.kWh día;SUBESTACIÓN 6.TDS61.3.1 SOLISTICA 1.kWh;SUBESTACIÓN 6.TDS61.3.1 SOLISTICA 1.kWh día;SUBESTACIÓN 6.TDS61.3.2 SOLISTICA 2.kWh;SUBESTACIÓN 6.TDS61.3.2 SOLISTICA 2.kWh día;SUBESTACIÓN 6.TSD 61.4 EDIFICIO DE PRODUCCIÓN.kWh;SUBESTACIÓN 6.TSD 61.4 EDIFICIO DE PRODUCCIÓN.kWh día;LÍNEAS DE PRODUCCIÓN.LÍNEA 2.kWh;LÍNEAS DE PRODUCCIÓN.LÍNEA 2.kWh día;LÍNEAS DE PRODUCCIÓN.SOLISTICA 3.kWh;LÍNEAS DE PRODUCCIÓN.SOLISTICA 3.kWh día;LÍNEAS DE PRODUCCIÓN.LÍNEA 2 - SOL 3.kWh día;LÍNEAS DE PRODUCCIÓN.LÍNEA 3.kWh;LÍNEAS DE PRODUCCIÓN.LÍNEA 3.kWh día;LÍNEAS DE PRODUCCIÓN.LÍNEA 4.kWh;LÍNEAS DE PRODUCCIÓN.LÍNEA 4.kWh día;LÍNEAS DE PRODUCCIÓN.LÍNEA 5.kWh;LÍNEAS DE PRODUCCIÓN.LÍNEA 5.kWh día;LÍNEAS DE PRODUCCIÓN.LÍNEA 6.kWh;LÍNEAS DE PRODUCCIÓN.LÍNEA 6.kWh día;LÍNEAS DE PRODUCCIÓN.LÍNEA 7 B&B AUX FABRICACIÓN.kWh;LÍNEAS DE PRODUCCIÓN.LÍNEA 7 B&B AUX FABRICACIÓN.kWh día;LÍNEAS DE PRODUCCIÓN.LÍNEA 8.kWh;LÍNEAS DE PRODUCCIÓN.LÍNEA 8.kWh día;LÍNEAS DE PRODUCCIÓN.LÍNEA 9.kWh;LÍNEAS DE PRODUCCIÓN.LÍNEA 9.kWh día;LÍNEAS DE PRODUCCIÓN.SEPPELEC 1.kWh;LÍNEAS DE PRODUCCIÓN.SEPPELEC 1.kWh día;LÍNEAS DE PRODUCCIÓN.SEPPELEC 2.kWh;LÍNEAS DE PRODUCCIÓN.SEPPELEC 2.kWh día;LÍNEAS DE PRODUCCIÓN.ANEKO.kWh;LÍNEAS DE PRODUCCIÓN.ANEKO.kWh día;LÍNEAS DE PRODUCCIÓN.PTAR.kWh;LÍNEAS DE PRODUCCIÓN.PTAR.kWh día;LÍNEAS DE PRODUCCIÓN.PTAP.kWh;LÍNEAS DE PRODUCCIÓN.PTAP.kWh día;LÍNEAS DE PRODUCCIÓN.TDF21.7.1 CUARTOS FRIOS.kWh;LÍNEAS DE PRODUCCIÓN.TDF21.7.1 CUARTOS FRIOS.kWh día;LÍNEAS DE PRODUCCIÓN.FABRICACIÓN HOTFILL.kWh;LÍNEAS DE PRODUCCIÓN.FABRICACIÓN HOTFILL.kWh día;LÍNEAS DE PRODUCCIÓN.TORRE DE ENFRIAMIENTO (PTAP).kWh;LÍNEAS DE PRODUCCIÓN.TORRE DE ENFRIAMIENTO (PTAP).kWh día;LÍNEAS DE PRODUCCIÓN.AGUA LLUVIAS.kWh;LÍNEAS DE PRODUCCIÓN.AGUA LLUVIAS.kWh día;EDIFICIOS.DIAN.kWh;EDIFICIOS.DIAN.kWh día;EDIFICIOS.ADMINISTRATIVO.kWh;EDIFICIOS.ADMINISTRATIVO.kWh día;EDIFICIOS.AA ADMINISTRATIVO.kWh;EDIFICIOS.AA ADMINISTRATIVO.kWh día;EDIFICIOS.OPERACIONES.kWh;EDIFICIOS.OPERACIONES.kWh día;CONSUMO ENERGÍA ELÉCTRICA POR USUARIOS PIF.CONSUMO TOTAL ENTOCA.kWh;CONSUMO ENERGÍA ELÉCTRICA POR USUARIOS PIF.CONSUMO TOTAL ENTOCA.kWh día;CONSUMO ENERGÍA ELÉCTRICA POR USUARIOS PIF.CONSUMO TOTAL AIR LIQUIDE.kWh día;CONSUMO ENERGÍA ELÉCTRICA POR USUARIOS PIF.CONSUMO TOTAL SOLISTICA.kWh día;CONSUMO ENERGÍA ELÉCTRICA POR USUARIOS PIF.CONSUMO TOTAL PLASTIBOL.kWh día;CONSUMO ENERGÍA ELÉCTRICA POR USUARIOS PIF.CONSUMO TOTAL ENERGÍA ELÉCTRICA FEMSA.ENERGÍA TOTAL.kWh día;CONSUMO ENERGÍA ELÉCTRICA POR USUARIOS PIF.CONSUMO TOTAL ENERGÍA ELÉCTRICA FEMSA.EXCLUSIONES.kWh día;CONSUMO ENERGÍA ELÉCTRICA POR USUARIOS PIF.CONSUMO TOTAL ENERGÍA ELÉCTRICA FEMSA.INDICADOR.kWh día;REFRIGERACIÓN.GLICOL AGUA HELADA.Kwh;REFRIGERACIÓN.GLICOL AGUA HELADA.Kwh/dia;REFRIGERACIÓN.AGUA CLARIFICADO.Kwh;REFRIGERACIÓN.AGUA CLARIFICADO.Kwh/dia;REFRIGERACIÓN.AGUA  PASTEURIZADO TORRE PASTER 1.Kwh;REFRIGERACIÓN.AGUA  PASTEURIZADO TORRE PASTER 1.Kwh/dia;REFRIGERACIÓN.ENERGÍA ELÉCTRICA MAYEKAWA.kWh;REFRIGERACIÓN.ENERGÍA ELÉCTRICA MAYEKAWA.kWh día;REFRIGERACIÓN.ENERGÍA ELÉCTRICA PASTEURIZADO.kWh día;REFRIGERACIÓN.ENERGÍA ELÉCTRICA CLARIFICADO.kWh día;REFRIGERACIÓN.TOTAL CLARIFICADO.kTr;REFRIGERACIÓN.TOTAL PASTEURIZADO.kTr;REFRIGERACIÓN.TOTAL MAYEKAWA.kTr;REFRIGERACIÓN.TOTAL REFRIGERACIÓN.kTr;AIRE COMPRIMIDO.GENERACIÓN TOTAL AIRE.KNm³/día;AIRE COMPRIMIDO.CONSUMO AIRE SOLISTICA.m³;AIRE COMPRIMIDO.CONSUMO AIRE SOLISTICA.m³/día;AIRE COMPRIMIDO.CONSUMO AIRE FEMSA.KNm³/día;AIRE COMPRIMIDO.ENERGÍA ELÉCTRICA AIRE TOTAL.kWh/dia;AIRE COMPRIMIDO.ENERGÍA ELÉCTRICA AIRE FEMSA.kWh/día;VAPOR.VAPOR.FACTOR;VAPOR.VAPOR.Toneladas;VAPOR.VAPOR.Ton/día;VAPOR.VAPOR FI90008.FACTOR;VAPOR.VAPOR FI90008.Toneladas;VAPOR.VAPOR FI90008.Ton/día;VAPOR.RETORNO CONDENSADO.FACTOR;VAPOR.RETORNO CONDENSADO.kg;VAPOR.RETORNO CONDENSADO.m³/día;VAPOR.RETORNO CONDENSADO.%;VAPOR.RETORNO CONDENSADO BALANCE DE AGUA.m3;VAPOR.RETORNO CONDENSADO BALANCE DE AGUA.%;VAPOR POR PROCESOS.VAPOR PTAP.kg;VAPOR POR PROCESOS.VAPOR PTAP.kg/dia;VAPOR POR PROCESOS.VAPOR CIP SEPPELEC 1.??;VAPOR POR PROCESOS.VAPOR CIP SEPPELEC 1.??/dia;VAPOR POR PROCESOS.VAPOR CIP SEPPELEC 2.??;VAPOR POR PROCESOS.VAPOR CIP SEPPELEC 2.??/dia;VAPOR POR PROCESOS.VAPOR CIP ANEKO.??;VAPOR POR PROCESOS.VAPOR CIP ANEKO.??/dia;VAPOR POR PROCESOS.VAPOR CIP ADUE.??;VAPOR POR PROCESOS.VAPOR CIP ADUE.??/dia;VAPOR POR PROCESOS.VAPOR PASTER L6.??;VAPOR POR PROCESOS.VAPOR PASTER L6.??/dia;VAPOR POR PROCESOS.VAPOR PASTER L8.??;VAPOR POR PROCESOS.VAPOR PASTER L8.??/dia;VAPOR POR PROCESOS.VAPOR TETRA PAK.??;VAPOR POR PROCESOS.VAPOR TETRA PAK.??/dia;VAPOR POR PROCESOS.VAPOR HOTFILL L6.??;VAPOR POR PROCESOS.VAPOR HOTFILL L6.??/dia;VAPOR POR PROCESOS.VAPOR PASTER L9.??;VAPOR POR PROCESOS.VAPOR PASTER L9.??/dia;MEDIDORES DE GAS.GLP MONTACARGAS KG.;MEDIDORES DE GAS.LÍNEA BAJA m³.;MEDIDORES DE GAS.LÍNEA MEDIA m³.;MEDIDORES DE GAS.LÍNEA MEDIA m³/Día.;MEDIDORES DE GAS.CAL. CATALITICOS m³.;MEDIDORES DE GAS.CONSUMO GAS TURBINA m³/Día.;MEDIDORES DE GAS.CALDERÍN PTAR m³.;MEDIDORES DE GAS.COCINA m³.;MEDIDORES DE GAS.LAVANDERÍA m³.;MEDIDORES DE GAS.CALENTADORES AGUA m³.;TOTAL ENERGÍA.ENERGÍA ELÉCTRICA SOPLADO MJ.;TOTAL ENERGÍA.ENERGÍA ELÉCTRICA MANUFACTURA MJ.;TOTAL ENERGÍA.ENERGÍA TÉRMICA GLP.;TOTAL ENERGÍA.ENERGÍA TÉRMICA VAPOR MJ.;TOTAL ENERGÍA.ENERGÍA TÉRMICA TOTAL MJ.;TOTAL ENERGÍA.ENERGÍA TOTAL MJ.;TOTAL ENERGÍA.ENERGÍA TOTAL MJ + S.;LITROS DE BEBIDA.LITROS DE BEBIDA LB.;LITROS DE BEBIDA.LITROS DE BEBIDA LB-ACUMULADO-.;DETALLADO PRODUCCIÓN.LITROS DE BEBIDA LB LINEA 2.;DETALLADO PRODUCCIÓN.% EFICIENCIA LÍNEA #2.;DETALLADO PRODUCCIÓN.LITROS DE BEBIDA LB LINEA 3.;DETALLADO PRODUCCIÓN.% EFICIENCIA LÍNEA #3.;DETALLADO PRODUCCIÓN.LITROS DE BEBIDA LB LINEA 4.;DETALLADO PRODUCCIÓN.% EFICIENCIA LÍNEA #4.;DETALLADO PRODUCCIÓN.LITROS DE BEBIDA LB LINEA 5.;DETALLADO PRODUCCIÓN.% EFICIENCIA LÍNEA #5.;DETALLADO PRODUCCIÓN.LITROS DE BEBIDA LB LINEA 6.;DETALLADO PRODUCCIÓN.% EFICIENCIA LÍNEA #6.;DETALLADO PRODUCCIÓN.LITROS DE BEBIDA LB LINEA 7 BIB.;DETALLADO PRODUCCIÓN.% EFICIENCIA LÍNEA #7.;DETALLADO PRODUCCIÓN.LITROS DE BEBIDA LB LINEA 8.;DETALLADO PRODUCCIÓN.% EFICIENCIA LÍNEA #8.;DETALLADO PRODUCCIÓN.LITROS DE BEBIDA LB LINEA 9.;DETALLADO PRODUCCIÓN.% EFICIENCIA LÍNEA #9.;DETALLADO PRODUCCIÓN.Puntos cambios y saneamientos.;DESEMPEÑO SISTEMAS.ENERGÍA.kW/m3 GN;DESEMPEÑO SISTEMAS.AIRE COMPRIMIDO.LB/Nm3;DESEMPEÑO SISTEMAS.REFRIGERACIÓN.LB/TR;DESEMPEÑO SISTEMAS.REFRIGERACIÓN.kW/TR;INDICADORES DIARIOS.EEUR LB/kW.;INDICADORES DIARIOS.TEUR LB/MJT.;INDICADORES DIARIOS.EUR LB/MJ.;INDICADORES DIARIOS.EUR + S LB/MJ.;PROPORCIÓN CONSUMO.RED.;PROPORCIÓN CONSUMO.ALCO.;PROPORCIÓN CONSUMO.ACUMULADO - ENERGÍA ELECTRICA TOTAL MJ.;ACUMULADO.ACUMULADO - ENERGÍA TÉRMICA TOTAL MJ.;ACUMULADO.ACUMULADO - ENERGÍA TOTAL MJ.;ACUMULADO.ACUMULADO - ENERGÍA TOTAL MJ + S.;ACUMULADOACUMULADO - LITROS DE BEBIDA LB.;INDICADORES ACUMULADO.EEUR LB/kW.;INDICADORES ACUMULADO.TEUR LB/MJT.;INDICADORES ACUMULADO.EUR LB/MJ.;INDICADORES ACUMULADO.EUR + S LB/MJ.
31/12/2024;5.787,02;1.431,15;5.787,48;1.431,56;1.300,78;705,02;9.545,45;12.416.530,45;;16.176,37;3.878,28;9.545,45;154.410.731,02;;0,00;0,00;1,00;0,00;;;;;;25.831.896,00;;89.459,00;;406.812,00;;12.186.863,00;;33.814.984,00;;24.121.598,00;;218.776,00;;736.888,00;;5.949.545,00;;0,00;;0,00;;;;0,00;;0,00;;0,00;;0,00;;0,00;;23.158.460,00;;3.341.917,00;;81.542,00;;3.709.457,00;;477.826,00;;156.790,00;;0,00;;10.899.094,00;;256.980,00;;;10.587.792,00;;5.088.895,00;;3.735.106,00;;5.031.083,00;;3.629.055,00;;323.362,00;;941.280,00;;734.271,00;;285.090,00;;4.376.059,00;;0,00;;5.183.639,00;;775.535,00;;397.799,00;;78.181,00;;0,00;;0,00;;3.602.074,00;;1.373.701,00;;0,00;;;;;;;;;;1.150.124,90;;172.151,11;;93.339,81;;29.415.699,99;;;;;;;;;0,00;;;;;;19.113,00;;;;;;1.150.481,00;;;;;1.618.648,00;;6.429.411,00;;4.642.593,00;;5.085.620,00;;0,00;;0,00;;340.359,00;;17.281,00;;0,00;;0,00;;;417.021,00;87.883.176,00;38.682,00;41.825,00;;4.280,00;92.091,00;36.905,00;49.566,00;;;;;;;;;;;;;;;;;;;;;;;;;;;;;;;;;;;;;;;;;;;;;
01/01/2025;5.788,09;1.431,15;5.786,55;1.431,56;1.301,52;705,42;9.545,45;12.423.594,08;7.063,63;16.177,42;3.878,28;9.545,45;154.420.763,28;10.032,27;133.571,00;49.090,00;1,00;133.571,00;133.571,00;136.539,63;136.539,63;131.021,00;5.518,63;25.843.522,00;11.626,00;89.521,00;62,00;406.938,00;126,00;12.193.907,00;7.044,00;33.836.868,00;21.884,00;24.135.652,00;14.054,00;218.904,00;128,00;737.375,00;487,00;5.952.621,00;3.076,00;4.233,00;4.233,00;482,00;482,00;;;26.443,00;26.443,00;19.006,00;19.006,00;16.193,00;16.193,00;135,00;135,00;542,00;542,00;23.168.998,00;10.538,00;3.342.743,00;826,00;81.576,00;34,00;3.710.778,00;1.321,00;477.841,00;15,00;156.805,00;15,00;659,80;659,80;10.903.135,00;4.041,00;256.982,00;2,00;4.039,00;10.592.111,00;4.319,00;5.091.898,00;3.003,00;3.738.548,00;3.442,00;5.033.907,00;2.824,00;3.629.992,00;937,00;323.541,00;179,00;941.402,00;122,00;735.398,00;1.127,00;285.734,00;644,00;4.377.036,00;977,00;1.686,00;1.686,00;5.185.345,00;1.706,00;775.899,00;364,00;397.908,00;109,00;78.186,00;5,00;0,00;0,00;281,00;281,00;3.603.772,00;1.698,00;1.374.890,00;1.189,00;364,00;364,00;25.576,00;62.124,00;9.773,40;519,00;826,00;63.297,23;3.003,50;60.293,73;39.246,00;39.246,00;3.775,45;3.775,45;0,00;0,00;29.425.109,38;9.409,39;80,34;0,86;1,07;0,00;11,16;12,24;46,33;0,00;0,00;30,60;6.890,53;4.551,05;;19.154,60;41,60;;27.440,00;27,44;;32.330,00;32.330,00;118%;25,91;94%;1.623.913,00;5.265,00;6.430.142,00;731,00;4.643.087,00;494,00;5.086.565,00;945,00;0,00;0,00;0,00;0,00;340.359,00;0,00;17.283,00;2,00;0,00;0,00;0,00;0,00;0,00;417.021,30;87.924.054,00;40.878,00;41.836,00;;4.280,00;92.146,00;36.905,00;49.566,00;92.073,60;217.057,45;0,00;0,00;0,00;217.057,45;309.131,05;2.183.057,00;2.183.057,00;;;;;;;;;;;;;;;;;;;;;;;;;;;;;;;;;;;;
02/01/2025;5.789,28;1.431,15;5.787,74;1.431,56;1.301,78;705,78;9.545,45;12.426.075,90;2.481,82;16.178,60;3.878,28;9.545,45;154.432.055,55;11.292,27;269.201,00;99.431,00;1,00;269.201,00;135.630,00;133.148,18;144.440,45;136.858,00;7.582,45;25.856.752,00;13.230,00;89.605,00;84,00;407.113,00;175,00;12.201.925,00;8.018,00;33.859.064,00;22.196,00;24.152.012,00;16.360,00;219.027,00;123,00;737.886,00;511,00;5.956.078,00;3.457,00;8.716,00;4.483,00;969,00;487,00;;;51.683,00;25.240,00;37.662,00;18.656,00;32.760,00;16.567,00;281,00;146,00;1.200,00;658,00;23.181.106,00;12.108,00;3.343.387,00;644,00;81.611,00;35,00;3.713.138,00;2.360,00;478.549,00;708,00;156.985,00;180,00;1.373,00;713,20;10.908.009,00;4.874,00;257.489,00;507,00;4.367,00;10.596.223,00;4.112,00;5.095.090,00;3.192,00;3.742.401,00;3.853,00;5.037.116,00;3.209,00;3.630.912,00;920,00;323.749,00;208,00;942.107,00;705,00;736.627,00;1.229,00;286.465,00;731,00;4.378.514,00;1.478,00;3.468,00;1.782,00;5.187.179,00;1.834,00;776.265,00;366,00;398.012,00;104,00;78.191,00;5,00;0,00;0,00;589,00;308,00;3.605.452,00;1.680,00;1.376.018,00;1.128,00;974,00;610,00;26.220,00;60.950,00;11.008,10;1.906,00;644,00;69.932,35;3.778,00;66.154,35;77.013,02;37.767,02;9.528,69;5.753,24;1.343,08;1.343,08;29.435.786,00;10.676,62;147,60;171,17;1,64;0,38;10,74;12,76;53,08;0,00;#¡REF!;31,18;7.756,75;4.556,43;;19.205,90;51,30;;67.792,00;40,35;;68.194,00;35.864,00;89%;20,70;51%;1.628.980,00;5.067,00;6.431.467,00;1.325,00;4.644.444,00;1.357,00;5.087.715,00;1.150,00;0,00;0,00;0,00;0,00;340.359,00;0,00;17.288,00;5,00;0,00;0,00;0,00;0,00;0,00;417.021,30;87.963.223,00;39.169,00;41.846,20;;4.280,00;92.207,00;36.905,00;49.566,00;94.392,00;238.155,66;0,00;0,00;0,00;238.155,66;332.547,66;2.423.816,00;4.606.873,00;;;;;;;;;;;;;;;;;;;;;;;;;;;;;;;;;;;;
03/01/2025;5.789,99;1.431,15;5.788,45;1.431,56;1.302,38;706,09;9.545,45;12.431.803,17;5.727,27;16.179,30;3.878,28;9.545,45;154.438.651,46;6.595,91;407.697,20;145.293,00;1,00;407.697,20;138.496,20;132.768,93;139.364,84;129.558,00;9.806,84;25.867.702,00;10.950,00;89.677,00;72,00;407.307,00;194,00;12.209.332,00;7.407,00;33.881.316,00;22.252,00;24.167.172,00;15.160,00;219.149,00;122,00;738.409,00;523,00;5.959.010,00;2.932,00;12.945,00;4.229,00;1.152,00;183,00;;;79.112,00;27.429,00;50.606,00;12.944,00;49.221,00;16.461,00;421,00;140,00;2.129,00;929,00;23.193.832,00;12.726,00;3.347.950,00;4.563,00;81.647,00;36,00;3.715.569,00;2.431,00;479.205,00;656,00;157.150,00;165,00;2.077,27;704,27;10.911.656,00;3.647,00;257.997,00;508,00;3.139,00;10.599.160,00;2.937,00;5.097.981,00;2.891,00;3.745.632,00;3.231,00;5.039.703,00;2.587,00;3.631.850,00;938,00;323.942,00;193,00;942.868,00;761,00;737.837,00;1.210,00;287.142,00;677,00;4.379.786,00;1.272,00;5.248,00;1.780,00;5.188.671,00;1.492,00;776.643,00;378,00;398.185,00;173,00;78.562,00;371,00;0,00;0,00;911,00;322,00;3.607.240,00;1.788,00;1.377.234,00;1.216,00;1.492,00;518,00;18.801,00;57.017,00;10.391,60;1.852,00;4.563,00;65.541,24;3.843,50;61.697,74;107.010,79;29.997,77;13.046,11;3.517,42;6.506,78;5.163,70;29.444.090,51;8.304,51;88,04;188,85;1,00;1,47;8,53;11,00;46,49;0,00;0,00;26,67;7.284,66;4.179,00;;19.267,40;61,50;;121.248,00;53,46;;102.518,00;34.324,00;64%;23,96;45%;1.632.305,00;3.325,00;6.432.890,00;1.423,00;4.644.955,00;511,00;5.089.809,00;2.094,00;0,00;0,00;0,00;0,00;340.359,00;0,00;17.289,00;1,00;0,00;0,00;0,00;0,00;0,00;417.021,30;88.001.148,00;37.925,00;41.856,10;;4.280,00;92.268,00;36.905,00;49.566,00;67.683,60;222.111,85;0,00;0,00;0,00;222.111,85;289.795,45;1.634.667,00;6.241.540,00;;;;;;;;;;;;;;;;;;;;;;;;;;;;;;;;;;;;
04/01/2025;5.791,98;1.431,16;5.790,44;1.431,56;1.302,44;706,24;9.545,45;12.432.375,90;572,73;16.181,28;3.878,28;9.545,45;154.457.580,09;18.928,63;541.624,48;199.071,32;1,00;541.624,48;133.927,28;133.354,55;152.283,18;146.226,00;6.057,18;25.877.276,00;9.574,00;89.746,00;69,00;407.481,00;174,00;12.216.772,00;7.440,00;33.903.620,00;22.304,00;24.179.752,00;12.580,00;219.274,00;125,00;738.987,00;578,00;5.960.503,00;1.493,00;17.118,00;4.173,00;1.243,00;91,00;;;108.017,00;28.905,00;68.806,00;18.200,00;80.981,00;31.760,00;565,00;144,00;3.108,00;979,00;23.205.122,00;11.290,00;3.348.631,00;681,00;81.682,00;35,00;3.717.407,00;1.838,00;479.542,00;337,00;157.179,00;29,00;2.740,11;662,84;10.915.846,00;4.190,00;257.999,00;2,00;4.188,00;10.603.744,00;4.584,00;5.100.987,00;3.006,00;3.748.552,00;2.920,00;5.041.099,00;1.396,00;3.632.775,00;925,00;324.096,00;154,00;942.987,00;119,00;738.904,00;1.067,00;287.884,00;742,00;4.381.015,00;1.229,00;6.881,00;1.633,00;5.190.407,00;1.736,00;776.984,00;341,00;398.200,00;15,00;79.001,00;439,00;0,00;0,00;1.203,00;292,00;3.608.759,00;1.519,00;1.378.220,00;986,00;2.106,00;614,00;24.703,00;78.956,00;10.439,70;946,00;681,00;61.260,48;3.344,00;57.916,48;133.723,11;26.712,32;16.758,27;3.712,16;6.506,78;0,00;29.451.338,06;7.247,55;95,32;0,85;1,06;0,00;7,60;8,65;49,48;0,00;0,00;27,70;7.222,96;4.043,57;;19.304,30;36,90;;146.496,00;25,25;;122.450,00;19.932,00;79%;15,51;61%;1.634.619,00;2.314,00;6.433.240,00;350,00;4.645.128,00;173,00;5.091.336,00;1.527,00;0,00;0,00;0,00;0,00;340.359,00;0,00;17.290,00;1,00;0,00;0,00;0,00;0,00;0,00;417.021,30;88.040.631,00;39.483,00;41.866,60;;4.280,00;92.320,00;36.905,00;49.566,00;88.930,80;208.499,33;0,00;0,00;0,00;208.499,33;297.430,13;2.093.274,00;8.334.814,00;;;;;;;;;;;;;;;;;;;;;;;;;;;;;;;;;;;;
05/01/2025;5.792,59;1.431,16;5.791,05;1.431,56;1.302,80;706,49;9.545,45;12.435.812,26;3.436,36;16.181,87;3.878,28;9.545,45;154.463.221,45;5.641,36;679.642,76;247.427,00;1,00;679.642,76;138.018,28;134.581,92;140.223,28;132.939,00;7.284,28;25.886.704,00;9.428,00;89.819,00;73,00;407.632,00;151,00;12.224.255,00;7.483,00;33.925.880,00;22.260,00;24.191.910,00;12.158,00;219.395,00;121,00;739.548,00;561,00;5.960.791,00;288,00;21.925,00;4.807,00;1.344,00;101,00;;;127.968,00;19.951,00;87.968,00;19.162,00;107.093,00;26.112,00;705,00;140,00;4.375,00;1.267,00;23.216.700,00;11.578,00;3.349.312,00;681,00;81.716,00;34,00;3.719.359,00;1.952,00;479.832,00;290,00;157.206,00;27,00;3.404,77;664,66;10.920.077,00;4.231,00;258.142,00;143,00;4.088,00;10.608.399,00;4.655,00;5.103.972,00;2.985,00;3.752.150,00;3.598,00;5.041.296,00;197,00;3.633.723,00;948,00;324.247,00;151,00;943.106,00;119,00;739.994,00;1.090,00;288.575,00;691,00;4.382.308,00;1.293,00;8.715,00;1.834,00;5.192.081,00;1.674,00;777.345,00;361,00;398.212,00;12,00;79.687,00;686,00;0,00;0,00;1.498,00;295,00;3.610.723,00;1.964,00;1.379.676,00;1.456,00;2.719,00;613,00;26.877,00;65.326,00;10.407,00;1.021,00;681,00;62.788,28;3.848,00;58.940,28;160.518,03;26.794,92;20.889,35;4.131,08;6.506,78;0,00;29.458.236,02;6.897,96;119,10;0,82;1,17;0,00;7,62;8,80;49,78;0,00;0,00;28,04;7.278,01;4.099,55;;19.336,00;31,70;;165.248,00;18,75;;139.072,00;16.622,00;89%;-1,93;-10%;1.639.794,00;5.175,00;6.433.508,00;268,00;4.645.225,00;97,00;5.093.260,00;1.924,00;0,00;0,00;0,00;0,00;340.359,00;0,00;17.290,00;0,00;0,00;0,00;0,00;0,00;0,00;417.021,30;88.079.742,00;39.111,00;41.876,70;;4.280,00;92.387,00;36.905,00;49.566,00;96.757,20;212.185,00;0,00;0,00;0,00;212.185,00;308.942,20;2.179.638,00;10.514.452,00;;;;;;;;;;;;;;;;;;;;;;;;;;;;;;;;;;;;
06/01/2025;5.793,29;1.431,16;5.791,75;1.431,56;1.303,59;706,78;9.545,45;12.443.353,17;7.540,91;16.182,57;3.878,28;9.545,45;154.469.874,62;6.653,18;815.433,23;292.864,05;1,00;815.433,23;135.790,47;128.249,56;134.902,74;128.204,00;6.698,74;25.897.976,00;11.272,00;89.891,00;72,00;407.826,00;194,00;12.231.975,00;7.720,00;33.948.124,00;22.244,00;24.204.544,00;12.634,00;219.520,00;125,00;740.095,00;547,00;5.962.380,00;1.589,00;26.310,00;4.385,00;1.443,00;99,00;;;144.806,00;16.838,00;106.598,00;18.630,00;129.258,00;22.165,00;852,00;147,00;5.302,00;927,00;23.229.016,00;12.316,00;3.352.922,00;3.610,00;81.756,00;40,00;3.720.727,00;1.368,00;479.846,00;14,00;157.217,00;11,00;4.065,53;660,76;10.924.663,00;4.586,00;258.144,00;2,00;4.584,00;10.613.145,00;4.746,00;5.105.962,00;1.990,00;3.754.609,00;2.459,00;5.042.615,00;1.319,00;3.634.753,00;1.030,00;324.384,00;137,00;943.222,00;116,00;741.370,00;1.376,00;289.150,00;575,00;4.383.980,00;1.672,00;10.423,00;1.708,00;5.193.709,00;1.628,00;777.744,00;399,00;398.341,00;129,00;80.125,00;438,00;0,00;0,00;1.784,00;286,00;3.612.609,00;1.886,00;1.381.046,00;1.370,00;3.154,00;435,00;23.529,00;57.732,00;10.571,40;574,00;3.610,00;62.415,34;3.291,00;59.124,34;194.087,56;33.569,53;26.616,45;5.727,10;8.589,39;2.082,61;29.466.988,25;8.752,23;151,60;50,80;1,63;0,59;9,55;11,77;49,78;0,00;0,00;27,72;7.429,98;4.137,39;;19.392,60;56,60;;214.112,00;48,86;;173.558,00;34.486,00;71%;21,13;43%;1.645.192,00;5.398,00;6.434.136,00;628,00;4.646.122,00;897,00;5.094.377,00;1.117,00;0,00;0,00;0,00;0,00;340.359,00;0,00;17.291,00;1,00;0,00;0,00;0,00;0,00;0,00;417.021,30;88.120.360,00;40.618,00;41.887,10;;4.280,00;92.442,00;36.905,00;49.566,00;84.704,40;212.847,64;0,00;0,00;0,00;212.847,64;297.552,04;1.996.430,00;12.510.882,00;;;;;;;;;;;;;;;;;;;;;;;;;;;;;;;;;;;;
07/01/2025;5.795,82;1.431,16;5.794,28;1.431,57;1.303,61;707,02;9.545,45;12.443.544,07;190,91;16.185,10;3.878,28;9.545,45;154.494.034,16;24.159,53;948.062,79;346.886,00;1,00;948.062,79;132.629,56;132.438,65;156.598,18;148.940,00;7.658,18;25.910.944,00;12.968,00;89.965,00;74,00;408.040,00;214,00;12.240.186,00;8.211,00;33.970.508,00;22.384,00;24.219.970,00;15.426,00;219.647,00;127,00;740.678,00;583,00;5.964.549,00;2.169,00;34.852,00;8.542,00;5.719,00;4.276,00;;;162.454,00;17.648,00;128.499,00;21.901,00;157.082,00;27.824,00;1.006,00;154,00;6.626,00;1.324,00;23.243.052,00;14.036,00;3.356.224,00;3.302,00;81.805,00;49,00;3.722.675,00;1.948,00;480.149,00;303,00;157.251,00;34,00;4.759,80;694,27;10.929.834,00;5.171,00;258.484,00;340,00;4.831,00;10.617.582,00;4.437,00;5.109.179,00;3.217,00;3.758.272,00;3.663,00;5.044.429,00;1.814,00;3.635.703,00;950,00;324.547,00;163,00;943.938,00;716,00;742.912,00;1.542,00;289.846,00;696,00;4.385.658,00;1.678,00;12.225,00;1.802,00;5.195.632,00;1.923,00;778.109,00;365,00;398.521,00;180,00;80.852,00;727,00;0,00;0,00;2.094,00;310,00;3.614.111,00;1.502,00;1.381.944,00;898,00;3.861,00;707,00;29.256,00;71.649,00;11.138,80;1.260,00;3.302,00;69.248,38;3.493,00;65.755,38;232.449,00;38.361,44;32.321,36;5.704,91;13.759,86;5.170,47;29.477.327,00;10.338,75;142,49;232,82;1,62;1,47;10,91;14,00;53,38;0,00;0,00;32,28;7.852,61;4.748,64;;19.456,20;63,60;;270.864,00;56,75;;214.264,00;40.706,00;72%;26,47;47%;1.648.632,00;3.440,00;6.434.372,00;236,00;4.646.888,00;766,00;5.095.769,00;1.392,00;0,00;0,00;0,00;0,00;340.359,00;0,00;17.297,00;6,00;0,00;0,00;0,00;0,00;0,00;417.021,30;88.160.000,00;39.640,00;41.897,30;;4.280,00;92.507,00;36.905,00;49.566,00;105.321,60;236.719,39;0,00;0,00;0,00;236.719,39;342.040,99;2.455.694,00;14.966.576,00;;;;;;;;;;;;;;;;;;;;;;;;;;;;;;;;;;;;
08/01/2025;5.799,44;1.431,16;5.797,90;1.431,57;1.303,61;707,24;9.545,45;12.443.544,07;0,00;16.188,71;3.878,28;9.545,45;154.528.540,96;34.506,80;1.081.385,00;406.258,00;1,00;1.081.385,00;133.322,21;133.322,21;167.829,01;158.715,00;9.114,01;25.922.904,00;11.960,00;90.039,00;74,00;408.252,00;212,00;12.248.251,00;8.065,00;33.992.752,00;22.244,00;24.237.178,00;17.208,00;219.775,00;128,00;741.382,00;704,00;5.968.659,00;4.110,00;48.619,00;13.767,00;15.799,00;10.080,00;;;181.108,00;18.654,00;147.599,00;19.100,00;190.189,00;33.107,00;1.156,00;150,00;8.006,00;1.380,00;23.257.662,00;14.610,00;3.360.658,00;4.434,00;81.859,00;54,00;3.724.620,00;1.945,00;480.326,00;177,00;157.548,00;297,00;5.505,00;745,20;10.934.770,00;4.936,00;258.996,00;512,00;4.424,00;10.621.911,00;4.329,00;5.112.214,00;3.035,00;3.761.831,00;3.559,00;5.048.020,00;3.591,00;3.636.595,00;892,00;324.780,00;233,00;944.684,00;746,00;744.239,00;1.327,00;290.795,00;949,00;4.387.160,00;1.502,00;14.082,00;1.857,00;5.197.499,00;1.867,00;778.458,00;349,00;398.795,00;274,00;81.522,00;670,00;0,00;0,00;2.409,00;315,00;3.615.427,00;1.316,00;1.382.654,00;710,00;4.644,00;783,00;26.787,25;80.941,00;10.772,30;1.690,00;4.434,00;69.991,71;3.386,50;66.605,21;266.181,13;33.732,13;40.170,60;7.849,24;19.361,41;5.601,55;29.486.616,11;9.289,11;191,84;248,34;2,23;1,59;9,59;13,42;54,13;0,00;0,00;30,83;7.803,34;4.444,43;;19.536,70;80,50;;344.688,00;73,82;;270.802,00;56.538,00;77%;35,79;48%;1.653.040,00;4.408,00;6.434.625,00;253,00;4.647.506,00;618,00;5.096.669,00;900,00;0,00;0,00;0,00;0,00;340.359,00;0,00;17.310,00;13,00;0,00;0,00;0,00;0,00;0,00;417.021,30;88.199.076,00;39.076,00;41.907,50;;4.280,00;92.573,00;36.905,00;49.566,00;96.434,10;239.778,76;0,00;0,00;0,00;239.778,76;336.212,86;2.282.975,00;17.249.551,00;;;;;;;;;;;;;;;;;;;;;;;;;;;;;;;;;;;;
09/01/2025;5.802,76;1.431,16;5.801,22;1.431,57;1.303,61;707,49;9.545,45;12.443.544,07;0,00;16.192,03;3.878,88;9.545,45;154.560.241,40;31.700,44;1.214.567,00;464.465,00;1,00;1.214.567,00;133.182,00;133.182,00;164.882,44;155.752,00;9.130,44;25.935.426,00;12.522,00;90.125,00;86,00;408.453,00;201,00;12.256.117,00;7.866,00;34.015.016,00;22.264,00;24.252.488,00;15.310,00;219.902,00;127,00;742.067,00;685,00;5.970.851,00;2.192,00;61.259,00;12.640,00;24.846,00;9.047,00;;;199.711,00;18.603,00;166.867,00;19.268,00;223.302,00;33.113,00;1.301,00;145,00;9.151,00;1.145,00;23.271.828,00;14.166,00;3.364.999,00;4.341,00;81.895,00;36,00;3.726.537,00;1.917,00;480.482,00;156,00;157.744,00;196,00;6.234,00;729,00;10.939.596,00;4.826,00;259.512,00;516,00;4.310,00;10.626.185,00;4.274,00;5.115.197,00;2.983,00;3.765.658,00;3.827,00;5.049.855,00;1.835,00;3.637.637,00;1.042,00;325.381,00;601,00;945.189,00;505,00;745.554,00;1.315,00;291.769,00;974,00;4.387.929,00;769,00;15.985,00;1.903,00;5.199.395,00;1.896,00;778.805,00;347,00;398.971,00;176,00;82.074,00;552,00;0,00;0,00;2.722,00;313,00;3.616.783,00;1.356,00;1.383.399,00;745,00;5.325,00;681,00;26.493,00;80.031,00;10.535,10;1.553,00;4.341,00;68.422,34;3.308,50;65.113,84;301.965,88;35.784,75;43.543,14;3.372,54;23.896,88;4.535,47;29.496.439,07;9.822,96;83,79;209,70;0,96;1,29;10,18;12,43;50,23;0,00;0,00;29,19;7.540,57;4.382,03;;19.594,90;58,20;;390.464,00;45,78;;303.224,00;32.422,00;71%;-1,87;-4%;1.657.630,00;4.590,00;6.435.009,00;384,00;4.648.467,00;961,00;5.097.146,00;477,00;0,00;0,00;0,00;0,00;340.359,00;0,00;17.320,00;10,00;0,00;0,00;0,00;0,00;0,00;417.021,30;88.238.326,00;39.250,00;41.917,70;;4.280,00;92.635,00;36.905,00;49.566,00;95.374,80;234.409,82;0,00;0,00;0,00;234.409,82;329.784,62;2.308.798,00;19.558.349,00;;;;;;;;;;;;;;;;;;;;;;;;;;;;;;;;;;;;
10/01/2025;5.807,17;1.431,16;5.805,63;1.431,57;1.303,61;707,73;9.545,45;12.443.544,07;0,00;16.196,44;3.878,28;9.545,45;154.602.308,20;42.066,80;1.349.153,00;528.181,00;1,00;1.349.153,00;134.586,00;134.586,00;176.652,80;166.655,00;9.997,80;25.949.286,00;13.860,00;90.209,00;84,00;408.651,00;198,00;12.263.834,00;7.717,00;34.037.336,00;22.320,00;24.268.546,00;16.058,00;220.029,00;127,00;742.650,00;583,00;5.974.414,00;3.563,00;75.352,00;14.093,00;34.690,00;9.844,00;;;223.780,00;24.069,00;187.818,00;20.951,00;256.117,00;32.815,00;1.461,00;160,00;10.597,00;1.446,00;23.286.600,00;14.772,00;3.369.347,00;4.348,00;81.932,00;37,00;3.728.516,00;1.979,00;480.584,00;102,00;158.070,00;326,00;6.998,42;764,42;10.944.611,00;5.015,00;260.032,00;520,00;4.495,00;10.630.897,00;4.712,00;5.118.181,00;2.984,00;3.769.309,00;3.651,00;5.052.874,00;3.019,00;3.638.743,00;1.106,00;325.538,00;157,00;945.356,00;167,00;746.947,00;1.393,00;292.447,00;678,00;4.389.338,00;1.409,00;17.916,00;1.931,00;5.201.523,00;2.128,00;779.185,00;380,00;399.268,00;297,00;82.795,00;721,00;0,00;0,00;3.032,00;310,00;3.618.350,00;1.567,00;1.384.399,00;1.000,00;5.921,00;596,00;28.283,00;87.679,00;10.366,80;1.531,00;4.348,00;72.728,00;3.462,50;69.265,50;345.736,97;43.771,09;50.324,38;6.781,24;30.429,84;6.532,96;29.507.703,95;11.264,88;169,01;181,96;1,93;1,86;12,45;16,24;52,63;0,00;0,00;29,98;7.627,14;4.344,70;;19.670,20;75,30;;461.936,00;71,47;;353.518,00;50.294,00;70%;-4,40;-6%;1.661.430,00;3.800,00;6.435.599,00;590,00;4.648.649,00;182,00;5.098.009,00;863,00;0,00;0,00;0,00;0,00;340.359,00;0,00;17.321,00;1,00;0,00;0,00;0,00;0,00;0,00;417.021,30;88.279.947,00;41.621,00;41.928,30;;4.280,00;92.696,00;36.905,00;49.566,00;101.818,80;249.355,79;0,00;0,00;0,00;249.355,79;351.174,59;2.568.071,00;22.126.420,00;;;;;;;;;;;;;;;;;;;;;;;;;;;;;;;;;;;;
11/01/2025;5.811,31;1.431,17;5.809,76;1.431,57;1.303,68;707,93;9.545,45;12.444.212,26;668,18;16.200,57;3.878,28;9.545,45;154.641.692,72;39.384,53;1.488.401,18;591.364,00;1,00;1.488.401,18;139.248,18;138.580,00;177.964,53;166.169,00;11.795,53;25.960.970,00;11.684,00;90.301,00;92,00;408.821,00;170,00;12.271.522,00;7.688,00;34.059.628,00;22.292,00;24.283.186,00;14.640,00;220.151,00;122,00;743.204,00;554,00;5.977.752,00;3.338,00;89.328,00;13.976,00;44.517,00;9.827,00;;;252.672,00;28.892,00;208.217,00;20.399,00;288.751,00;32.634,00;1.598,00;137,00;11.867,00;1.270,00;23.300.564,00;13.964,00;3.373.599,00;4.252,00;81.972,00;40,00;3.730.252,00;1.736,00;480.745,00;161,00;158.179,00;109,00;7.766,11;767,69;10.949.187,00;4.576,00;260.173,00;141,00;4.435,00;10.635.511,00;4.614,00;5.120.762,00;2.581,00;3.772.462,00;3.153,00;5.055.902,00;3.028,00;3.639.808,00;1.065,00;325.683,00;145,00;945.478,00;122,00;748.137,00;1.190,00;293.049,00;602,00;4.390.516,00;1.178,00;19.458,00;1.542,00;5.203.451,00;1.928,00;779.557,00;372,00;399.415,00;147,00;83.408,00;613,00;0,00;0,00;3.343,00;311,00;3.620.208,00;1.858,00;1.385.726,00;1.327,00;6.591,00;670,00;26.884,00;91.752,00;10.254,40;965,00;4.252,00;70.741,13;3.707,00;67.034,13;381.365,38;35.628,41;55.881,72;5.557,34;32.144,29;1.714,45;29.516.893,86;9.189,91;129,51;42,44;1,58;0,49;10,13;12,20;48,13;0,00;0,00;29,50;7.372,90;4.519,02;;19.725,60;55,40;;508.256,00;46,32;;386.376,00;32.858,00;71%;4,07;9%;1.666.621,00;5.191,00;6.436.050,00;451,00;4.648.652,00;3,00;5.099.769,00;1.760,00;0,00;0,00;0,00;0,00;340.359,00;0,00;17.321,00;0,00;0,00;0,00;0,00;0,00;0,00;417.021,30;88.319.596,00;39.649,00;41.938,60;;4.280,00;92.758,00;36.916,00;49.566,00;96.782,40;241.322,85;0,00;0,00;0,00;241.322,85;338.105,25;2.338.951,00;24.465.371,00;;;;;;;;;;;;;;;;;;;;;;;;;;;;;;;;;;;;
12/01/2025;5.814,40;1.431,17;5.812,85;1.431,58;1.303,94;708,24;9.545,45;12.446.694,07;2.481,82;16.203,66;3.878,28;9.545,45;154.671.245,44;29.552,71;1.624.127,75;650.131,00;1,00;1.624.127,75;135.726,57;133.244,75;162.797,47;153.543,00;9.254,47;25.969.614,00;8.644,00;90.408,00;107,00;408.987,00;166,00;12.278.462,00;6.940,00;34.081.672,00;22.044,00;24.297.598,00;14.412,00;220.277,00;126,00;743.760,00;556,00;5.981.411,00;3.659,00;103.121,00;13.793,00;53.996,00;9.479,00;;;280.176,00;27.504,00;226.073,00;17.856,00;318.873,00;30.122,00;1.777,00;179,00;13.155,00;1.288,00;23.312.792,00;12.228,00;3.377.630,00;4.031,00;82.010,00;38,00;3.732.054,00;1.802,00;480.990,00;245,00;158.293,00;114,00;8.476,25;710,14;10.953.752,00;4.565,00;260.338,00;165,00;4.400,00;10.639.685,00;4.174,00;5.121.653,00;891,00;3.775.516,00;3.054,00;5.059.110,00;3.208,00;3.640.888,00;1.080,00;325.825,00;142,00;945.588,00;110,00;749.302,00;1.165,00;293.568,00;519,00;4.391.544,00;1.028,00;21.282,00;1.824,00;5.205.360,00;1.909,00;779.887,00;330,00;399.644,00;229,00;84.009,00;601,00;0,00;0,00;3.632,00;289,00;3.622.181,00;1.973,00;1.387.201,00;1.475,00;7.020,00;429,00;22.890,00;84.961,00;9.192,00;1.080,00;4.031,00;63.533,47;3.592,00;59.941,47;404.635,16;23.269,78;61.067,69;5.185,97;34.473,41;2.329,12;29.523.270,66;6.376,80;122,88;86,16;1,47;0,66;6,62;8,76;48,88;0,00;0,00;27,93;6.993,50;3.996,08;;19.792,00;66,40;;567.632,00;59,38;;432.626,00;46.250,00;78%;-14,19;-24%;1.670.319,00;3.698,00;6.438.711,00;2.661,00;4.650.336,00;1.684,00;5.100.738,00;969,00;0,00;0,00;0,00;0,00;340.359,00;0,00;17.322,00;1,00;0,00;0,00;0,00;0,00;0,00;417.021,30;88.360.482,00;40.886,00;41.949,30;;4.280,00;92.822,00;36.925,00;49.566,00;82.404,00;215.789,28;0,00;0,00;0,00;215.789,28;298.193,28;2.038.402,00;26.503.773,00;;;;;;;;;;;;;;;;;;;;;;;;;;;;;;;;;;;;
13/01/2025;5.819,18;1.431,19;5.817,69;1.431,60;1.303,94;708,33;9.545,45;12.446.694,07;0,00;16.208,44;3.878,29;9.545,45;154.716.824,96;45.579,52;1.758.601,68;714.558,00;1,00;1.758.601,68;134.473,93;134.473,93;180.053,45;170.867,00;9.186,45;25.981.612,00;11.998,00;90.492,00;84,00;409.192,00;205,00;12.286.434,00;7.972,00;34.104.008,00;22.336,00;24.315.170,00;17.572,00;220.408,00;131,00;744.323,00;563,00;5.986.472,00;5.061,00;117.037,00;13.916,00;63.841,00;9.845,00;;;308.520,00;28.344,00;246.784,00;20.711,00;352.447,00;33.574,00;1.909,00;132,00;14.569,00;1.414,00;23.327.236,00;14.444,00;3.381.672,00;4.042,00;82.050,00;40,00;3.734.365,00;2.311,00;481.567,00;577,00;158.479,00;186,00;9.171,56;695,31;10.958.375,00;4.623,00;260.703,00;365,00;4.258,00;10.644.076,00;4.391,00;5.124.763,00;3.110,00;3.779.234,00;3.718,00;5.063.524,00;4.414,00;3.642.047,00;1.159,00;325.970,00;145,00;945.744,00;156,00;750.525,00;1.223,00;294.330,00;762,00;4.393.128,00;1.584,00;23.145,00;1.863,00;5.207.069,00;1.709,00;780.327,00;440,00;399.987,00;343,00;84.659,00;650,00;0,00;0,00;3.933,00;301,00;3.624.044,00;1.863,00;1.388.451,00;1.250,00;7.734,00;714,00;28.143,00;92.474,00;10.430,70;1.691,00;4.042,00;71.415,75;4.033,50;67.382,25;439.096,72;34.461,56;66.895,27;5.827,58;43.038,93;8.565,52;29.532.450,19;9.179,53;140,68;258,73;1,66;2,44;9,80;13,89;51,88;0,00;0,00;29,46;7.578,00;4.303,16;;19.877,30;85,30;;646.960,00;79,33;;509.766,00;77.140,00;97%;-7,80;-10%;1.670.319,00;0,00;6.438.711,00;0,00;4.650.791,00;455,00;5.102.986,00;2.248,00;0,00;0,00;0,00;0,00;340.359,00;0,00;17.322,00;0,00;0,00;0,00;0,00;0,00;0,00;417.021,30;88.399.018,00;38.536,00;41.959,00;;4.280,00;92.892,00;36.932,00;49.566,00;101.314,80;242.576,11;0,00;0,00;0,00;242.576,11;343.890,91;2.174.005,00;28.677.778,00;;;;;;;;;;;;;;;;;;;;;;;;;;;;;;;;;;;;
14/01/2025;5.822,98;1.431,20;5.821,43;1.431,60;1.303,94;708,49;9.545,45;12.446.694,07;0,00;16.212,23;3.878,29;9.545,45;154.753.002,22;36.177,26;1.893.122,54;772.784,27;1,00;1.893.122,54;134.520,86;134.520,86;170.698,12;162.262,00;8.436,12;25.992.900,00;11.288,00;90.584,00;92,00;409.413,00;221,00;12.294.343,00;7.909,00;34.126.220,00;22.212,00;24.332.670,00;17.500,00;220.538,00;130,00;744.914,00;591,00;5.991.260,00;4.788,00;128.276,00;11.239,00;71.446,00;7.605,00;;;337.012,00;28.492,00;264.827,00;18.043,00;384.946,00;32.499,00;2.053,00;144,00;15.541,00;972,00;23.340.316,00;13.080,00;3.385.084,00;3.412,00;82.087,00;37,00;3.736.441,00;2.076,00;482.060,00;493,00;158.693,00;214,00;9.816,43;644,87;10.962.855,00;4.480,00;260.902,00;199,00;4.281,00;10.648.364,00;4.288,00;5.127.589,00;2.826,00;3.782.428,00;3.194,00;5.067.738,00;4.214,00;3.643.115,00;1.068,00;326.364,00;394,00;946.258,00;514,00;751.758,00;1.233,00;295.233,00;903,00;4.394.712,00;1.584,00;24.947,00;1.802,00;5.208.803,00;1.734,00;780.806,00;479,00;400.286,00;299,00;85.034,00;375,00;0,00;0,00;4.242,00;309,00;3.625.675,00;1.631,00;1.389.435,00;984,00;8.450,00;716,00;24.051,00;86.639,00;10.160,60;1.497,00;3.412,00;68.989,52;3.694,00;65.295,52;469.748,00;30.651,28;71.553,13;4.657,86;50.115,12;7.076,19;29.541.042,66;8.592,47;117,56;277,15;1,32;2,01;8,72;12,05;52,33;0,00;0,00;30,05;7.773,37;4.463,78;;19.960,40;83,10;;724.752,00;77,79;;576.572,00;66.806,00;86%;-6,12;-8%;1.674.663,00;4.344,00;6.439.406,00;695,00;4.651.310,00;519,00;5.104.164,00;1.178,00;0,00;0,00;0,00;0,00;340.359,00;0,00;17.325,00;3,00;0,00;0,00;0,00;0,00;0,00;417.021,30;88.439.722,00;40.704,00;41.969,40;;4.280,00;92.967,00;36.938,00;49.566,00;86.583,60;235.063,86;0,00;0,00;0,00;235.063,86;321.647,46;2.002.171,00;30.679.949,00;;;;;;;;;;;;;;;;;;;;;;;;;;;;;;;;;;;;
15/01/2025;5.825,32;1.431,20;5.823,77;1.431,60;1.303,96;708,78;9.545,45;12.446.884,98;190,91;16.214,56;3.878,29;9.545,45;154.775.243,12;22.240,90;2.023.936,77;824.833,00;1,00;2.023.936,77;130.814,23;130.623,32;152.864,22;148.391,00;4.473,22;26.002.692,00;9.792,00;90.670,00;86,00;409.632,00;219,00;12.301.634,00;7.291,00;34.148.596,00;22.376,00;24.348.302,00;15.632,00;220.677,00;139,00;745.498,00;584,00;5.994.068,00;2.808,00;139.357,00;11.081,00;78.812,00;7.366,00;;;365.188,00;28.176,00;276.216,00;11.389,00;417.170,00;32.224,00;2.188,00;135,00;16.766,00;1.225,00;23.350.746,00;10.430,00;3.387.802,00;2.718,00;82.128,00;41,00;3.738.438,00;1.997,00;482.546,00;486,00;158.897,00;204,00;10.450,00;633,57;10.965.548,00;2.693,00;261.104,00;202,00;2.491,00;10.650.861,00;2.497,00;5.130.561,00;2.972,00;3.786.247,00;3.819,00;5.070.311,00;2.573,00;3.644.137,00;1.022,00;326.592,00;228,00;946.815,00;557,00;752.841,00;1.083,00;296.081,00;848,00;4.396.047,00;1.335,00;26.835,00;1.888,00;5.210.554,00;1.751,00;781.221,00;415,00;400.385,00;99,00;85.549,00;515,00;0,00;0,00;4.546,00;304,00;3.627.124,00;1.449,00;1.390.269,00;834,00;9.087,00;637,00;18.465,00;79.155,00;9.652,90;1.476,00;2.718,00;59.862,32;3.388,50;56.473,82;494.831,60;25.083,60;74.187,73;2.634,60;52.171,89;2.056,77;29.548.208,17;7.165,51;67,49;145,29;0,75;0,58;7,13;8,47;46,94;0,00;0,00;27,28;6.875,47;3.995,80;;20.014,10;53,70;;767.760,00;43,01;;611.454,00;34.882,00;81%;-2,30;-5%;1.680.337,00;5.674,00;6.442.138,00;2.732,00;4.652.013,00;703,00;5.105.807,00;1.643,00;0,00;0,00;0,00;0,00;340.359,00;0,00;17.325,00;0,00;0,00;0,00;0,00;0,00;0,00;417.021,30;88.478.258,00;38.536,00;41.979,50;;4.280,00;93.037,00;36.948,00;49.566,00;66.474,00;203.305,75;0,00;0,00;0,00;203.305,75;269.779,75;1.587.505,00;32.267.454,00;;;;;;;;;;;;;;;;;;;;;;;;;;;;;;;;;;;;
16/01/2025;5.829,85;1.431,20;5.828,30;1.431,61;1.303,96;709,00;9.545,45;12.446.884,98;0,00;16.219,09;3.878,29;9.545,45;154.818.484,00;43.240,89;2.159.324,26;882.069,09;1,00;2.159.324,26;135.387,49;135.387,49;178.628,38;169.106,00;9.522,38;26.015.868,00;13.176,00;90.761,00;91,00;409.849,00;217,00;12.309.984,00;8.350,00;34.171.152,00;22.556,00;24.365.554,00;17.252,00;220.816,00;139,00;746.068,00;570,00;5.997.245,00;3.177,00;151.425,00;12.068,00;86.882,00;8.070,00;;;393.316,00;28.128,00;298.286,00;22.070,00;449.814,00;32.644,00;2.325,00;137,00;17.866,00;1.100,00;23.363.608,00;12.862,00;3.389.465,00;1.663,00;82.166,00;38,00;3.740.766,00;2.328,00;483.142,00;596,00;159.141,00;244,00;11.098,00;648,00;10.970.365,00;4.817,00;261.292,00;188,00;4.629,00;10.655.437,00;4.576,00;5.133.683,00;3.122,00;3.790.176,00;3.929,00;5.073.079,00;2.768,00;3.645.143,00;1.006,00;327.470,00;878,00;946.932,00;117,00;754.270,00;1.429,00;297.287,00;1.206,00;4.397.880,00;1.833,00;28.129,00;1.294,00;5.212.606,00;2.052,00;781.650,00;429,00;400.598,00;213,00;85.958,00;409,00;0,00;0,00;4.857,00;311,00;3.628.749,00;1.625,00;1.391.271,00;1.002,00;9.858,00;771,00;29.680,00;90.912,00;10.829,30;1.598,00;1.663,00;73.626,08;3.871,00;69.755,08;539.077,30;44.245,70;80.117,90;5.930,17;58.656,95;6.485,06;29.559.422,47;11.214,30;161,78;269,70;1,69;1,84;12,58;16,12;66,75;0,00;0,00;37,20;8.236,12;4.590,02;;20.076,70;62,60;;822.928,00;55,17;;654.112,00;42.658,00;77%;-2,78;-5%;1.685.836,00;5.499,00;6.442.495,00;357,00;4.652.095,00;82,00;5.107.640,00;1.833,00;0,00;0,00;0,00;0,00;340.359,00;0,00;17.326,00;1,00;0,00;0,00;0,00;0,00;0,00;417.021,30;88.518.109,00;39.851,00;41.989,60;;4.280,00;93.103,00;36.955,00;49.566,00;106.848,00;251.118,28;0,00;0,00;0,00;251.118,28;357.966,28;2.914.998,00;35.182.452,00;;;;;;;;;;;;;;;;;;;;;;;;;;;;;;;;;;;;
17/01/2025;5.833,08;1.431,20;5.831,52;1.431,61;1.303,96;709,15;9.545,45;12.446.884,98;0,00;16.222,31;3.878,29;9.545,45;154.849.229,90;30.745,89;2.294.865,00;937.704,00;1,00;2.294.865,00;135.540,74;135.540,74;166.286,63;157.354,00;8.932,63;26.024.838,00;8.970,00;90.851,00;90,00;410.060,00;211,00;12.317.452,00;7.468,00;34.193.476,00;22.324,00;24.379.160,00;13.606,00;220.942,00;126,00;746.636,00;568,00;5.999.034,00;1.789,00;164.050,00;12.625,00;94.950,00;8.068,00;;;420.248,00;26.932,00;317.458,00;19.172,00;481.911,00;32.097,00;2.463,00;138,00;19.590,00;1.724,00;23.377.768,00;14.160,00;3.393.512,00;4.047,00;82.202,00;36,00;3.743.210,00;2.444,00;483.801,00;659,00;159.368,00;227,00;11.759,00;661,00;10.974.464,00;4.099,00;261.331,00;39,00;4.060,00;10.659.721,00;4.284,00;5.136.858,00;3.175,00;3.793.571,00;3.395,00;5.074.565,00;1.486,00;3.646.167,00;1.024,00;327.614,00;144,00;947.045,00;113,00;755.443,00;1.173,00;298.057,00;770,00;4.399.257,00;1.377,00;29.849,00;1.720,00;5.214.515,00;1.909,00;782.039,00;389,00;400.746,00;148,00;86.893,00;935,00;0,00;0,00;5.170,00;313,00;3.630.496,00;1.747,00;1.392.422,00;1.151,00;10.524,00;666,00;26.409,00;86.269,00;9.657,30;1.493,00;4.047,00;64.820,33;3.948,00;60.872,33;562.320,40;23.243,10;87.345,98;7.228,08;60.556,03;1.899,08;29.564.711,21;5.288,74;170,14;54,92;2,06;0,54;6,61;9,21;34,78;0,00;0,00;28,20;7.124,59;5.776,69;;20.134,70;58,00;;873.328,00;50,40;;691.766,00;37.654,00;75%;-4,05;-8%;1.691.065,00;5.229,00;6.443.047,00;552,00;4.652.168,00;73,00;5.108.879,00;1.239,00;0,00;0,00;0,00;0,00;340.359,00;0,00;17.326,00;0,00;0,00;0,00;0,00;0,00;0,00;417.021,30;88.557.675,00;39.566,00;41.999,80;;4.280,00;93.173,00;36.966,00;49.566,00;95.072,40;219.140,40;0,00;0,00;0,00;219.140,40;314.212,80;2.010.982,00;37.193.434,00;;;;;;;;;;;;;;;;;;;;;;;;;;;;;;;;;;;;
18/01/2025;5.837,32;1.431,20;5.835,76;1.431,61;1.303,96;709,37;9.545,45;12.446.884,98;0,00;16.226,55;3.878,29;9.545,45;154.889.712,15;40.482,25;2.430.354,00;1.000.573,00;1,00;2.430.354,00;135.489,00;135.489,00;175.971,25;167.005,00;8.966,25;26.035.968,00;11.130,00;90.921,00;70,00;410.230,00;170,00;12.325.238,00;7.786,00;34.215.736,00;22.260,00;24.394.180,00;15.020,00;221.078,00;136,00;747.196,00;560,00;6.002.233,00;3.199,00;176.462,00;12.412,00;102.967,00;8.017,00;;;449.213,00;28.965,00;340.243,00;22.785,00;514.474,00;32.563,00;2.627,00;164,00;21.171,00;1.581,00;23.391.852,00;14.084,00;3.397.774,00;4.262,00;82.240,00;38,00;3.745.026,00;1.816,00;483.987,00;186,00;159.459,00;91,00;12.348,00;589,00;10.979.207,00;4.743,00;261.471,00;140,00;4.603,00;10.664.094,00;4.373,00;5.140.010,00;3.152,00;3.796.810,00;3.239,00;5.077.229,00;2.664,00;3.647.155,00;988,00;327.758,00;144,00;947.142,00;97,00;756.652,00;1.209,00;298.717,00;660,00;4.400.870,00;1.613,00;31.761,00;1.912,00;5.216.372,00;1.857,00;782.465,00;426,00;401.042,00;296,00;87.692,00;799,00;0,00;0,00;5.479,00;309,00;3.632.229,00;1.733,00;1.393.661,00;1.239,00;11.043,00;519,00;29.959,00;92.330,00;9.842,70;977,00;4.262,00;68.559,55;3.469,00;65.090,55;594.403,40;32.083,00;92.791,88;5.445,90;67.560,67;7.004,64;29.574.135,17;9.423,96;131,29;177,44;1,55;1,99;9,12;12,67;51,58;0,00;0,00;30,38;7.534,09;4.437,49;;20.203,30;68,60;;935.776,00;62,45;;735.968,00;44.202,00;71%;-4,78;-8%;1.694.984,00;3.919,00;6.443.538,00;491,00;4.652.168,00;0,00;5.110.540,00;1.661,00;0,00;0,00;0,00;0,00;340.359,00;0,00;17.326,00;0,00;0,00;0,00;0,00;0,00;0,00;417.021,30;88.597.767,00;40.092,00;42.009,80;;4.280,00;93.253,00;36.976,00;49.566,00;107.852,40;234.325,99;0,00;0,00;0,00;234.325,99;342.178,39;2.377.805,00;39.571.239,00;;;;;;;;;;;;;;;;;;;;;;;;;;;;;;;;;;;;
19/01/2025;5.841,09;1.431,20;5.839,54;1.431,61;1.303,96;709,64;9.545,45;12.446.884,98;0,00;16.230,32;3.878,29;9.545,45;154.925.698,50;35.986,35;2.569.675,91;1.062.176,62;1,00;2.569.675,91;139.321,91;139.321,91;175.308,26;163.855,00;11.453,26;26.046.178,00;10.210,00;90.955,00;34,00;410.385,00;155,00;12.333.164,00;7.926,00;34.238.104,00;22.368,00;24.409.218,00;15.038,00;221.203,00;125,00;747.756,00;560,00;6.005.460,00;3.227,00;188.722,00;12.260,00;111.022,00;8.055,00;;;478.292,00;29.079,00;360.390,00;20.147,00;547.497,00;33.023,00;2.762,00;135,00;22.561,00;1.390,00;23.405.656,00;13.804,00;3.402.001,00;4.227,00;82.291,00;51,00;3.746.932,00;1.906,00;484.265,00;278,00;159.595,00;136,00;12.931,77;583,77;10.983.635,00;4.428,00;261.655,00;184,00;4.244,00;10.668.265,00;4.171,00;5.143.290,00;3.280,00;3.800.475,00;3.665,00;5.080.196,00;2.967,00;3.648.110,00;955,00;327.899,00;141,00;947.239,00;97,00;757.729,00;1.077,00;299.450,00;733,00;4.402.277,00;1.407,00;33.477,00;1.716,00;5.218.113,00;1.741,00;782.865,00;400,00;401.156,00;114,00;88.348,00;656,00;0,00;0,00;5.783,00;304,00;3.634.101,00;1.872,00;1.395.059,00;1.398,00;11.613,00;570,00;27.443,00;90.304,00;10.044,20;1.158,00;4.227,00;69.575,06;3.699,00;65.876,06;623.574,90;29.171,50;97.039,06;4.247,18;67.727,41;166,74;29.581.814,65;7.679,48;110,25;5,07;1,21;0,05;8,30;9,55;50,98;0,00;0,00;29,99;7.653,88;4.502,55;;20.249,80;46,50;;972.288,00;36,51;;765.170,00;29.202,00;80%;0,78;2%;1.700.060,00;5.076,00;6.444.568,00;1.030,00;4.652.514,00;346,00;5.112.267,00;1.727,00;0,00;0,00;0,00;0,00;340.359,00;0,00;17.326,00;0,00;0,00;0,00;0,00;0,00;0,00;417.021,30;88.636.876,00;39.109,00;42.020,00;;4.280,00;93.307,00;36.982,00;49.566,00;98.794,80;237.153,80;0,00;0,00;0,00;237.153,80;335.948,60;2.324.297,00;41.895.536,00;;;;;;;;;;;;;;;;;;;;;;;;;;;;;;;;;;;;
20/01/2025;5.843,00;1.431,21;5.841,44;1.431,62;1.303,98;709,78;9.545,45;12.447.075,89;190,91;16.232,22;3.878,29;9.545,45;154.943.844,40;18.145,90;2.705.379,03;1.113.941,60;1,00;2.705.379,03;135.703,12;135.512,21;153.658,11;145.851,00;7.807,11;26.053.224,00;7.046,00;91.086,00;131,00;410.582,00;197,00;12.340.304,00;7.140,00;34.260.360,00;22.256,00;24.422.956,00;13.738,00;221.346,00;143,00;748.323,00;567,00;6.007.727,00;2.267,00;200.075,00;11.353,00;119.035,00;8.013,00;;;507.471,00;29.179,00;373.537,00;13.147,00;578.973,00;31.476,00;2.897,00;135,00;23.258,00;697,00;23.416.172,00;10.516,00;3.405.746,00;3.745,00;82.342,00;51,00;3.749.119,00;2.187,00;484.783,00;518,00;159.783,00;188,00;13.567,35;635,58;10.988.023,00;4.388,00;261.858,00;203,00;4.185,00;10.669.709,00;1.444,00;5.145.072,00;1.782,00;3.803.811,00;3.336,00;5.082.225,00;2.029,00;3.649.050,00;940,00;327.976,00;77,00;947.376,00;137,00;758.802,00;1.073,00;300.081,00;631,00;4.403.182,00;905,00;35.443,00;1.966,00;5.219.724,00;1.611,00;783.236,00;371,00;401.261,00;105,00;88.443,00;95,00;0,00;0,00;6.110,00;327,00;3.635.865,00;1.764,00;1.396.277,00;1.218,00;12.157,00;544,00;18.357,00;81.815,00;9.102,60;1.476,00;3.745,00;57.519,51;3.728,50;53.791,01;639.965,44;16.390,54;98.634,85;1.595,79;68.630,88;903,47;29.586.115,26;4.300,61;42,55;28,74;0,45;0,26;4,66;5,37;43,79;0,00;0,00;24,48;6.912,34;3.864,22;;20.293,40;43,60;;1.004.990,00;32,70;;797.098,00;31.928,00;98%;-0,59;-2%;1.704.928,00;4.868,00;6.446.169,00;1.601,00;4.652.730,00;216,00;5.114.879,00;2.612,00;0,00;0,00;0,00;0,00;340.359,00;0,00;17.326,00;0,00;0,00;0,00;0,00;0,00;0,00;417.021,30;88.676.801,00;39.925,00;42.030,30;;4.280,00;93.373,00;36.988,00;49.566,00;66.085,20;193.647,64;0,00;0,00;0,00;193.647,64;259.732,84;1.596.850,00;43.492.386,00;;;;;;;;;;;;;;;;;;;;;;;;;;;;;;;;;;;;
21/01/2025;5.847,11;1.431,22;5.845,55;1.431,62;1.303,98;709,91;9.545,45;12.447.075,89;0,00;16.236,33;3.878,29;9.545,45;154.983.028,47;39.184,07;2.841.999,84;1.170.664,99;1,00;2.841.999,84;136.620,81;136.620,81;175.804,88;166.925,00;8.879,88;26.065.470,00;12.246,00;91.179,00;93,00;410.776,00;194,00;12.348.216,00;7.912,00;34.282.816,00;22.456,00;24.439.700,00;16.744,00;221.493,00;147,00;748.887,00;564,00;6.011.500,00;3.773,00;211.880,00;11.805,00;127.087,00;8.052,00;;;536.664,00;29.193,00;393.115,00;19.578,00;611.986,00;33.013,00;3.038,00;141,00;24.009,00;751,00;23.430.150,00;13.978,00;3.409.736,00;3.990,00;82.394,00;52,00;3.751.491,00;2.372,00;485.505,00;722,00;160.037,00;254,00;14.181,73;614,38;10.992.450,00;4.427,00;261.896,00;38,00;4.389,00;10.674.202,00;4.493,00;5.148.016,00;2.944,00;3.807.716,00;3.905,00;5.085.599,00;3.374,00;3.650.135,00;1.085,00;327.976,00;0,00;947.376,00;0,00;760.192,00;1.390,00;300.752,00;671,00;4.404.634,00;1.452,00;37.300,00;1.857,00;5.221.606,00;1.882,00;783.683,00;447,00;401.456,00;195,00;88.448,00;5,00;0,00;0,00;6.432,00;322,00;3.637.748,00;1.883,00;1.397.590,00;1.313,00;12.864,00;707,00;26.800,00;89.836,00;10.018,00;1.578,00;3.990,00;70.382,88;4.098,00;66.284,88;679.176,30;39.210,86;102.825,84;4.190,99;71.970,25;3.339,37;29.595.724,13;9.608,87;101,62;124,41;1,19;0,95;11,15;13,29;52,33;0,00;0,00;30,58;7.737,06;4.521,29;;20.350,00;56,60;;1.053.060,00;48,07;;832.948,00;35.850,00;75%;-1,28;-3%;1.710.061,00;5.133,00;6.446.586,00;417,00;4.652.730,00;0,00;5.116.046,00;1.167,00;0,00;0,00;0,00;0,00;340.359,00;0,00;17.326,00;0,00;0,00;0,00;0,00;0,00;0,00;417.021,30;88.716.873,00;40.072,00;42.040,30;;4.280,00;93.437,00;36.996,00;49.566,00;96.480,00;238.625,58;0,00;0,00;0,00;238.625,58;335.105,58;2.514.948,00;46.007.334,00;;;;;;;;;;;;;;;;;;;;;;;;;;;;;;;;;;;;
22/01/2025;5.852,77;1.431,22;5.849,21;1.431,63;1.303,98;710,08;9.545,45;12.447.075,89;0,00;16.239,98;3.878,29;9.545,45;155.017.917,09;34.888,62;2.979.767,63;1.224.631,26;1,00;2.979.767,63;137.767,79;137.767,79;172.656,41;163.830,00;8.826,41;26.077.310,00;11.840,00;91.276,00;97,00;410.996,00;220,00;12.356.506,00;8.290,00;34.305.044,00;22.228,00;24.456.024,00;16.324,00;221.627,00;134,00;749.318,00;431,00;6.014.939,00;3.439,00;223.831,00;11.951,00;135.106,00;8.019,00;;;565.098,00;28.434,00;411.434,00;18.319,00;644.320,00;32.334,00;3.188,00;150,00;24.707,00;698,00;23.444.260,00;14.110,00;3.413.850,00;4.114,00;82.449,00;55,00;3.754.157,00;2.666,00;486.336,00;831,00;160.348,00;311,00;14.793,98;612,25;10.996.759,00;4.309,00;261.898,00;2,00;4.307,00;10.678.622,00;4.420,00;5.151.001,00;2.985,00;3.811.311,00;3.595,00;5.088.796,00;3.197,00;3.651.086,00;951,00;327.976,00;0,00;947.376,00;0,00;761.721,00;1.529,00;301.335,00;583,00;4.406.245,00;1.611,00;39.161,00;1.861,00;5.223.451,00;1.845,00;784.070,00;387,00;401.556,00;100,00;88.453,00;5,00;0,00;0,00;6.752,00;320,00;3.639.909,00;2.161,00;1.399.157,00;1.567,00;13.558,00;694,00;24.657,00;87.106,00;10.123,00;1.575,00;4.114,00;69.738,41;4.508,00;65.230,41;717.853,56;38.677,26;107.584,00;4.758,16;74.347,36;2.377,11;29.604.917,76;9.193,63;115,23;139,69;1,35;0,68;11,00;13,03;55,63;0,00;0,00;33,68;8.136,36;4.925,99;;20.395,00;45,00;;1.085.840,00;32,78;;860.316,00;27.368,00;83%;-4,01;-12%;1.710.061,00;0,00;6.447.714,00;1.128,00;4.653.872,00;1.142,00;5.118.167,00;2.121,00;0,00;0,00;0,00;0,00;340.359,00;0,00;17.327,00;1,00;0,00;0,00;0,00;0,00;0,00;417.021,30;88.756.195,00;39.322,00;42.050,00;;4.280,00;93.510,00;37.004,00;49.566,00;88.765,20;234.829,48;0,00;0,00;0,00;234.829,48;323.594,68;2.312.808,00;48.320.142,00;;;;;;;;;;;;;;;;;;;;;;;;;;;;;;;;;;;;
23/01/2025;5.853,37;1.431,23;5.851,81;1.431,63;1.303,98;710,26;9.545,45;12.447.075,89;0,00;16.242,58;3.878,29;9.545,45;155.042.754,35;24.837,26;3.113.913,00;1.272.654,00;1,00;3.113.913,00;134.145,37;134.145,37;158.982,63;153.420,00;5.562,63;26.087.256,00;9.946,00;91.386,00;110,00;411.212,00;216,00;12.364.128,00;7.622,00;34.327.388,00;22.344,00;24.470.212,00;14.188,00;221.755,00;128,00;749.863,00;545,00;6.017.840,00;2.901,00;235.850,00;12.019,00;143.098,00;7.992,00;;;593.506,00;28.408,00;428.848,00;17.414,00;672.625,00;28.305,00;3.329,00;141,00;25.747,00;1.040,00;23.457.434,00;13.174,00;3.417.432,00;3.582,00;82.507,00;58,00;3.756.600,00;2.443,00;487.129,00;793,00;160.525,00;177,00;15.389,00;595,02;11.001.170,00;4.411,00;261.900,00;2,00;4.409,00;10.683.308,00;4.686,00;5.152.848,00;1.847,00;3.813.437,00;2.126,00;5.091.500,00;2.704,00;3.652.047,00;961,00;328.533,00;557,00;949.815,00;2.439,00;763.160,00;1.439,00;301.820,00;485,00;4.407.618,00;1.373,00;40.467,00;1.306,00;5.225.195,00;1.744,00;784.451,00;381,00;401.629,00;73,00;88.822,00;369,00;0,00;0,00;7.065,00;313,00;3.641.943,00;2.034,00;1.400.610,00;1.453,00;14.151,00;593,00;20.693,00;82.119,00;9.530,30;1.517,00;3.582,00;62.234,33;4.161,50;58.072,83;748.189,30;30.335,74;111.451,38;3.867,38;75.386,61;1.039,25;29.612.711,00;7.793,24;97,98;152,11;1,10;0,30;8,63;10,02;50,23;0,00;0,00;28,75;7.370,62;4.218,70;;20.435,70;40,70;;1.115.056,00;29,22;;885.532,00;25.216,00;86%;-1,17;-4%;1.715.076,00;5.015,00;6.448.095,00;381,00;4.655.260,00;1.388,00;5.120.232,00;2.065,00;0,00;0,00;0,00;0,00;340.359,00;0,00;17.328,00;1,00;0,00;0,00;0,00;0,00;0,00;417.021,30;88.795.873,00;39.678,00;42.060,00;;4.280,00;93.573,00;37.012,00;49.566,00;74.494,80;209.062,19;0,00;0,00;0,00;209.062,19;283.556,99;1.866.346,00;50.186.488,00;;;;;;;;;;;;;;;;;;;;;;;;;;;;;;;;;;;;
24/01/2025;5.856,91;1.431,23;5.855,35;1.431,64;1.303,98;710,37;9.545,45;12.447.075,89;0,00;16.246,12;3.878,29;9.545,45;155.076.564,34;33.809,98;3.250.465,00;1.327.748,00;1,00;3.250.465,00;136.552,00;136.552,00;170.361,98;161.931,00;8.430,98;26.098.320,00;11.064,00;91.478,00;92,00;411.387,00;175,00;12.372.139,00;8.011,00;34.349.796,00;22.408,00;24.483.254,00;13.042,00;221.887,00;132,00;750.411,00;548,00;6.018.079,00;239,00;247.972,00;12.122,00;151.197,00;8.099,00;;;622.046,00;28.540,00;449.616,00;20.768,00;704.495,00;31.870,00;3.469,00;140,00;26.874,00;1.127,00;23.471.540,00;14.106,00;3.421.389,00;3.957,00;82.560,00;53,00;3.758.709,00;2.109,00;487.691,00;562,00;160.552,00;27,00;15.984,00;595,00;11.005.687,00;4.517,00;262.062,00;162,00;4.355,00;10.688.066,00;4.758,00;5.155.752,00;2.904,00;3.816.801,00;3.364,00;5.091.656,00;156,00;3.653.069,00;1.022,00;328.711,00;178,00;950.252,00;437,00;764.710,00;1.550,00;302.448,00;628,00;4.409.378,00;1.760,00;42.190,00;1.723,00;5.226.992,00;1.797,00;784.836,00;385,00;401.636,00;7,00;89.271,00;449,00;0,00;0,00;7.376,00;311,00;3.643.842,00;1.899,00;1.401.931,00;1.321,00;14.919,00;768,00;27.523,00;89.277,00;9.930,00;1.299,00;3.957,00;65.898,98;4.032,50;61.866,48;781.016,56;32.827,26;116.877,45;5.426,07;76.430,56;1.043,95;29.621.262,00;8.551,00;150,66;79,04;1,54;0,30;9,34;11,18;52,63;0,00;0,00;30,92;7.722,10;4.536,72;;20.489,00;53,30;;1.158.430,00;43,37;;920.898,00;35.366,00;82%;-0,94;-2%;1.720.086,00;5.010,00;6.448.677,00;582,00;4.655.325,00;65,00;5.123.190,00;2.958,00;0,00;0,00;0,00;0,00;340.359,00;0,00;17.329,00;1,00;0,00;0,00;0,00;0,00;0,00;417.021,30;88.836.307,00;40.434,00;42.070,30;;4.280,00;93.651,00;37.021,00;49.566,00;99.082,80;222.719,34;0,00;0,00;0,00;222.719,34;321.802,14;2.284.975,00;52.471.463,00;;;;;;;;;;;;;;;;;;;;;;;;;;;;;;;;;;;;
25/01/2025;5.860,53;1.431,24;5.858,96;1.431,64;1.303,99;710,51;9.545,45;12.447.171,35;95,45;16.249,73;3.878,29;9.545,45;155.111.023,41;34.459,07;3.386.705,00;1.382.885,00;1,00;3.386.705,00;136.240,00;136.144,55;170.603,62;160.025,00;10.578,62;26.109.756,00;11.436,00;91.561,00;83,00;411.548,00;161,00;12.379.884,00;7.745,00;34.372.292,00;22.496,00;24.497.782,00;14.528,00;222.012,00;125,00;750.986,00;575,00;6.019.966,00;1.887,00;259.442,00;11.470,00;159.207,00;8.010,00;;;649.627,00;27.581,00;469.216,00;19.600,00;736.396,00;31.901,00;3.606,00;137,00;27.819,00;945,00;23.484.808,00;13.268,00;3.425.294,00;3.905,00;82.602,00;42,00;3.760.588,00;1.879,00;487.965,00;274,00;160.574,00;22,00;16.560,00;576,00;11.009.798,00;4.111,00;262.064,00;2,00;4.109,00;10.692.477,00;4.411,00;5.158.814,00;3.062,00;3.820.615,00;3.814,00;5.093.275,00;1.619,00;3.654.066,00;997,00;328.865,00;154,00;950.343,00;91,00;765.828,00;1.118,00;303.110,00;662,00;4.411.200,00;1.822,00;44.293,00;2.103,00;5.228.679,00;1.687,00;785.267,00;431,00;401.762,00;126,00;89.645,00;374,00;0,00;0,00;7.687,00;311,00;3.645.419,00;1.577,00;1.403.020,00;1.089,00;15.533,00;614,00;26.501,00;87.092,00;9.701,60;873,00;3.905,00;69.032,02;3.441,50;65.590,52;814.091,44;33.074,88;123.249,82;6.372,37;76.454,93;24,37;29.629.842,12;8.580,12;175,51;3,18;1,81;0,01;9,41;11,23;50,98;0,00;0,00;29,72;7.513,15;4.379,97;;20.539,40;50,40;;1.197.010,00;38,58;;950.732,00;29.834,00;77%;-2,66;-7%;1.724.996,00;4.910,00;6.448.971,00;294,00;4.655.828,00;503,00;5.125.572,00;2.382,00;0,00;0,00;0,00;0,00;340.359,00;0,00;17.329,00;0,00;0,00;0,00;0,00;0,00;0,00;417.021,30;88.876.053,00;39.746,00;42.080,50;;4.280,00;93.720,00;37.033,00;49.566,00;95.403,60;236.125,87;0,00;0,00;0,00;236.125,87;331.529,47;2.176.832,00;54.648.295,00;;;;;;;;;;;;;;;;;;;;;;;;;;;;;;;;;;;;
26/01/2025;5.862,69;1.431,24;5.861,13;1.431,65;1.303,99;710,61;9.545,45;12.447.171,35;0,00;16.251,89;3.878,29;9.545,45;155.131.641,58;20.618,17;3.521.078,00;1.429.806,00;1,00;3.521.078,00;134.373,00;134.373,00;154.991,17;148.956,00;6.035,17;26.119.778,00;10.022,00;91.627,00;66,00;411.673,00;125,00;12.386.989,00;7.105,00;34.394.548,00;22.256,00;24.512.924,00;15.142,00;222.143,00;131,00;751.534,00;548,00;6.023.346,00;3.380,00;271.128,00;11.686,00;167.275,00;8.068,00;;;676.599,00;26.972,00;484.082,00;14.866,00;766.073,00;29.677,00;3.738,00;132,00;28.904,00;1.085,00;23.496.038,00;11.230,00;3.429.229,00;3.935,00;82.635,00;33,00;3.762.541,00;1.953,00;488.550,00;585,00;160.602,00;28,00;17.121,00;561,00;11.014.583,00;4.785,00;262.066,00;2,00;4.783,00;10.695.943,00;3.466,00;5.158.996,00;182,00;3.824.161,00;3.546,00;5.096.435,00;3.160,00;3.655.165,00;1.099,00;329.012,00;147,00;950.426,00;83,00;766.830,00;1.002,00;303.563,00;453,00;4.412.837,00;1.637,00;46.319,00;2.026,00;5.230.297,00;1.618,00;785.617,00;350,00;401.848,00;86,00;90.089,00;444,00;0,00;0,00;7.976,00;289,00;3.647.104,00;1.685,00;1.404.227,00;1.207,00;15.967,00;434,00;19.022,00;79.583,00;8.777,80;1.163,00;3.935,00;61.532,37;3.384,50;58.147,87;842.438,30;28.346,86;128.891,67;5.641,85;76.454,93;0,00;29.637.237,13;7.395,01;139,94;0,85;1,60;0,00;8,06;9,67;42,59;0,00;0,00;23,79;7.020,14;3.921,32;;20.583,20;43,80;;1.230.080,00;33,07;;976.890,00;26.158,00;79%;-2,19;-7%;1.727.287,00;2.291,00;6.449.504,00;533,00;4.656.092,00;264,00;5.128.938,00;3.366,00;0,00;0,00;0,00;0,00;340.359,00;0,00;17.329,00;0,00;0,00;0,00;0,00;0,00;0,00;417.021,30;88.915.643,00;39.590,00;42.090,70;;4.280,00;93.797,00;37.039,00;49.566,00;68.479,20;209.332,34;0,00;0,00;0,00;209.332,34;277.811,54;1.988.961,00;56.637.256,00;;;;;;;;;;;;;;;;;;;;;;;;;;;;;;;;;;;;
27/01/2025;5.865,79;1.431,25;5.864,23;1.431,65;1.303,99;710,73;9.545,45;12.447.171,35;0,00;16.255,00;3.878,29;9.545,45;155.161.280,20;29.638,62;3.661.428,17;1.482.059,00;1,00;3.661.428,17;140.350,17;140.350,17;169.988,79;157.362,00;12.626,79;26.129.840,00;10.062,00;91.711,00;84,00;411.866,00;193,00;12.394.622,00;7.633,00;34.416.844,00;22.296,00;24.528.600,00;15.676,00;222.271,00;128,00;752.098,00;564,00;6.026.411,00;3.065,00;283.234,00;12.106,00;175.277,00;8.002,00;;;703.476,00;26.877,00;502.295,00;18.213,00;797.806,00;31.733,00;3.876,00;138,00;30.033,00;1.129,00;23.508.804,00;12.766,00;3.432.531,00;3.302,00;82.668,00;33,00;3.764.591,00;2.050,00;489.164,00;614,00;160.735,00;133,00;17.740,46;619,46;11.019.403,00;4.820,00;262.263,00;197,00;4.623,00;10.699.910,00;3.967,00;5.161.263,00;2.267,00;3.827.606,00;3.445,00;5.099.294,00;2.859,00;3.656.158,00;993,00;329.072,00;60,00;950.477,00;51,00;768.255,00;1.425,00;304.240,00;677,00;4.414.145,00;1.308,00;48.099,00;1.780,00;5.232.129,00;1.832,00;786.063,00;446,00;401.927,00;79,00;90.549,00;460,00;0,00;0,00;8.284,00;308,00;3.649.038,00;1.934,00;1.405.567,00;1.340,00;16.574,00;607,00;24.141,27;84.825,00;9.303,80;1.508,00;3.302,00;71.049,99;3.874,00;67.175,99;870.460,50;28.022,20;133.097,83;4.206,16;78.667,52;2.212,59;29.644.659,21;7.422,08;103,88;157,14;1,20;0,63;7,97;9,80;51,73;0,00;0,00;30,40;7.435,08;4.369,35;;20.625,20;42,00;;1.260.590,00;30,51;;1.004.040,00;27.150,00;89%;-4,63;-15%;1.732.186,00;4.899,00;6.450.332,00;828,00;4.656.187,00;95,00;5.130.805,00;1.867,00;0,00;0,00;0,00;0,00;340.359,00;0,00;17.329,00;0,00;0,00;0,00;0,00;0,00;0,00;417.021,30;88.955.778,00;40.135,00;42.100,80;;4.280,00;93.871,40;37.045,99;49.566,00;86.908,57;241.833,57;0,00;0,00;0,00;241.833,57;328.742,14;2.095.885,00;58.733.141,00;;;;;;;;;;;;;;;;;;;;;;;;;;;;;;;;;;;;
28/01/2025;5.869,51;1.431,26;5.867,95;1.431,66;1.303,99;710,83;9.545,45;12.447.171,35;0,00;16.258,72;3.878,29;9.545,45;155.196.751,10;35.470,89;3.797.851,62;1.535.479,32;1,00;3.797.851,62;136.423,45;136.423,45;171.894,34;163.318,00;8.576,34;26.139.260,00;9.420,00;91.817,00;106,00;412.073,00;207,00;12.402.724,00;8.102,00;34.438.976,00;22.132,00;24.545.786,00;17.186,00;222.404,00;133,00;752.647,00;549,00;6.030.592,00;4.181,00;295.268,00;12.034,00;183.308,00;8.031,00;;;731.557,00;28.081,00;521.430,00;19.135,00;830.976,00;33.170,00;4.013,00;137,00;31.165,00;1.132,00;23.522.862,00;14.058,00;3.436.743,00;4.212,00;82.703,00;35,00;3.766.746,00;2.155,00;489.642,00;478,00;160.975,00;240,00;18.369,00;628,54;11.023.804,00;4.401,00;262.436,00;173,00;4.228,00;10.704.099,00;4.189,00;5.164.617,00;3.354,00;3.831.198,00;3.592,00;5.102.960,00;3.666,00;3.657.109,00;951,00;329.072,00;0,00;950.477,00;0,00;769.646,00;1.391,00;304.927,00;687,00;4.415.572,00;1.427,00;49.967,00;1.868,00;5.233.862,00;1.733,00;786.459,00;396,00;402.193,00;266,00;91.027,00;478,00;0,00;0,00;8.594,00;310,00;3.650.963,00;1.925,00;1.406.905,00;1.338,00;17.209,00;635,00;26.344,44;88.417,00;9.535,00;1.440,00;4.212,00;68.290,34;3.947,50;64.342,84;895.134,90;24.674,40;137.151,92;4.054,09;84.203,27;5.535,75;29.651.419,85;6.760,64;104,02;268,83;1,15;1,57;7,02;9,75;53,08;0,00;0,00;31,80;7.913,25;4.740,79;;20.699,00;73,80;;1.328.640,00;68,05;;1.053.360,00;49.320,00;72%;-9,22;-14%;1.733.255,00;1.069,00;6.450.996,00;664,00;4.656.682,00;495,00;5.132.059,00;1.254,00;0,00;0,00;0,00;0,00;340.359,00;0,00;17.330,00;1,00;0,00;0,00;0,00;0,00;0,00;417.021,30;88.994.967,00;39.189,00;42.110,60;;4.280,00;18.369,00;37.052,30;49.566,00;94.839,98;231.634,23;0,00;0,00;0,00;231.634,23;326.474,22;2.209.069,17;60.942.210,17;;;;;;;;;;;;;;;;;;;;;;;;;;;;;;;;;;;;
29/01/2025;5.872,39;1.431,26;5.870,83;1.431,66;1.304,00;710,97;9.545,45;12.447.266,80;95,45;16.261,59;3.878,29;9.545,45;155.224.213,36;27.462,26;3.933.713,74;1.586.778,86;1,00;3.933.713,74;135.862,12;135.766,67;163.228,93;156.026,00;7.202,93;26.151.178,00;11.918,00;91.892,00;75,00;412.278,00;205,00;12.410.857,00;8.133,00;34.461.148,00;22.172,00;24.563.386,00;17.600,00;222.534,00;130,00;753.230,00;583,00;6.035.421,00;4.829,00;303.286,00;8.018,00;186.947,00;3.639,00;;;759.517,00;27.960,00;539.892,00;18.462,00;861.385,00;30.409,00;4.161,00;148,00;32.321,00;1.156,00;23.534.216,00;11.354,00;3.437.229,00;486,00;82.738,00;35,00;3.768.873,00;2.127,00;490.264,00;622,00;161.106,00;131,00;18.995,22;626,22;11.027.860,00;4.056,00;262.439,00;3,00;4.053,00;10.708.689,00;4.590,00;5.167.509,00;2.892,00;3.834.516,00;3.318,00;5.107.141,00;4.181,00;3.658.034,00;925,00;329.478,00;406,00;952.662,00;2.185,00;771.113,00;1.467,00;305.633,00;706,00;4.417.155,00;1.583,00;51.718,00;1.751,00;5.235.692,00;1.830,00;786.824,00;365,00;402.539,00;346,00;91.455,00;428,00;0,00;0,00;8.894,00;300,00;3.652.819,00;1.856,00;1.408.162,00;1.257,00;17.844,00;635,00;24.731,36;80.470,00;9.510,00;1.339,00;486,00;71.423,93;3.854,50;67.569,43;929.746,50;34.611,60;142.850,00;5.698,08;91.450,84;7.247,57;29.660.835,58;9.415,73;140,91;278,02;1,62;2,06;9,84;13,53;52,33;0,00;0,00;31,73;7.747,70;4.697,77;;20.795,00;96,00;;1.421.424,00;92,78;;1.130.154,00;76.794,00;83%;-5,08;-5%;1.737.245,00;3.990,00;6.451.357,00;361,00;4.657.567,00;885,00;5.133.420,00;1.361,00;0,00;0,00;0,00;0,00;340.359,00;0,00;17.331,00;1,00;0,00;0,00;0,00;0,00;0,00;417.021,30;89.036.131,00;41.164,00;42.120,80;;4.280,00;94.022,00;37.062,20;49.566,00;89.032,90;243.249,93;0,00;0,00;0,00;243.249,93;332.282,83;2.227.642,05;63.169.852,22;;;;;;;;;;;;;;;;;;;;;;;;;;;;;;;;;;;;
30/01/2025;5.874,44;1.431,26;5.872,88;1.431,66;1.304,05;711,18;9.545,45;12.447.744,07;477,27;16.263,64;3.878,29;9.545,45;155.243.733,80;19.520,45;4.068.748,43;1.634.788,07;1,00;4.068.748,43;135.034,69;134.557,42;154.077,86;147.324,00;6.753,86;26.164.466,00;13.288,00;91.952,00;60,00;412.461,00;183,00;12.419.274,00;8.417,00;34.483.216,00;22.068,00;24.579.630,00;16.244,00;222.677,00;143,00;753.824,00;594,00;6.037.683,00;2.262,00;308.002,00;4.716,00;187.041,00;94,00;;;786.584,00;27.067,00;560.819,00;20.927,00;884.464,00;23.079,00;4.303,00;142,00;33.456,00;1.135,00;23.545.734,00;11.518,00;3.437.439,00;210,00;82.778,00;40,00;3.771.053,00;2.180,00;490.944,00;680,00;161.140,00;34,00;19.621,73;626,51;11.032.164,00;4.304,00;262.441,00;2,00;4.302,00;10.713.387,00;4.698,00;5.170.465,00;2.956,00;3.838.518,00;4.002,00;5.109.055,00;1.914,00;3.658.959,00;925,00;329.478,00;0,00;952.933,00;271,00;772.759,00;1.646,00;306.375,00;742,00;4.418.869,00;1.714,00;53.443,00;1.725,00;5.237.684,00;1.992,00;787.110,00;286,00;402.710,00;171,00;91.889,00;434,00;0,00;0,00;9.202,00;308,00;3.654.511,00;1.692,00;1.409.213,00;1.051,00;18.559,00;715,00;28.399,00;71.167,00;9.620,30;1.310,00;210,00;71.770,56;3.805,00;67.965,56;971.277,44;41.530,94;147.399,95;4.549,95;95.892,50;4.441,66;29.671.593,38;10.757,80;117,54;246,24;1,29;1,26;11,81;14,37;55,63;0,00;0,00;34,61;8.133,15;5.060,01;;20.864,70;69,70;;1.478.976,00;57,55;;1.180.548,00;50.394,00;88%;-4,10;-7%;1.741.948,00;4.703,00;6.452.073,00;716,00;4.658.005,00;438,00;5.135.275,00;1.855,00;0,00;0,00;0,00;0,00;340.359,00;0,00;17.332,00;1,00;0,00;0,00;0,00;0,00;0,00;417.021,30;89.076.922,00;40.791,00;42.131,00;;4.280,00;94.085,50;37.072,53;49.566,00;102.236,40;244.676,03;0,00;0,00;0,00;244.676,03;346.912,43;2.469.689,10;65.639.541,32;;;;;;;;;;;;;;;;;;;;;;;;;;;;;;;;;;;;
31/01/2025;5.875,41;1.431,26;5.873,85;1.431,67;1.304,54;711,48;9.545,45;12.452.421,34;4.677,27;16.264,60;3.878,29;9.545,45;155.252.954,71;9.220,90;4.205.482,00;1.677.555,00;1,00;4.205.482,00;136.733,57;132.056,30;141.277,20;134.460,00;6.817,20;26.174.156,00;9.690,00;92.025,00;73,00;412.668,00;207,00;12.426.127,00;6.853,00;34.505.684,00;22.468,00;24.594.034,00;14.404,00;222.807,00;130,00;754.403,00;579,00;6.040.029,00;2.346,00;315.879,00;7.877,00;190.991,00;3.950,00;;;814.144,00;27.560,00;572.580,00;11.761,00;908.205,00;23.741,00;4.439,00;136,00;34.523,00;1.067,00;23.555.840,00;10.106,00;3.440.059,00;2.620,00;82.816,00;38,00;3.773.165,00;2.112,00;491.611,00;667,00;161.224,00;84,00;20.264,00;642,27;11.034.611,00;2.447,00;262.443,00;2,00;2.445,00;10.715.641,00;2.254,00;5.173.472,00;3.007,00;3.842.304,00;3.786,00;5.111.028,00;1.973,00;3.659.836,00;877,00;329.478,00;0,00;953.245,00;312,00;773.652,00;893,00;307.106,00;731,00;4.420.453,00;1.584,00;55.114,00;1.671,00;5.239.122,00;1.438,00;787.404,00;294,00;402.904,00;194,00;92.298,00;409,00;0,00;0,00;9.502,00;300,00;3.656.397,00;1.886,00;1.410.491,00;1.278,00;19.127,00;568,00;18.675,00;67.012,00;8.400,50;1.332,00;2.620,00;61.912,70;3.810,00;58.102,70;991.141,44;19.864,00;150.317,05;2.917,10;99.923,49;4.030,99;29.678.878,00;7.284,62;114,36;111,96;0,83;1,15;5,65;7,63;43,79;0,00;0,00;23,17;6.707,14;3.548,86;;20.920,50;55,80;;1.525.648,00;46,67;;1.208.231,93;27.683,93;59%;-9,59;-21%;1.746.886,00;4.938,00;6.453.045,00;972,00;4.658.530,00;525,00;5.135.882,00;607,00;0,00;0,00;0,00;0,00;340.359,00;0,00;17.332,00;0,00;0,00;0,00;0,00;0,00;0,00;417.021,30;89.114.934,00;38.012,00;42.140,60;;4.280,00;94.158,00;37.080,00;49.566,00;67.230,00;209.169,74;0,00;0,00;0,00;209.169,74;276.399,74;1.453.300,00;67.092.841,32;;;;;;;;;;;;;;;;;;;;;;;;;;;;;;;;;;;;
01/02/2025;5.877,06;1.431,26;5.875,50;1.431,67;1.304,55;711,75;9.545,45;12.452.516,80;95,45;16.266,25;3.878,29;9.545,45;155.268.666,52;15.711,81;4.337.975,00;1.722.543,00;1,00;4.337.975,00;132.493,00;132.397,55;148.109,36;143.522,00;4.587,36;26.183.428,00;9.272,00;92.111,00;86,00;412.839,00;171,00;12.433.681,00;7.554,00;34.527.980,00;22.296,00;24.609.178,00;15.144,00;222.936,00;129,00;755.017,00;614,00;6.043.465,00;3.436,00;329.184,00;13.305,00;200.896,00;9.905,00;;;842.097,00;27.953,00;586.077,00;13.497,00;931.734,00;23.529,00;4.574,00;135,00;35.545,00;1.022,00;23.566.812,00;10.972,00;3.443.645,00;3.586,00;82.854,00;38,00;3.774.641,00;1.476,00;491.859,00;248,00;161.240,00;16,00;20.828,00;564,00;11.035.823,00;1.212,00;262.443,00;0,00;1.212,00;10.717.172,00;1.531,00;5.174.535,00;1.063,00;3.843.558,00;1.254,00;5.112.216,00;1.188,00;3.660.815,00;979,00;329.729,00;251,00;953.662,00;417,00;774.540,00;888,00;307.805,00;699,00;4.422.020,00;1.567,00;56.865,00;1.751,00;5.240.696,00;1.574,00;787.819,00;415,00;402.999,00;95,00;92.640,00;342,00;0,00;0,00;9.807,00;305,00;3.658.088,00;1.691,00;1.411.667,00;1.176,00;19.744,00;617,00;19.606,00;74.884,00;8.892,90;878,00;3.586,00;59.868,46;3.351,00;56.517,46;32.708,60;32.708,60;4.535,70;4.535,70;0,00;0,00;29.685.617,75;6.739,75;89,86;0,84;1,29;0,00;9,30;10,59;48,43;0,00;0,00;32,46;7.295,22;4.889,59;;20.957,10;36,60;;28.624,00;28,62;;24.790,00;24.790,00;87%;7,49;26%;1.751.664,00;4.778,00;6.453.320,00;275,00;4.658.530,00;0,00;5.136.703,00;821,00;0,00;0,00;0,00;0,00;340.359,00;0,00;17.332,00;0,00;0,00;0,00;0,00;0,00;0,00;417.021,30;89.154.960,00;40.026,00;42.151,00;;4.280,00;94.229,00;37.091,00;49.566,00;70.581,60;203.462,84;0,00;0,00;0,00;203.462,84;274.044,44;1.787.105,00;1.787.105,00;;;;;;;;;;;;;;;;;;;;;;;;;;;;;;;;;;;;
02/02/2025;5.879,32;1.431,26;5.877,76;1.431,67;1.304,58;711,93;9.545,45;12.452.803,16;286,36;16.268,50;3.878,29;9.545,45;155.290.181,96;21.515,44;4.471.758,00;1.771.383,00;1,00;4.471.758,00;133.783,00;133.496,64;155.012,08;147.349,00;7.663,08;26.193.026,00;9.598,00;92.191,00;80,00;412.989,00;150,00;12.441.298,00;7.617,00;34.550.336,00;22.356,00;24.624.620,00;15.442,00;223.065,00;129,00;755.573,00;556,00;6.047.491,00;4.026,00;342.486,00;13.302,00;210.851,00;9.955,00;;;870.082,00;27.985,00;601.557,00;15.480,00;955.343,00;23.609,00;4.710,00;136,00;36.550,00;1.005,00;23.578.772,00;11.960,00;3.447.135,00;3.490,00;82.887,00;33,00;3.776.289,00;1.648,00;492.075,00;216,00;161.340,00;100,00;21.402,00;574,00;11.042.317,00;6.494,00;262.447,00;4,00;6.490,00;10.721.266,00;4.094,00;5.179.436,00;4.901,00;3.849.631,00;6.073,00;5.117.786,00;5.570,00;3.661.800,00;985,00;330.031,00;302,00;954.143,00;481,00;775.413,00;873,00;308.460,00;655,00;4.423.381,00;1.361,00;58.683,00;1.818,00;5.242.414,00;1.718,00;788.231,00;412,00;403.238,00;239,00;92.978,00;338,00;0,00;0,00;10.102,00;295,00;3.659.593,00;1.505,00;1.412.694,00;1.027,00;20.130,00;386,00;22.241,00;77.029,00;8.955,60;876,00;3.490,00;64.661,48;3.010,00;61.651,48;59.449,72;26.741,12;8.645,48;4.109,78;6.596,82;6.596,82;29.692.735,36;7.117,61;102,15;190,55;1,17;1,88;7,61;10,65;48,88;0,00;0,00;28,37;7.327,74;4.253,03;;21.017,40;60,30;;80.192,00;51,57;;67.250,00;42.460,00;82%;-10,38;-20%;1.756.536,00;4.872,00;6.454.834,00;1.514,00;4.660.370,00;1.840,00;5.138.509,00;1.806,00;0,00;0,00;0,00;0,00;340.359,00;0,00;17.332,00;0,00;0,00;0,00;0,00;0,00;0,00;417.021,30;89.193.170,00;38.210,00;42.161,00;;4.280,00;94.298,00;37.103,00;49.566,00;80.067,60;221.945,33;0,00;0,00;0,00;221.945,33;302.012,93;1.920.075,00;3.707.180,00;;;;;;;;;;;;;;;;;;;;;;;;;;;;;;;;;;;;
03/02/2025;5.882,24;1.431,26;5.880,67;1.431,67;1.304,58;712,12;9.545,45;12.452.803,16;0,00;16.271,42;3.878,29;9.545,45;155.317.997,40;27.815,44;4.608.017,45;1.823.728,56;1,00;4.608.017,45;136.259,45;136.259,45;164.074,89;152.198,00;11.876,89;26.201.548,00;8.522,00;92.277,00;86,00;413.174,00;185,00;12.448.940,00;7.642,00;34.572.648,00;22.312,00;24.639.192,00;14.572,00;223.192,00;127,00;756.171,00;598,00;6.049.327,00;1.836,00;355.829,00;13.343,00;220.840,00;9.989,00;;;898.384,00;28.302,00;618.999,00;17.442,00;981.766,00;26.423,00;4.846,00;136,00;37.597,00;1.047,00;23.592.412,00;13.640,00;3.450.985,00;3.850,00;82.932,00;45,00;3.778.691,00;2.402,00;492.741,00;666,00;161.624,00;284,00;22.039,72;637,72;11.046.691,00;4.374,00;262.842,00;395,00;3.979,00;10.725.117,00;3.851,00;5.182.861,00;3.425,00;3.853.274,00;3.643,00;5.119.379,00;1.593,00;3.662.833,00;1.033,00;330.170,00;139,00;954.796,00;653,00;776.175,00;762,00;309.306,00;846,00;4.424.824,00;1.443,00;60.027,00;1.344,00;5.244.204,00;1.790,00;788.615,00;384,00;403.341,00;103,00;93.342,00;364,00;0,00;0,00;10.406,00;304,00;3.660.982,00;1.389,00;1.413.493,00;799,00;20.746,00;616,00;21.985,00;82.156,00;8.873,80;1.943,00;3.850,00;67.252,09;3.510,00;63.742,09;81.586,45;22.136,73;12.104,41;3.458,93;12.035,89;5.439,07;29.699.085,92;6.350,56;96,43;268,00;0,98;1,55;6,30;8,83;50,53;0,00;0,00;29,00;7.363,77;4.226,19;;21.080,20;62,80;;133.488,00;53,30;;101.680,00;34.430,00;65%;-3,28;-6%;1.761.680,00;5.144,00;6.455.475,00;641,00;4.660.678,00;308,00;5.140.123,00;1.614,00;0,00;0,00;0,00;0,00;340.359,00;0,00;17.332,00;0,00;0,00;0,00;0,00;0,00;0,00;417.021,30;89.233.362,00;40.192,00;42.171,30;;4.280,00;94.365,00;37.115,00;49.566,00;79.146,00;229.471,53;0,00;0,00;0,00;229.471,53;308.617,53;2.005.122,00;5.712.302,00;;;;;;;;;;;;;;;;;;;;;;;;;;;;;;;;;;;;
04/02/2025;5.885,55;1.431,26;5.883,98;1.431,67;1.304,58;712,31;9.545,45;12.452.803,16;0,00;16.274,73;3.878,29;9.545,45;155.349.573,75;31.576,35;4.743.129,07;1.877.210,27;1,00;4.743.129,07;135.111,62;135.111,62;166.687,97;155.755,00;10.932,97;26.211.980,00;10.432,00;92.371,00;94,00;413.359,00;185,00;12.456.948,00;8.008,00;34.594.992,00;22.344,00;24.652.574,00;13.382,00;223.320,00;128,00;756.755,00;584,00;6.050.134,00;807,00;369.139,00;13.310,00;230.895,00;10.055,00;;;926.746,00;28.362,00;638.491,00;19.492,00;1.008.953,00;27.187,00;4.984,00;138,00;38.504,00;907,00;23.605.650,00;13.238,00;3.454.947,00;3.962,00;82.965,00;33,00;3.780.732,00;2.041,00;493.208,00;467,00;161.846,00;222,00;22.673,00;633,28;11.051.116,00;4.425,00;263.003,00;161,00;4.264,00;10.729.298,00;4.181,00;5.185.879,00;3.018,00;3.856.687,00;3.413,00;5.119.948,00;569,00;3.663.889,00;1.056,00;330.322,00;152,00;955.728,00;932,00;778.181,00;2.006,00;310.105,00;799,00;4.426.066,00;1.242,00;61.720,00;1.693,00;5.245.998,00;1.794,00;788.998,00;383,00;403.453,00;112,00;93.625,00;283,00;0,00;0,00;10.714,00;308,00;3.662.393,00;1.411,00;1.414.310,00;817,00;21.396,00;650,00;21.000,00;85.096,00;9.223,20;1.434,00;3.962,00;66.972,77;3.389,50;63.583,27;112.520,66;30.934,21;15.294,84;3.190,43;16.007,45;3.971,56;29.707.153,08;8.067,16;108,47;227,24;0,91;1,13;8,80;10,84;53,38;0,00;0,00;31,51;7.849,52;4.633,54;;21.128,80;48,60;;170.144,00;36,66;;131.536,00;29.856,00;81%;-4,88;-13%;1.766.489,00;4.809,00;6.455.864,00;389,00;4.661.002,00;324,00;5.140.840,00;717,00;0,00;0,00;0,00;0,00;340.359,00;0,00;17.333,00;1,00;0,00;0,00;0,00;0,00;0,00;417.021,30;89.271.983,00;38.621,00;42.181,50;;4.280,00;94.464,30;37.118,57;49.566,00;75.600,00;228.899,77;0,00;0,00;0,00;228.899,77;304.499,77;2.074.815,00;7.787.117,00;;;;;;;;;;;;;;;;;;;;;;;;;;;;;;;;;;;;
05/02/2025;5.888,90;1.431,26;5.881,38;1.431,67;1.304,58;712,54;9.545,45;12.452.803,16;0,00;16.278,13;3.878,29;9.545,45;155.382.028,28;32.454,53;4.875.378,08;1.931.302,45;1,00;4.875.378,08;132.249,01;132.249,01;164.703,54;158.161,00;6.542,54;26.223.924,00;11.944,00;92.471,00;100,00;413.553,00;194,00;12.465.433,00;8.485,00;34.617.348,00;22.356,00;24.668.360,00;15.786,00;223.450,00;130,00;757.348,00;593,00;6.053.417,00;3.283,00;382.325,00;13.186,00;240.958,00;10.063,00;;;946.190,00;19.444,00;659.110,00;20.619,00;1.043.094,00;34.141,00;5.131,00;147,00;39.358,00;854,00;23.617.850,00;12.200,00;3.456.397,00;1.450,00;82.998,00;33,00;3.782.824,00;2.092,00;493.647,00;439,00;162.060,00;214,00;23.263,99;590,99;11.055.587,00;4.471,00;263.030,00;27,00;4.444,00;10.733.647,00;4.349,00;5.189.190,00;3.311,00;3.860.359,00;3.672,00;5.122.861,00;2.913,00;3.664.727,00;838,00;330.476,00;154,00;956.678,00;950,00;779.736,00;1.555,00;310.787,00;682,00;4.427.470,00;1.404,00;63.549,00;1.829,00;5.247.818,00;1.820,00;789.279,00;281,00;403.639,00;186,00;93.762,00;137,00;0,00;0,00;11.023,00;309,00;3.663.691,00;1.298,00;1.415.016,00;706,00;22.131,00;735,00;27.916,34;84.267,00;9.649,60;1.273,00;1.450,00;68.063,94;3.388,00;64.675,94;144.903,63;32.382,97;20.248,86;4.954,02;22.131,52;6.124,07;29.716.401,61;9.248,53;142,90;246,61;1,41;1,74;9,21;12,36;55,63;0,00;0,00;33,92;8.185,90;4.991,29;;21.191,40;62,60;;222.080,00;51,94;;171.686,00;40.150,00;77%;-3,03;-6%;1.771.092,00;4.603,00;6.456.460,00;596,00;4.661.348,00;346,00;5.143.344,00;2.504,00;0,00;0,00;0,00;0,00;340.359,00;0,00;17.334,00;1,00;0,00;0,00;0,00;0,00;0,00;417.021,30;89.310.909,00;38.926,00;42.191,70;;4.280,00;94.540,00;37.124,00;49.566,00;100.498,82;232.833,38;0,00;0,00;0,00;232.833,38;333.332,21;2.441.057,85;10.228.174,85;;;;;;;;;;;;;;;;;;;;;;;;;;;;;;;;;;;;
06/02/2025;5.892,06;1.431,27;5.890,49;1.431,68;1.304,58;712,67;9.545,45;12.452.803,16;0,00;16.281,24;3.878,29;9.545,45;155.411.733,72;29.705,44;5.009.939,72;1.988.704,02;1,00;5.009.939,72;134.561,64;134.561,64;164.267,08;155.582,00;8.685,08;26.233.652,00;9.728,00;92.566,00;95,00;413.754,00;201,00;12.473.313,00;7.880,00;34.639.804,00;22.456,00;24.682.164,00;13.804,00;223.579,00;129,00;757.876,00;528,00;6.055.377,00;1.960,00;395.390,00;13.065,00;250.986,00;10.028,00;;;971.499,00;25.309,00;677.262,00;18.152,00;1.077.166,00;34.072,00;5.270,00;139,00;40.183,00;825,00;23.628.966,00;11.116,00;3.456.770,00;373,00;83.034,00;36,00;3.784.851,00;2.027,00;494.035,00;388,00;162.273,00;213,00;23.895,06;631,07;11.059.765,00;4.178,00;263.229,00;199,00;3.979,00;10.737.757,00;4.110,00;5.192.402,00;3.212,00;3.863.726,00;3.367,00;5.124.586,00;1.725,00;3.665.767,00;1.040,00;330.612,00;136,00;957.208,00;530,00;780.949,00;1.213,00;311.449,00;662,00;4.429.168,00;1.698,00;65.101,00;1.552,00;5.249.519,00;1.701,00;789.759,00;480,00;403.745,00;106,00;93.929,00;167,00;0,00;0,00;11.341,00;318,00;3.665.051,00;1.360,00;1.415.799,00;783,00;22.971,00;840,00;24.735,00;87.561,00;9.090,60;1.328,00;373,00;65.914,48;3.531,50;62.382,98;171.217,39;26.313,76;25.293,14;5.044,28;23.650,01;1.518,49;29.723.751,84;7.350,23;134,63;106,56;1,43;0,43;7,48;9,35;51,74;0,00;0,00;30,80;7.583,47;4.514,32;;21.245,40;54,00;;265.904,00;43,82;;204.766,00;33.080,00;75%;-4,82;-11%;1.775.746,00;4.654,00;6.457.785,00;1.325,00;4.661.697,00;349,00;5.145.655,00;2.311,00;0,00;0,00;0,00;0,00;340.359,00;0,00;17.334,00;0,00;0,00;0,00;0,00;0,00;0,00;417.021,30;89.349.848,00;38.939,00;42.201,80;;4.280,00;94.625,00;37.145,00;49.566,00;89.046,00;224.578,73;0,00;0,00;0,00;224.578,73;313.624,73;1.944.700,00;12.172.874,85;;;;;;;;;;;;;;;;;;;;;;;;;;;;;;;;;;;;
07/02/2025;5.896,19;1.431,28;5.894,62;1.431,68;1.304,58;712,76;9.545,45;12.452.803,16;0,00;16.285,37;3.878,29;9.545,45;155.451.156,43;39.422,71;5.142.269,85;2.050.253,13;1,00;5.142.269,85;132.330,13;132.330,13;171.752,84;165.055,00;6.697,84;26.246.252,00;12.600,00;92.665,00;99,00;413.938,00;184,00;12.481.431,00;8.118,00;34.662.248,00;22.444,00;24.696.708,00;14.544,00;223.709,00;130,00;758.352,00;476,00;6.057.680,00;2.303,00;406.644,00;11.254,00;258.670,00;7.684,00;;;999.483,00;27.984,00;699.308,00;22.046,00;1.111.461,00;34.295,00;5.417,00;147,00;41.426,00;1.243,00;23.640.736,00;11.770,00;3.457.023,00;253,00;83.069,00;35,00;3.786.894,00;2.043,00;494.431,00;396,00;162.486,00;213,00;24.488,24;593,18;11.064.656,00;4.891,00;263.395,00;166,00;4.725,00;10.742.143,00;4.386,00;5.195.314,00;2.912,00;3.867.275,00;3.549,00;5.126.736,00;2.150,00;3.666.771,00;1.004,00;330.762,00;150,00;957.800,00;592,00;782.517,00;1.568,00;312.065,00;616,00;4.430.801,00;1.633,00;66.902,00;1.801,00;5.251.237,00;1.718,00;790.202,00;443,00;403.794,00;49,00;94.306,00;377,00;0,00;0,00;11.646,00;305,00;3.666.368,00;1.317,00;1.416.542,00;743,00;23.605,00;634,00;29.587,00;92.009,00;9.273,70;1.251,00;253,00;68.966,14;3.277,50;65.688,64;207.854,00;36.636,61;30.512,44;5.219,30;25.508,72;1.858,71;29.733.744,13;9.992,29;133,64;139,35;1,48;0,53;10,42;12,43;53,08;0,00;0,00;31,85;7.867,96;4.721,07;;21.288,30;42,90;;295.216,00;29,31;;226.542,00;21.776,00;74%;-8,52;-29%;1.779.339,00;3.593,00;6.457.785,00;0,00;4.662.310,00;613,00;5.147.163,00;1.508,00;0,00;0,00;0,00;0,00;340.359,00;0,00;17.335,00;1,00;0,00;0,00;0,00;0,00;0,00;417.021,30;89.389.968,00;40.120,00;42.212,20;;4.280,00;94.705,00;37.162,00;49.566,00;106.513,20;236.479,10;0,00;0,00;0,00;236.479,10;342.992,30;2.426.411,00;14.599.285,85;;;;;;;;;;;;;;;;;;;;;;;;;;;;;;;;;;;;
08/02/2025;5.898,32;1.431,28;5.896,74;1.431,69;1.304,61;712,90;9.545,45;12.453.089,52;286,36;16.287,48;3.878,29;9.545,45;155.471.306,88;20.150,44;5.274.879,00;2.105.853,00;1,00;5.274.879,00;132.609,15;132.322,79;152.473,23;147.361,00;5.112,23;26.256.362,00;10.110,00;92.731,00;66,00;414.101,00;163,00;12.488.373,00;6.942,00;34.684.776,00;22.528,00;24.710.536,00;13.828,00;223.803,00;94,00;758.995,00;643,00;6.061.064,00;3.384,00;417.994,00;11.350,00;266.833,00;8.163,00;;;1.027.324,00;27.841,00;713.767,00;14.459,00;1.143.456,00;31.995,00;5.577,00;160,00;42.490,00;1.064,00;23.649.044,00;8.308,00;3.457.296,00;273,00;83.108,00;39,00;3.788.513,00;1.619,00;494.636,00;205,00;162.587,00;101,00;25.049,00;560,76;11.069.031,00;4.375,00;263.397,00;2,00;4.373,00;10.743.740,00;1.597,00;5.197.182,00;1.868,00;3.870.081,00;2.806,00;5.129.590,00;2.854,00;3.667.630,00;859,00;330.901,00;139,00;957.926,00;126,00;783.580,00;1.063,00;312.531,00;466,00;4.432.417,00;1.616,00;68.855,00;1.953,00;5.252.777,00;1.540,00;790.501,00;299,00;404.085,00;291,00;94.698,00;392,00;0,00;0,00;11.942,00;296,00;3.667.657,00;1.289,00;1.417.294,00;752,00;24.260,00;655,00;18.939,00;82.458,00;8.117,60;951,00;273,00;60.673,63;3.049,50;57.624,13;235.741,66;27.887,66;34.671,48;4.159,04;31.383,34;5.874,62;29.741.176,70;7.432,57;114,64;160,14;1,18;1,67;7,93;10,79;44,24;0,00;0,00;24,78;6.683,00;3.743,33;;21.352,40;64,10;;351.232,00;56,02;;269.322,00;42.780,00;76%;-7,58;-14%;1.784.669,00;5.330,00;6.458.481,00;696,00;4.662.966,00;656,00;5.148.551,00;1.388,00;0,00;0,00;0,00;0,00;340.359,00;0,00;17.335,00;0,00;0,00;0,00;0,00;0,00;0,00;417.021,30;89.429.063,00;39.095,00;42.222,50;;4.280,00;94.783,00;37.175,00;49.566,00;68.180,40;207.446,87;0,00;0,00;0,00;207.446,87;275.627,27;1.625.582,75;16.224.868,60;;;;;;;;;;;;;;;;;;;;;;;;;;;;;;;;;;;;
09/02/2025;5.899,54;1.431,29;5.897,97;1.431,69;1.304,69;713,07;9.545,45;12.453.853,16;763,64;16.288,68;3.878,29;9.545,45;155.482.770,96;11.464,09;5.409.730,78;2.161.469,44;1,00;5.409.730,78;134.851,78;134.088,14;145.552,23;138.841,00;6.711,23;26.263.768,00;7.406,00;92.803,00;72,00;414.245,00;144,00;12.495.470,00;7.097,00;34.707.344,00;22.568,00;24.723.132,00;12.596,00;223.961,00;158,00;759.599,00;604,00;6.065.943,00;4.879,00;429.217,00;11.223,00;275.012,00;8.179,00;;;1.055.470,00;28.146,00;725.043,00;11.276,00;1.174.993,00;31.537,00;5.739,00;162,00;43.454,00;964,00;23.656.036,00;6.992,00;3.457.588,00;292,00;83.144,00;36,00;3.789.772,00;1.259,00;494.645,00;9,00;162.598,00;11,00;25.587,30;538,30;11.072.805,00;3.774,00;263.399,00;2,00;3.772,00;10.744.147,00;407,00;5.199.834,00;2.652,00;3.870.645,00;564,00;5.133.830,00;4.240,00;3.668.691,00;1.061,00;331.043,00;142,00;958.045,00;119,00;784.518,00;938,00;312.849,00;318,00;4.433.809,00;1.392,00;70.820,00;1.965,00;5.254.236,00;1.459,00;790.936,00;435,00;404.426,00;341,00;95.016,00;318,00;0,00;0,00;12.230,00;288,00;3.668.970,00;1.313,00;1.418.098,00;804,00;24.672,00;412,00;14.876,00;79.138,00;8.231,10;626,00;292,00;57.265,13;2.642,50;54.622,63;252.443,72;16.702,06;37.710,19;3.038,71;42.195,21;10.811,87;29.745.937,50;4.760,80;83,82;284,36;0,86;3,08;4,75;8,69;44,24;0,00;0,00;23,23;6.961,66;3.655,50;;21.433,90;81,50;;427.696,00;76,46;;326.050,00;56.728,00;74%;38,09;50%;1.790.180,00;5.511,00;6.459.762,00;1.281,00;4.663.619,00;653,00;5.149.820,00;1.269,00;0,00;0,00;0,00;0,00;340.359,00;0,00;17.335,00;0,00;0,00;0,00;0,00;0,00;0,00;417.021,30;89.467.815,00;38.752,00;42.232,70;;4.280,00;94.855,10;37.187,00;49.566,00;53.553,60;196.641,47;0,00;0,00;0,00;196.641,47;250.195,07;1.087.240,06;17.312.108,66;;;;;;;;;;;;;;;;;;;;;;;;;;;;;;;;;;;;
10/02/2025;5.901,99;1.431,29;5.900,41;1.431,69;1.304,71;713,27;9.545,45;12.454.044,07;190,91;16.291,13;3.878,29;9.545,45;155.506.138,22;23.367,26;5.543.405,72;2.212.807,83;1,00;5.543.405,72;133.674,94;133.484,03;156.851,29;150.095,00;6.756,29;26.272.596,00;8.828,00;92.887,00;84,00;414.434,00;189,00;12.503.108,00;7.638,00;34.729.824,00;22.480,00;24.736.100,00;12.968,00;224.085,00;124,00;760.182,00;583,00;6.070.342,00;4.399,00;440.845,00;11.628,00;283.165,00;8.153,00;;;1.083.426,00;27.956,00;740.405,00;15.362,00;1.207.738,00;32.745,00;5.914,00;175,00;44.539,00;1.085,00;23.666.526,00;10.490,00;3.457.931,00;343,00;83.180,00;36,00;3.791.665,00;1.893,00;495.003,00;358,00;162.800,00;202,00;26.281,95;694,65;11.076.584,00;3.779,00;263.694,00;295,00;3.484,00;10.748.221,00;4.074,00;5.202.769,00;2.935,00;3.871.901,00;1.256,00;5.137.700,00;3.870,00;3.669.664,00;973,00;331.206,00;163,00;958.159,00;114,00;785.508,00;990,00;313.374,00;525,00;4.435.051,00;1.242,00;72.777,00;1.957,00;5.255.785,00;1.549,00;791.264,00;328,00;404.702,00;276,00;95.395,00;379,00;0,00;0,00;12.548,00;318,00;3.670.538,00;1.568,00;1.419.027,00;929,00;25.306,00;634,00;19.812,00;84.216,00;8.609,60;1.438,00;343,00;62.244,69;3.466,50;58.778,19;274.232,90;21.789,18;42.394,63;4.684,44;49.454,44;7.259,23;29.752.011,49;6.073,99;112,45;193,25;1,33;2,06;6,20;9,59;49,48;0,00;0,00;28,98;7.359,31;4.310,28;;21.508,40;74,50;;495.568,00;67,87;;374.728,00;48.678,00;72%;43,64;64%;1.795.127,00;4.947,00;6.460.136,00;374,00;4.663.639,00;20,00;5.149.820,00;0,00;0,00;0,00;0,00;0,00;340.359,00;0,00;17.335,00;0,00;0,00;0,00;0,00;0,00;0,00;417.021,30;89.506.575,00;38.760,00;42.242,90;;4.280,00;94.921,20;37.199,50;49.566,00;71.323,20;211.601,49;0,00;0,00;0,00;211.601,49;282.924,69;1.395.017,12;18.707.125,78;;;;;;;;;;;;;;;;;;;;;;;;;;;;;;;;;;;;
11/02/2025;5.905,22;1.431,29;5.903,65;1.431,69;1.304,71;713,48;9.545,45;12.454.044,07;0,00;16.294,36;3.878,29;9.545,45;155.536.960,48;30.822,26;5.679.411,50;2.265.045,22;1,00;5.679.411,50;136.005,78;136.005,78;166.828,04;158.659,00;8.169,04;26.283.638,00;11.042,00;92.977,00;90,00;414.638,00;204,00;12.511.301,00;8.193,00;34.752.408,00;22.584,00;24.750.236,00;14.136,00;224.208,00;123,00;760.782,00;600,00;6.073.179,00;2.837,00;452.716,00;11.871,00;291.292,00;8.127,00;;;1.110.496,00;27.070,00;759.245,00;18.840,00;1.241.453,00;33.715,00;6.064,00;150,00;45.429,00;890,00;23.677.734,00;11.208,00;3.458.359,00;428,00;83.215,00;35,00;3.793.720,00;2.055,00;495.388,00;385,00;163.014,00;214,00;26.953,17;671,22;11.081.173,00;4.589,00;264.025,00;331,00;4.258,00;10.752.581,00;4.360,00;5.205.869,00;3.100,00;3.874.730,00;2.829,00;5.140.292,00;2.592,00;3.670.562,00;898,00;331.810,00;604,00;958.585,00;426,00;786.765,00;1.257,00;314.272,00;898,00;4.436.145,00;1.094,00;74.198,00;1.421,00;5.257.590,00;1.805,00;791.557,00;293,00;404.811,00;109,00;95.676,00;281,00;0,00;0,00;12.858,00;310,00;3.672.343,00;1.805,00;1.420.194,00;1.167,00;25.908,00;602,00;25.147,00;87.752,00;9.214,60;1.530,00;428,00;67.903,44;3.744,50;64.158,94;306.463,53;32.230,63;46.989,26;4.594,63;53.367,57;3.913,13;29.760.827,83;8.816,34;109,01;261,17;1,31;1,11;9,17;11,59;55,18;0,00;0,00;32,27;8.020,59;4.690,55;;21.562,40;54,00;;537.984,00;42,42;;416.952,00;42.224,00;100%;27,77;65%;1.800.088,00;4.961,00;6.461.387,00;1.251,00;4.664.223,00;584,00;5.153.056,00;3.236,00;0,00;0,00;0,00;0,00;340.359,00;0,00;17.337,00;2,00;0,00;0,00;0,00;0,00;0,00;417.021,30;89.544.734,00;38.159,00;42.252,50;;4.280,00;95.017,00;37.216,39;49.566,00;90.529,20;230.972,18;0,00;0,00;0,00;230.972,18;321.501,38;2.092.435,00;20.799.560,78;;;;;;;;;;;;;;;;;;;;;;;;;;;;;;;;;;;;
12/02/2025;5.907,59;1.431,29;5.906,01;1.431,69;1.304,76;713,69;9.545,45;12.454.521,34;477,27;16.296,70;3.878,29;9.545,45;155.559.373,20;22.412,72;5.812.661,49;2.314.448,94;1,00;5.812.661,49;133.249,99;132.772,72;155.185,43;148.482,00;6.703,43;26.291.458,00;7.820,00;93.083,00;106,00;414.854,00;216,00;12.518.706,00;7.405,00;34.774.980,00;22.572,00;24.764.366,00;14.130,00;224.339,00;131,00;761.436,00;654,00;6.076.461,00;3.282,00;462.728,00;10.012,00;297.540,00;6.248,00;;;1.140.030,00;29.534,00;771.978,00;12.733,00;1.274.709,00;33.256,00;6.200,00;136,00;46.514,00;1.085,00;23.688.754,00;11.020,00;3.461.725,00;3.366,00;83.254,00;39,00;3.795.680,00;1.960,00;495.655,00;267,00;163.218,00;204,00;27.607,87;654,70;11.084.081,00;2.908,00;264.274,00;249,00;2.659,00;10.755.146,00;2.565,00;5.209.007,00;3.138,00;3.877.338,00;2.608,00;5.143.334,00;3.042,00;3.671.535,00;973,00;332.316,00;506,00;959.168,00;583,00;787.817,00;1.052,00;315.104,00;832,00;4.436.990,00;845,00;75.808,00;1.610,00;5.259.256,00;1.666,00;791.933,00;376,00;404.911,00;100,00;96.063,00;387,00;0,00;0,00;13.172,00;314,00;3.673.981,00;1.638,00;1.421.201,00;1.007,00;26.497,00;589,00;18.357,00;81.771,00;8.364,40;1.374,00;3.366,00;60.310,03;3.521,00;56.789,03;325.517,03;19.053,50;49.057,98;2.068,72;56.600,36;3.232,79;29.766.313,23;5.485,40;56,21;244,46;0,59;0,92;5,42;6,93;50,23;0,00;0,00;31,21;7.194,30;4.470,12;;21.612,60;50,20;;575.744,00;37,76;;450.724,00;33.772,00;89%;25,29;67%;1.804.534,00;4.446,00;6.462.792,00;1.405,00;4.665.665,00;1.442,00;5.154.174,00;1.118,00;0,00;0,00;0,00;0,00;340.359,00;0,00;17.338,00;1,00;0,00;0,00;0,00;0,00;0,00;417.021,30;89.584.131,00;39.397,00;42.262,80;;4.280,00;95.092,10;37.229,00;49.566,00;66.085,20;204.440,52;0,00;0,00;0,00;204.440,52;270.525,72;1.374.387,15;22.173.947,93;;;;;;;;;;;;;;;;;;;;;;;;;;;;;;;;;;;;
13/02/2025;5.910,36;1.431,29;5.908,78;1.431,70;1.304,77;713,91;9.545,45;12.454.616,80;95,45;16.299,47;3.878,92;9.545,45;155.585.766,37;26.393,17;5.948.597,59;2.365.633,53;1,00;5.948.597,59;135.936,10;135.840,65;162.233,81;154.760,00;7.473,81;26.303.022,00;11.564,00;93.164,00;81,00;415.055,00;201,00;12.526.496,00;7.790,00;34.797.720,00;22.740,00;24.780.000,00;15.634,00;224.463,00;124,00;762.068,00;632,00;6.079.609,00;3.148,00;467.285,00;4.557,00;297.626,00;86,00;;;1.168.663,00;28.633,00;790.893,00;18.915,00;1.307.648,00;32.939,00;6.356,00;156,00;47.535,00;1.021,00;23.700.742,00;11.988,00;3.464.915,00;3.190,00;83.290,00;36,00;3.797.469,00;1.789,00;495.882,00;227,00;163.265,00;47,00;28.279,81;671,94;11.088.716,00;4.635,00;264.529,00;255,00;4.380,00;10.759.177,00;4.031,00;5.210.675,00;1.668,00;3.881.057,00;3.719,00;5.146.110,00;2.776,00;3.672.554,00;1.019,00;332.663,00;347,00;959.594,00;426,00;789.166,00;1.349,00;315.729,00;625,00;4.438.462,00;1.472,00;77.764,00;1.956,00;5.261.006,00;1.750,00;792.277,00;344,00;405.100,00;189,00;96.414,00;351,00;0,00;0,00;13.502,00;330,00;3.675.851,00;1.870,00;1.422.438,00;1.237,00;27.217,00;720,00;24.972,00;80.573,00;8.866,30;1.161,00;3.190,00;68.443,51;3.814,50;64.629,01;359.003,56;33.486,53;53.628,87;4.570,89;59.816,11;3.215,75;29.775.100,67;8.787,44;122,32;150,08;1,30;0,91;9,52;11,74;51,13;0,00;0,00;32,32;7.575,11;4.788,33;;21.663,70;51,10;;617.552,00;41,81;;490.454,00;39.730,00;95%;28,80;69%;1.809.202,00;4.668,00;6.463.159,00;367,00;4.665.950,00;285,00;5.156.088,00;1.914,00;0,00;0,00;0,00;0,00;340.359,00;0,00;17.338,00;0,00;0,00;0,00;0,00;0,00;0,00;417.021,30;89.623.816,00;39.685,00;42.272,80;;4.280,00;95.184,30;37.247,70;49.566,00;89.899,20;232.664,45;0,00;0,00;0,00;232.664,45;322.563,65;2.175.327,70;24.349.275,63;;;;;;;;;;;;;;;;;;;;;;;;;;;;;;;;;;;;
14/02/2025;5.911,92;1.431,29;5.910,35;1.431,70;1.304,89;714,21;9.545,45;12.455.762,25;1.145,45;16.301,02;3.878,29;9.545,45;155.600.609,54;14.843,17;6.083.203,76;2.412.883,23;1,00;6.083.203,76;134.606,17;133.460,72;148.303,89;142.564,00;5.739,89;26.311.258,00;8.236,00;93.256,00;92,00;415.251,00;196,00;12.534.163,00;7.667,00;34.820.360,00;22.640,00;24.794.850,00;14.850,00;224.586,00;123,00;762.685,00;617,00;6.083.501,00;3.892,00;472.478,00;5.193,00;298.382,00;756,00;;;1.197.265,00;28.602,00;806.676,00;15.783,00;1.336.945,00;29.297,00;6.509,00;153,00;48.358,00;823,00;23.711.038,00;10.296,00;3.468.793,00;3.878,00;83.324,00;34,00;3.799.256,00;1.787,00;496.163,00;281,00;163.299,00;34,00;28.947,00;667,19;11.092.687,00;3.971,00;264.583,00;54,00;3.917,00;10.763.216,00;4.039,00;5.210.885,00;210,00;3.884.507,00;3.450,00;5.149.495,00;3.385,00;3.673.532,00;978,00;332.835,00;172,00;959.712,00;118,00;790.198,00;1.032,00;316.191,00;462,00;4.439.796,00;1.334,00;79.472,00;1.708,00;5.262.480,00;1.474,00;792.547,00;270,00;405.368,00;268,00;96.652,00;238,00;0,00;0,00;13.819,00;317,00;3.677.694,00;1.843,00;1.423.672,00;1.234,00;27.889,00;672,00;19.820,00;74.438,00;8.582,10;986,00;3.878,00;60.419,79;3.725,50;56.694,29;379.583,53;20.579,97;56.142,09;2.513,22;64.803,27;4.987,16;29.780.945,02;5.844,35;90,58;205,74;0,71;1,42;5,85;7,99;47,70;0,00;0,00;28,60;7.641,25;4.581,55;;21.724,90;61,20;;671.552,00;54,00;;549.536,00;59.082,00;109%;40,50;75%;1.813.206,00;4.004,00;6.463.159,00;0,00;4.666.304,00;354,00;5.158.241,00;2.153,00;0,00;0,00;0,00;0,00;340.359,00;0,00;17.339,00;1,00;0,00;0,00;0,00;0,00;0,00;417.021,30;89.663.055,00;39.239,00;42.282,90;;4.280,00;95.250,00;37.259,00;49.566,00;71.352,00;204.099,45;0,00;0,00;0,00;204.099,45;275.451,45;1.776.145,72;26.125.421,35;;;;;;;;;;;;;;;;;;;;;;;;;;;;;;;;;;;;
15/02/2025;5.913,14;1.431,29;5.911,57;1.431,70;1.305,07;714,51;9.545,45;12.457.480,43;1.718,18;16.302,23;3.878,29;9.545,45;155.612.149,99;11.540,45;6.217.592,86;2.456.283,89;1,00;6.217.592,86;134.389,10;132.670,92;144.211,37;137.719,00;6.492,37;26.320.582,00;9.324,00;93.338,00;82,00;415.423,00;172,00;12.542.152,00;7.989,00;34.842.920,00;22.560,00;24.809.232,00;14.382,00;224.708,00;122,00;763.325,00;640,00;6.086.749,00;3.248,00;477.246,00;4.768,00;298.614,00;232,00;;;1.225.116,00;27.851,00;822.664,00;15.988,00;1.360.512,00;23.567,00;6.637,00;128,00;49.601,00;1.243,00;23.722.328,00;11.290,00;3.472.550,00;3.757,00;83.359,00;35,00;3.800.903,00;1.647,00;496.349,00;186,00;163.402,00;103,00;29.557,63;610,63;11.096.888,00;4.201,00;264.736,00;153,00;4.048,00;10.767.252,00;4.036,00;5.211.410,00;525,00;3.887.789,00;3.282,00;5.152.392,00;2.897,00;3.674.633,00;1.101,00;333.024,00;189,00;959.829,00;117,00;791.264,00;1.066,00;316.679,00;488,00;4.441.249,00;1.453,00;80.892,00;1.420,00;5.264.305,00;1.825,00;792.824,00;277,00;405.541,00;173,00;97.122,00;470,00;0,00;0,00;14.104,00;285,00;3.679.383,00;1.689,00;1.424.829,00;1.157,00;28.559,00;670,00;20.185,00;67.638,00;8.772,60;1.082,00;3.757,00;62.961,77;3.467,50;59.494,27;405.339,44;25.755,91;60.155,61;4.013,52;66.680,75;1.877,48;29.787.988,15;7.043,13;109,82;62,74;1,14;0,53;7,33;9,00;51,00;0,00;0,00;28,32;7.562,72;4.199,53;;21.776,40;51,50;;714.224,00;42,67;;589.598,00;40.062,00;94%;30,85;72%;1.817.909,00;4.703,00;6.463.535,00;376,00;4.666.304,00;0,00;5.159.464,00;1.223,00;0,00;0,00;0,00;0,00;340.359,00;0,00;17.339,00;0,00;0,00;0,00;0,00;0,00;0,00;417.021,30;89.701.886,00;38.831,00;42.293,00;;4.280,00;95.299,00;37.259,00;49.566,00;72.666,00;214.179,36;0,00;0,00;0,00;214.179,36;286.845,36;1.804.509,65;27.929.931,00;;;;;;;;;;;;;;;;;;;;;;;;;;;;;;;;;;;;
16/02/2025;5.914,10;1.431,29;5.912,53;1.431,70;1.305,38;714,89;9.545,45;12.460.439,52;2.959,09;16.303,18;3.878,29;9.545,45;155.621.151,35;9.001,36;6.352.826,00;2.499.075,86;1,00;6.352.826,00;135.233,14;132.274,05;141.275,41;133.281,00;7.994,41;26.330.324,00;9.742,00;93.411,00;73,00;415.601,00;178,00;12.549.884,00;7.732,00;34.865.328,00;22.408,00;24.820.202,00;10.970,00;224.832,00;124,00;763.958,00;633,00;6.089.869,00;3.120,00;481.665,00;4.419,00;298.943,00;329,00;;;1.252.888,00;27.772,00;837.294,00;14.630,00;1.383.968,00;23.456,00;6.763,00;126,00;50.706,00;1.105,00;23.734.480,00;12.152,00;3.476.049,00;3.499,00;83.395,00;36,00;3.802.342,00;1.439,00;496.359,00;10,00;163.413,00;11,00;30.172,09;614,46;11.100.981,00;4.093,00;264.737,00;1,00;4.092,00;10.771.055,00;3.803,00;5.214.374,00;2.964,00;3.888.681,00;892,00;5.155.077,00;2.685,00;3.675.488,00;855,00;333.213,00;189,00;959.946,00;117,00;792.317,00;1.053,00;317.133,00;454,00;4.442.355,00;1.106,00;82.739,00;1.847,00;5.265.789,00;1.484,00;793.091,00;267,00;405.772,00;231,00;97.533,00;411,00;0,00;0,00;14.379,00;275,00;3.681.089,00;1.706,00;1.426.027,00;1.198,00;29.106,00;547,00;18.719,00;66.187,00;8.308,00;655,00;3.499,00;62.626,41;3.247,50;59.378,91;431.607,34;26.267,90;64.011,32;3.855,71;71.432,13;4.751,38;29.795.170,42;7.182,27;101,82;132,56;1,10;1,35;7,47;9,92;51,29;0,00;0,00;22,36;7.471,60;3.257,26;;21.832,00;55,60;;761.504,00;47,28;;632.000,00;42.402,00;90%;31,32;66%;1.820.507,00;2.598,00;6.463.914,00;379,00;4.667.608,00;1.304,00;5.161.139,00;1.675,00;0,00;0,00;0,00;0,00;340.359,00;0,00;17.339,00;0,00;0,00;0,00;0,00;0,00;0,00;417.021,30;89.740.874,00;38.988,00;42.303,20;;4.280,00;95.371,30;37.259,89;49.566,00;67.388,40;213.764,08;0,00;0,00;0,00;213.764,08;281.152,48;1.409.560,40;29.339.491,40;;;;;;;;;;;;;;;;;;;;;;;;;;;;;;;;;;;;
17/02/2025;5.915,74;1.431,29;5.914,16;1.431,70;1.305,49;715,29;9.545,45;12.461.489,52;1.050,00;16.304,80;3.878,29;9.545,45;155.636.681,80;15.530,45;6.486.909,03;2.551.985,64;1,00;6.486.909,03;134.083,03;133.033,03;148.563,48;141.203,00;7.360,48;26.340.870,00;10.546,00;93.498,00;87,00;415.805,00;204,00;12.557.700,00;7.816,00;34.887.872,00;22.544,00;24.834.392,00;14.190,00;224.955,00;123,00;764.588,00;630,00;6.092.655,00;2.786,00;487.383,00;5.718,00;300.429,00;1.486,00;;;1.279.866,00;26.978,00;852.862,00;15.568,00;1.410.045,00;26.077,00;6.894,00;131,00;51.756,00;1.050,00;23.746.246,00;11.766,00;3.478.762,00;2.713,00;83.429,00;34,00;3.804.128,00;1.786,00;496.557,00;198,00;163.558,00;145,00;30.846,80;674,71;11.104.810,00;3.829,00;265.007,00;270,00;3.559,00;10.774.561,00;3.506,00;5.217.604,00;3.230,00;3.892.526,00;3.845,00;5.157.386,00;2.309,00;3.676.462,00;974,00;333.372,00;159,00;960.084,00;138,00;793.298,00;981,00;317.888,00;755,00;4.443.549,00;1.194,00;84.684,00;1.945,00;5.267.521,00;1.732,00;793.460,00;369,00;406.032,00;260,00;97.908,00;375,00;0,00;0,00;14.677,00;298,00;3.682.840,00;1.751,00;1.427.164,00;1.137,00;29.867,00;761,00;22.761,00;70.109,00;8.479,60;1.243,00;2.713,00;66.018,88;3.703,00;62.315,88;458.508,66;26.901,32;68.487,21;4.475,89;77.249,38;5.817,25;29.802.971,53;7.801,11;108,44;166,36;1,27;1,65;7,65;10,58;50,53;0,00;0,00;36,38;7.595,59;5.468,58;;21.880,40;48,40;;824.656,00;63,15;;685.738,00;53.738,00;85%;40,91;65%;1.825.342,00;4.835,00;6.464.567,00;653,00;4.668.110,00;502,00;5.162.270,00;1.131,00;0,00;0,00;0,00;0,00;340.359,00;0,00;17.339,00;0,00;0,00;0,00;0,00;0,00;0,00;417.021,30;89.781.441,00;40.567,00;42.313,70;;4.280,00;95.436,20;37.275,00;49.566,00;81.939,60;224.337,16;0,00;0,00;0,00;224.337,16;306.276,76;1.722.085,08;31.061.576,48;;;;;;;;;;;;;;;;;;;;;;;;;;;;;;;;;;;;
18/02/2025;5.919,16;1.431,29;5.917,58;1.431,70;1.305,49;715,62;9.545,45;12.461.489,52;0,00;16.308,22;3.878,29;9.545,45;155.669.317,69;32.635,89;6.621.347,54;2.613.526,37;1,00;6.621.347,54;134.438,51;134.438,51;167.074,40;157.346,00;9.728,40;26.350.902,00;10.032,00;93.593,00;95,00;416.004,00;199,00;12.566.234,00;8.534,00;34.910.472,00;22.600,00;24.850.562,00;16.170,00;225.077,00;122,00;765.201,00;613,00;6.097.083,00;4.428,00;499.732,00;12.349,00;308.871,00;8.442,00;;;1.307.857,00;27.991,00;873.355,00;20.493,00;1.435.802,00;25.757,00;7.030,00;136,00;52.888,00;1.132,00;23.759.666,00;13.420,00;3.482.412,00;3.650,00;83.466,00;37,00;3.806.104,00;1.976,00;496.927,00;370,00;163.693,00;135,00;31.511,27;664,47;11.109.472,00;4.662,00;265.181,00;174,00;4.488,00;10.778.943,00;4.382,00;5.220.459,00;2.855,00;3.895.343,00;2.817,00;5.161.251,00;3.865,00;3.677.418,00;956,00;333.570,00;198,00;960.950,00;866,00;794.841,00;1.543,00;318.543,00;655,00;4.444.900,00;1.351,00;86.382,00;1.698,00;5.269.386,00;1.865,00;793.818,00;358,00;406.329,00;297,00;98.327,00;419,00;0,00;0,00;14.983,00;306,00;3.684.558,00;1.718,00;1.428.201,00;1.037,00;30.571,00;704,00;27.031,29;82.683,00;9.154,20;1.292,00;3.650,00;70.295,20;3.716,00;66.579,20;485.726,34;27.217,68;74.065,42;5.578,21;86.281,52;9.032,14;29.810.503,68;7.532,15;133,63;291,45;1,59;2,57;7,74;11,90;55,63;0,00;0,00;34,71;8.239,62;5.141,06;;21.979,80;99,40;;897.296,00;72,64;;738.836,00;53.098,00;73%;43,98;61%;1.830.410,00;5.068,00;6.465.140,00;573,00;4.668.155,00;45,00;5.162.913,00;643,00;0,00;0,00;0,00;0,00;340.359,00;0,00;17.340,00;1,00;0,00;0,00;0,00;0,00;0,00;417.021,30;89.818.853,00;37.412,00;42.323,40;;4.280,00;95.537,00;37.294,90;49.566,00;97.312,64;239.685,13;0,00;0,00;0,00;239.685,13;336.997,78;2.458.348,25;33.519.924,73;;;;;;;;;;;;;;;;;;;;;;;;;;;;;;;;;;;;
19/02/2025;5.920,39;1.431,29;5.918,81;1.431,70;1.305,62;716,07;9.545,45;12.462.730,43;1.240,91;16.309,44;3.878,29;9.545,45;155.680.896,32;11.578,63;6.754.448,51;2.666.092,45;1,00;6.754.448,51;133.100,97;131.860,06;143.438,69;137.104,00;6.334,69;26.358.056,00;7.154,00;93.686,00;93,00;416.216,00;212,00;12.574.221,00;7.987,00;34.933.092,00;22.620,00;24.864.394,00;13.832,00;225.200,00;123,00;765.816,00;615,00;6.101.819,00;4.736,00;513.112,00;13.380,00;318.758,00;9.887,00;;;1.335.777,00;27.920,00;887.556,00;14.201,00;1.454.028,00;18.226,00;7.168,00;138,00;53.971,00;1.083,00;23.771.450,00;11.784,00;3.486.580,00;4.168,00;83.502,00;36,00;3.808.089,00;1.985,00;497.365,00;438,00;163.820,00;127,00;32.178,79;667,52;11.113.230,00;3.758,00;265.477,00;296,00;3.462,00;10.781.301,00;2.358,00;5.223.327,00;2.868,00;3.897.304,00;1.961,00;5.165.373,00;4.122,00;3.678.446,00;1.028,00;333.817,00;247,00;961.071,00;121,00;795.861,00;1.020,00;319.028,00;485,00;4.445.866,00;966,00;87.714,00;1.332,00;5.271.010,00;1.624,00;794.156,00;338,00;406.659,00;330,00;98.741,00;414,00;0,00;0,00;15.307,00;324,00;3.686.229,00;1.671,00;1.429.199,00;998,00;31.257,00;686,00;19.417,94;70.234,00;8.552,80;1.476,00;4.168,00;59.007,89;3.673,50;55.334,39;503.807,70;18.081,36;76.162,58;2.097,16;97.151,28;10.869,76;29.815.504,62;5.000,94;55,73;281,20;0,60;3,09;5,14;8,83;51,14;0,00;0,00;30,62;7.730,21;4.628,45;;22.054,20;74,40;;966.352,00;69,06;;789.236,00;50.400,00;73%;51,94;75%;1.833.538,00;3.128,00;6.466.055,00;915,00;4.668.248,00;93,00;5.164.273,00;1.360,00;0,00;0,00;0,00;0,00;340.359,00;0,00;17.340,00;0,00;0,00;0,00;0,00;0,00;0,00;417.021,30;89.858.050,00;39.197,00;42.333,80;;4.280,00;95.615,30;37.310,20;49.566,00;69.904,58;199.203,81;0,00;0,00;0,00;199.203,81;269.108,40;1.567.677,14;35.087.601,87;;;;;;;;;;;;;;;;;;;;;;;;;;;;;;;;;;;;
20/02/2025;5.922,72;1.431,29;5.921,14;1.431,70;1.305,91;716,53;9.545,45;12.465.498,61;2.768,18;16.311,76;3.878,29;9.545,45;155.703.127,67;22.231,35;6.889.304,65;2.724.107,48;1,00;6.889.304,65;134.856,14;132.087,96;154.319,31;145.057,00;9.262,31;26.366.564,00;8.508,00;93.775,00;89,00;416.431,00;215,00;12.581.817,00;7.596,00;34.953.928,00;20.836,00;24.875.714,00;11.320,00;225.319,00;119,00;766.461,00;645,00;6.104.518,00;2.699,00;526.087,00;12.975,00;328.644,00;9.886,00;;;1.364.247,00;28.470,00;901.628,00;14.072,00;1.483.948,00;29.920,00;7.317,00;149,00;54.799,00;828,00;23.782.810,00;11.360,00;3.491.020,00;4.440,00;83.538,00;36,00;3.809.926,00;1.837,00;497.794,00;429,00;163.920,00;100,00;32.845,95;667,16;11.117.126,00;3.896,00;265.482,00;5,00;3.891,00;10.784.534,00;3.233,00;5.224.760,00;1.433,00;3.897.905,00;601,00;5.167.657,00;2.284,00;3.679.337,00;891,00;334.616,00;799,00;961.191,00;120,00;796.884,00;1.023,00;319.708,00;680,00;4.446.942,00;1.076,00;89.309,00;1.595,00;5.272.556,00;1.546,00;794.486,00;330,00;406.881,00;222,00;99.033,00;292,00;0,00;0,00;15.624,00;317,00;3.687.767,00;1.538,00;1.430.073,00;874,00;31.974,00;717,00;16.724,03;82.348,00;6.329,10;1.179,00;4.440,00;60.023,21;3.490,50;56.532,71;525.555,00;21.747,30;78.180,52;2.017,94;103.480,22;6.328,94;29.821.618,05;6.113,43;56,12;210,76;0,57;1,80;6,19;8,56;48,90;0,00;0,00;28,37;7.310,77;4.241,44;;22.102,90;48,70;;1.016.770,00;50,42;;840.022,00;50.786,00;101%;36,57;73%;1.838.125,00;4.587,00;6.466.796,00;741,00;4.668.362,00;114,00;5.166.143,00;1.870,00;0,00;0,00;0,00;0,00;340.359,00;0,00;17.341,00;1,00;0,00;0,00;0,00;0,00;0,00;417.021,30;89.897.062,00;39.012,00;42.344,00;;4.280,00;95.713,30;37.327,75;49.566,00;60.206,51;203.517,77;0,00;0,00;0,00;203.517,77;263.724,27;1.200.728,40;36.288.330,27;;;;;;;;;;;;;;;;;;;;;;;;;;;;;;;;;;;;
21/02/2025;5.925,39;1.431,29;5.923,81;1.431,70;1.305,91;716,88;9.545,45;12.465.498,61;0,00;16.314,43;3.878,29;9.545,45;155.728.594,93;25.467,26;7.024.342,85;2.782.985,22;1,00;7.024.342,85;135.038,20;135.038,20;160.505,46;152.228,00;8.277,46;26.377.788,00;11.224,00;93.858,00;83,00;416.604,00;173,00;12.589.566,00;7.749,00;34.967.192,00;13.264,00;24.890.668,00;14.954,00;225.360,00;41,00;767.106,00;645,00;6.107.691,00;3.173,00;537.849,00;11.762,00;336.691,00;8.047,00;;;1.393.240,00;28.993,00;922.006,00;20.378,00;1.514.784,00;30.836,00;7.466,00;149,00;55.860,00;1.061,00;23.795.878,00;13.068,00;3.495.370,00;4.350,00;83.573,00;35,00;3.811.942,00;2.016,00;498.184,00;390,00;164.030,00;110,00;33.526,92;680,97;11.121.991,00;4.865,00;265.716,00;234,00;4.631,00;10.788.368,00;3.834,00;5.226.641,00;1.881,00;3.901.775,00;3.870,00;5.170.585,00;2.928,00;3.680.224,00;887,00;334.765,00;149,00;961.286,00;95,00;798.219,00;1.335,00;320.363,00;655,00;4.448.543,00;1.601,00;91.199,00;1.890,00;5.274.409,00;1.853,00;794.813,00;327,00;406.987,00;106,00;99.454,00;421,00;0,00;0,00;15.932,00;308,00;3.689.296,00;1.529,00;1.430.944,00;871,00;32.750,00;776,00;14.844,08;88.254,00;-1.150,10;1.379,00;4.350,00;67.672,56;3.621,00;64.051,56;557.825,10;32.270,10;83.591,01;5.410,49;103.480,22;0,00;29.830.242,72;8.624,67;159,49;0,93;1,54;0,00;9,18;10,72;48,44;0,00;0,00;34,02;7.531,43;5.289,41;;22.163,10;60,20;;1.059.580,00;42,81;;891.302,00;51.280,00;120%;32,14;75%;1.843.207,00;5.082,00;6.468.171,00;1.375,00;4.668.469,00;107,00;5.167.578,00;1.435,00;0,00;0,00;0,00;0,00;340.359,00;0,00;17.341,00;0,00;0,00;0,00;0,00;0,00;0,00;417.021,30;89.936.638,00;39.576,00;42.354,30;;4.280,00;95.784,00;37.345,53;49.566,00;53.438,69;230.585,62;0,00;0,00;0,00;230.585,62;284.024,31;2.379.590,37;38.667.920,64;;;;;;;;;;;;;;;;;;;;;;;;;;;;;;;;;;;;
22/02/2025;5.926,86;1.431,29;5.925,27;1.431,70;1.306,17;717,22;9.545,45;12.467.980,43;2.481,82;16.315,88;3.878,29;9.545,45;155.742.426,29;13.831,36;7.157.626,57;2.835.500,37;1,00;7.157.626,57;133.283,72;130.801,90;144.633,26;137.782,00;6.851,26;26.387.192,00;9.404,00;93.934,00;76,00;416.759,00;155,00;12.597.187,00;7.621,00;34.987.396,00;20.204,00;24.904.078,00;13.410,00;225.404,00;44,00;767.750,00;644,00;6.110.295,00;2.604,00;542.380,00;4.531,00;336.890,00;199,00;;;1.419.564,00;26.324,00;940.181,00;18.175,00;1.539.645,00;24.861,00;7.602,00;136,00;57.134,00;1.274,00;23.809.130,00;13.252,00;3.499.645,00;4.275,00;83.609,00;36,00;3.813.779,00;1.837,00;498.502,00;318,00;164.054,00;24,00;34.132,69;605,77;11.125.929,00;3.938,00;266.028,00;312,00;3.626,00;10.792.668,00;4.300,00;5.229.464,00;2.823,00;3.904.803,00;3.028,00;5.173.009,00;2.424,00;3.681.132,00;908,00;334.909,00;144,00;961.378,00;92,00;799.288,00;1.069,00;320.997,00;634,00;4.450.151,00;1.608,00;92.597,00;1.398,00;5.276.053,00;1.644,00;795.126,00;313,00;407.051,00;64,00;100.022,00;568,00;0,00;0,00;16.225,00;293,00;3.690.901,00;1.605,00;1.431.996,00;1.052,00;33.303,00;553,00;24.788,00;69.559,00;5.619,60;1.298,00;4.275,00;63.881,66;3.369,50;60.512,16;586.379,50;28.554,40;88.090,24;4.499,23;103.480,22;0,00;29.837.570,22;7.327,50;120,82;0,90;1,28;0,00;8,12;9,40;46,34;0,00;0,00;33,80;7.409,52;5.404,44;;22.205,40;42,30;;1.090.380,00;30,80;;926.734,00;35.432,00;115%;22,35;73%;1.848.000,00;4.793,00;6.468.554,00;383,00;4.670.217,00;1.748,00;5.168.686,00;1.108,00;0,00;0,00;0,00;0,00;340.359,00;0,00;17.341,00;0,00;0,00;0,00;0,00;0,00;0,00;417.021,30;89.975.970,00;39.332,00;42.365,50;;4.280,00;95.840,90;37.358,82;49.566,00;89.236,80;217.843,78;0,00;0,00;0,00;217.843,78;307.080,58;1.923.345,92;40.591.266,56;;;;;;;;;;;;;;;;;;;;;;;;;;;;;;;;;;;;
23/02/2025;5.927,28;1.431,29;5.925,70;1.431,70;1.306,67;717,96;9.545,45;12.472.753,15;4.772,72;16.316,28;3.878,29;9.545,45;155.746.234,93;3.808,63;7.292.651,01;2.885.038,96;1,00;7.292.651,01;135.024,44;130.251,72;134.060,35;125.357,00;8.703,35;26.395.036,00;7.844,00;94.012,00;78,00;416.913,00;154,00;12.603.951,00;6.764,00;35.009.796,00;22.400,00;24.912.124,00;8.046,00;225.537,00;133,00;768.392,00;642,00;6.110.529,00;234,00;546.106,00;3.726,00;336.985,00;95,00;;;1.446.706,00;27.142,00;954.446,00;14.265,00;1.562.361,00;22.716,00;7.741,00;139,00;58.213,00;1.079,00;23.821.584,00;12.454,00;3.503.991,00;4.346,00;83.660,00;51,00;3.815.157,00;1.378,00;498.511,00;9,00;164.065,00;11,00;34.757,58;624,89;11.129.971,00;4.042,00;266.030,00;2,00;4.040,00;10.796.343,00;3.675,00;5.232.465,00;3.001,00;3.904.995,00;192,00;5.173.153,00;144,00;3.682.049,00;917,00;335.050,00;141,00;961.469,00;91,00;800.543,00;1.255,00;321.330,00;333,00;4.451.686,00;1.535,00;93.940,00;1.343,00;5.277.425,00;1.372,00;795.449,00;323,00;407.065,00;14,00;100.433,00;411,00;0,00;0,00;16.500,00;275,00;3.692.212,00;1.311,00;1.432.805,00;809,00;33.737,00;434,00;18.357,00;64.218,00;6.918,50;664,00;4.346,00;57.913,85;2.709,00;55.204,85;608.291,40;21.911,90;92.154,16;4.063,92;103.480,22;0,00;29.843.451,01;5.880,79;106,24;0,80;1,16;0,00;6,23;7,39;39,30;0,00;0,00;25,16;6.639,62;4.250,71;;22.245,50;40,10;;1.119.630,00;29,25;;957.980,00;31.246,00;107%;20,48;70%;1.852.662,00;4.662,00;6.469.079,00;525,00;4.670.289,00;72,00;5.170.426,00;1.740,00;0,00;0,00;0,00;0,00;340.359,00;0,00;17.341,00;0,00;0,00;0,00;0,00;0,00;0,00;417.021,30;90.014.860,00;38.890,00;42.374,80;;4.280,00;95.900,22;37.367,12;49.566,00;66.085,20;198.737,46;0,00;0,00;0,00;198.737,46;264.822,66;1.350.497,98;41.941.764,54;;;;;;;;;;;;;;;;;;;;;;;;;;;;;;;;;;;;
24/02/2025;5.928,88;1.431,29;5.927,30;1.431,70;1.306,75;718,47;9.545,45;12.473.516,79;763,64;16.317,87;3.878,29;9.545,45;155.761.431,28;15.196,36;7.426.127,52;2.939.676,15;1,00;7.426.127,52;133.476,51;132.712,87;147.909,23;140.326,00;7.583,23;26.404.088,00;9.052,00;94.105,00;93,00;417.123,00;210,00;12.611.797,00;7.846,00;35.032.376,00;22.580,00;24.923.172,00;11.048,00;225.673,00;136,00;769.054,00;662,00;6.113.463,00;2.934,00;549.785,00;3.679,00;337.086,00;101,00;;;1.474.748,00;28.042,00;970.734,00;16.288,00;1.591.470,00;29.109,00;7.875,00;134,00;58.957,00;744,00;23.834.266,00;12.682,00;3.508.356,00;4.365,00;83.710,00;50,00;3.817.030,00;1.873,00;498.921,00;410,00;164.180,00;115,00;35.430,45;672,87;11.134.081,00;4.110,00;266.032,00;2,00;4.108,00;10.800.219,00;3.876,00;5.235.506,00;3.041,00;3.905.713,00;718,00;5.175.625,00;2.472,00;3.683.010,00;961,00;335.189,00;139,00;961.604,00;135,00;801.802,00;1.259,00;321.776,00;446,00;4.452.781,00;1.095,00;95.350,00;1.410,00;5.279.050,00;1.625,00;795.786,00;337,00;407.309,00;244,00;100.613,00;180,00;0,00;0,00;16.803,00;303,00;3.693.550,00;1.338,00;1.433.523,00;718,00;34.361,00;624,00;20.345,46;73.540,00;8.113,20;1.189,00;4.365,00;60.702,03;3.201,50;57.500,53;633.261,30;24.969,90;97.494,98;5.340,82;110.064,52;6.584,30;29.850.227,77;6.776,76;130,99;178,42;1,52;1,87;7,10;10,49;49,49;0,00;0,00;31,59;7.471,63;4.769,22;;22.312,80;67,30;;1.178.740,00;59,11;;1.004.480,00;46.500,00;79%;47,11;80%;1.857.119,00;4.457,00;6.469.376,00;297,00;4.670.634,00;345,00;5.171.054,00;628,00;0,00;0,00;0,00;0,00;340.359,00;0,00;17.341,00;0,00;0,00;0,00;0,00;0,00;0,00;417.021,30;90.053.888,00;39.028,00;42.385,10;;4.280,00;95.987,70;37.377,80;49.566,00;73.243,66;207.001,91;0,00;0,00;0,00;207.001,91;280.245,57;1.580.556,28;43.522.320,82;;;;;;;;;;;;;;;;;;;;;;;;;;;;;;;;;;;;
25/02/2025;5.932,04;1.431,29;5.930,46;1.431,70;1.306,77;718,95;9.545,45;12.473.707,70;190,91;16.321,03;3.878,29;9.545,45;155.791.566,27;30.134,99;7.560.353,24;3.000.560,30;1,00;7.560.353,24;134.225,72;134.034,81;164.169,80;155.033,00;9.136,80;26.414.834,00;10.746,00;94.206,00;101,00;417.308,00;185,00;12.620.469,00;8.672,00;35.055.008,00;22.632,00;24.938.546,00;15.374,00;225.805,00;132,00;769.715,00;661,00;6.117.845,00;4.382,00;554.079,00;4.294,00;337.179,00;93,00;;;1.502.970,00;28.222,00;990.218,00;19.484,00;1.623.903,00;32.433,00;8.030,00;155,00;60.142,00;1.185,00;23.847.442,00;13.176,00;3.512.456,00;4.100,00;83.761,00;51,00;3.818.934,00;1.904,00;499.313,00;392,00;164.243,00;63,00;36.103,07;672,62;11.138.440,00;4.359,00;266.264,00;232,00;4.127,00;10.804.099,00;3.880,00;5.238.742,00;3.236,00;3.909.115,00;3.402,00;5.179.461,00;3.836,00;3.683.974,00;964,00;335.357,00;168,00;961.963,00;359,00;803.022,00;1.220,00;322.305,00;529,00;4.453.762,00;981,00;97.208,00;1.858,00;5.280.860,00;1.810,00;796.144,00;358,00;407.597,00;288,00;100.995,00;382,00;0,00;0,00;17.106,00;303,00;3.694.919,00;1.369,00;1.434.261,00;738,00;34.883,00;522,00;26.275,39;80.232,00;8.915,70;1.348,00;4.100,00;69.574,10;3.146,00;66.428,10;662.316,00;29.054,70;101.567,34;4.072,36;117.112,98;7.048,46;29.858.352,82;8.125,05;96,35;271,66;1,16;2,00;8,26;11,43;54,28;0,00;0,00;34,06;8.472,77;5.316,55;;22.388,30;75,50;;1.249.470,00;70,73;;1.057.380,00;52.900,00;75%;47,96;68%;1.860.953,00;3.834,00;6.469.376,00;0,00;4.670.634,00;0,00;5.172.803,00;1.749,00;0,00;0,00;0,00;0,00;340.359,00;0,00;17.341,00;0,00;0,00;0,00;0,00;0,00;0,00;417.021,30;90.092.810,00;38.922,00;42.395,30;;4.280,00;96.062,20;37.389,90;49.566,00;94.591,40;239.141,15;0,00;0,00;0,00;239.141,15;333.732,55;2.026.806,73;45.549.127,55;;;;;;;;;;;;;;;;;;;;;;;;;;;;;;;;;;;;
26/02/2025;5.934,29;1.431,29;5.932,71;1.431,70;1.306,85;719,47;9.545,45;12.474.471,33;763,64;16.323,26;3.878,29;9.545,45;155.812.890,80;21.324,54;7.689.501,00;3.055.488,00;1,00;7.689.501,00;129.147,76;128.384,12;149.708,66;145.493,00;4.215,66;26.426.432,00;11.598,00;94.295,00;89,00;417.518,00;210,00;12.629.250,00;8.781,00;35.077.656,00;22.648,00;24.953.750,00;15.204,00;225.935,00;130,00;770.451,00;736,00;6.121.439,00;3.594,00;558.009,00;3.930,00;337.276,00;97,00;;;1.522.028,00;19.058,00;1.009.550,00;19.332,00;1.656.153,00;32.250,00;8.176,00;146,00;61.131,00;989,00;23.860.134,00;12.692,00;3.516.766,00;4.310,00;83.812,00;51,00;3.820.809,00;1.875,00;499.682,00;369,00;164.439,00;196,00;36.773,00;669,93;11.142.227,00;3.787,00;266.267,00;3,00;3.784,00;10.807.806,00;3.707,00;5.241.605,00;2.863,00;3.912.755,00;3.640,00;5.182.650,00;3.189,00;3.685.064,00;1.090,00;335.501,00;144,00;962.059,00;96,00;804.326,00;1.304,00;322.927,00;622,00;4.454.935,00;1.173,00;99.066,00;1.858,00;5.282.563,00;1.703,00;796.517,00;373,00;407.803,00;206,00;101.402,00;407,00;0,00;0,00;17.416,00;310,00;3.696.198,00;1.279,00;1.434.887,00;626,00;35.532,00;649,00;26.685,00;70.737,00;8.972,90;1.304,00;4.310,00;64.384,76;3.175,50;61.209,26;695.336,56;33.020,56;107.472,00;5.904,66;119.495,25;2.382,27;29.867.274,45;8.921,63;136,56;96,93;1,68;0,68;9,39;11,75;55,49;0,00;0,00;34,73;8.445,96;5.286,15;;22.456,10;67,80;;1.310.336,00;60,87;;1.116.274,00;58.894,00;97%;42,35;70%;1.862.099,00;1.146,00;6.471.325,00;1.949,00;4.671.275,00;641,00;5.173.754,00;951,00;0,00;0,00;0,00;0,00;340.359,00;0,00;17.341,00;0,00;0,00;0,00;0,00;0,00;0,00;417.021,30;90.132.022,00;39.212,00;42.405,70;;4.280,00;96.138,00;37.403,00;49.566,00;96.066,00;220.353,33;0,00;0,00;0,00;220.353,33;316.419,33;2.197.063,00;47.746.190,55;;;;;;;;;;;;;;;;;;;;;;;;;;;;;;;;;;;;
27/02/2025;5.934,55;1.431,30;5.933,08;1.431,70;1.307,28;720,03;9.545,45;12.478.575,88;4.104,54;16.323,48;3.878,29;9.545,45;155.814.990,80;2.100,00;7.824.857,93;3.102.662,30;1,00;7.824.857,93;135.356,93;131.252,39;133.352,39;124.311,00;9.041,39;26.433.994,00;7.562,00;94.384,00;89,00;417.704,00;186,00;12.637.050,00;7.800,00;35.100.404,00;22.748,00;24.965.256,00;11.506,00;226.063,00;128,00;771.156,00;705,00;6.124.795,00;3.356,00;561.939,00;3.930,00;337.375,00;99,00;;;1.539.674,00;17.646,00;1.021.745,00;12.195,00;1.685.527,00;29.374,00;8.307,00;131,00;62.157,00;1.026,00;23.871.684,00;11.550,00;3.520.965,00;4.199,00;83.866,00;54,00;3.822.629,00;1.820,00;500.052,00;370,00;164.506,00;67,00;37.540,35;767,35;11.146.797,00;4.570,00;266.470,00;203,00;4.367,00;10.809.349,00;1.543,00;5.244.145,00;2.540,00;3.913.592,00;837,00;5.185.774,00;3.124,00;3.686.336,00;1.272,00;335.650,00;149,00;962.152,00;93,00;805.426,00;1.100,00;323.358,00;431,00;4.455.723,00;788,00;100.688,00;1.622,00;5.284.270,00;1.707,00;796.877,00;360,00;407.897,00;94,00;101.828,00;426,00;0,00;0,00;17.722,00;306,00;3.697.449,00;1.251,00;1.435.500,00;613,00;36.269,00;737,00;15.774,00;59.314,00;8.055,80;1.345,00;4.199,00;60.438,59;3.204,00;57.234,59;714.597,50;19.260,94;110.742,26;3.270,26;119.506,17;10,92;29.872.406,85;5.132,40;84,73;2,06;0,93;0,00;5,48;6,41;45,89;0,00;0,00;26,02;7.509,88;4.258,16;;22.492,20;36,10;;1.335.216,00;24,88;;1.158.777,00;42.503,00;171%;19,15;77%;1.866.612,00;4.513,00;6.471.869,00;544,00;4.671.654,00;379,00;5.174.326,00;572,00;0,00;0,00;0,00;0,00;340.359,00;0,00;17.341,00;0,00;0,00;0,00;0,00;0,00;0,00;417.021,30;90.170.737,00;38.715,00;42.416,00;;4.280,00;96.221,20;37.417,20;49.566,00;56.786,40;206.044,51;0,00;0,00;0,00;206.044,51;262.830,91;1.560.080,75;49.306.271,30;;;;;;;;;;;;;;;;;;;;;;;;;;;;;;;;;;;;
28/02/2025;5.934,89;1.431,40;5.933,31;1.431,81;1.309,20;720,55;9.545,45;12.496.903,14;18.327,26;16.323,83;3.878,40;9.545,45;155.818.255,35;3.264,54;7.951.846,36;3.140.430,53;1,00;7.951.846,36;126.988,43;108.661,17;111.925,71;108.795,00;3.130,71;26.438.464,00;4.470,00;94.471,00;87,00;417.885,00;181,00;12.644.057,00;7.007,00;35.122.232,00;21.828,00;24.975.500,00;10.244,00;226.190,00;127,00;771.846,00;690,00;6.125.389,00;594,00;565.089,00;3.150,00;337.473,00;98,00;;;1.557.311,00;17.637,00;1.030.281,00;8.536,00;1.713.404,00;27.877,00;8.444,00;137,00;62.720,00;563,00;23.879.730,00;8.046,00;3.524.892,00;3.927,00;83.927,00;61,00;3.824.359,00;1.730,00;500.442,00;390,00;164.530,00;24,00;38.132,54;592,19;11.147.505,00;708,00;266.705,00;235,00;473,00;10.811.543,00;2.194,00;5.246.035,00;1.890,00;3.917.096,00;3.504,00;5.186.265,00;491,00;3.687.526,00;1.190,00;335.842,00;192,00;962.244,00;92,00;805.755,00;329,00;324.005,00;647,00;4.455.881,00;158,00;102.350,00;1.662,00;5.285.489,00;1.219,00;797.237,00;360,00;407.918,00;21,00;101.996,00;168,00;0,00;0,00;18.028,00;306,00;3.698.805,00;1.356,00;1.436.162,00;662,00;36.771,00;502,00;14.051,00;54.148,00;6.319,90;1.339,00;3.927,00;46.191,81;3.029,00;43.162,81;717.906,44;3.308,94;110.742,26;0,00;119.506,17;0,00;29.874.553,41;2.146,56;1,50;0,75;0,00;0,00;0,94;0,94;45,30;0,00;0,00;21,81;6.810,59;3.279,01;;22.515,10;22,90;;1.342.976,00;7,76;;1.210.630,00;51.853,00;668%;9,42;121%;1.871.295,00;4.683,00;6.472.729,00;860,00;4.671.677,00;23,00;5.174.330,00;4,00;0,00;0,00;0,00;0,00;340.359,00;0,00;17.341,00;0,00;0,00;0,00;0,00;0,00;0,00;417.021,30;90.209.012,00;38.275,00;42.426,00;;4.280,00;96.296,00;37.432,00;49.566,00;50.583,60;155.386,12;0,00;0,00;0,00;155.386,12;205.969,72;961.960,00;50.268.231,30;;;;;;;;;;;;;;;;;;;;;;;;;;;;;;;;;;;;
01/03/2025;5.935,16;1.431,42;5.933,58;1.431,82;1.310,27;721,02;9.545,45;12.507.116,77;10.213,63;16.324,08;3.878,42;9.545,45;155.820.727,62;2.472,27;8.086.526,64;3.185.023,59;1,00;8.086.526,64;134.680,28;124.466,65;126.938,92;117.884,00;9.054,92;26.446.694,00;8.230,00;94.543,00;72,00;418.082,00;197,00;12.651.897,00;7.840,00;35.144.348,00;22.116,00;24.986.268,00;10.768,00;226.316,00;126,00;772.501,00;655,00;6.125.635,00;246,00;568.914,00;3.825,00;337.584,00;111,00;;;1.574.631,00;17.320,00;1.044.787,00;14.506,00;1.735.527,00;22.123,00;8.589,00;145,00;63.684,00;964,00;23.890.886,00;11.156,00;3.528.941,00;4.049,00;83.978,00;51,00;3.826.123,00;1.764,00;500.765,00;323,00;164.669,00;139,00;38.781,39;648,85;11.150.113,00;2.608,00;266.850,00;145,00;2.463,00;10.815.214,00;3.671,00;5.248.252,00;2.217,00;3.920.388,00;3.292,00;5.186.427,00;162,00;3.688.726,00;1.200,00;336.033,00;191,00;962.336,00;92,00;806.648,00;893,00;324.638,00;633,00;4.456.724,00;843,00;103.727,00;1.377,00;5.287.076,00;1.587,00;797.602,00;365,00;407.927,00;9,00;102.395,00;399,00;0,00;0,00;18.337,00;309,00;3.700.099,00;1.294,00;1.436.845,00;683,00;37.384,00;613,00;20.184,00;62.076,00;7.404,90;1.262,00;4.049,00;52.147,02;3.098,00;49.049,02;23.276,00;23.276,00;3.385,58;3.385,58;119.506,17;0,00;29.880.730,01;6.176,60;92,23;0,83;0,96;0,00;6,62;7,58;47,69;0,00;0,00;32,83;7.625,29;5.249,28;;22.551,10;36,00;;27.600,00;27,60;;53.288,00;53.288,00;193%;43,71;158%;1.876.198,00;4.903,00;6.473.646,00;917,00;4.671.782,00;105,00;5.177.895,00;3.565,00;0,00;0,00;0,00;0,00;340.359,00;0,00;17.341,00;0,00;0,00;0,00;0,00;0,00;0,00;417.021,30;90.246.987,00;37.975,00;42.436,00;;4.280,00;96.368,00;37.446,00;49.566,00;72.662,40;176.576,47;0,00;0,00;0,00;176.576,47;249.238,87;1.419.570,76;1.419.570,76;;;;;;;;;;;;;;;;;;;;;;;;;;;;;;;;;;;;
02/03/2025;5.936,08;1.431,42;5.934,50;1.431,82;1.310,48;721,39;9.545,45;12.509.121,32;2.004,54;16.325,00;3.878,42;9.545,45;155.829.423,52;8.695,90;8.220.175,55;3.234.331,58;1,00;8.220.175,55;133.648,91;131.644,37;140.340,27;132.647,00;7.693,27;26.457.688,00;10.994,00;94.620,00;77,00;418.250,00;168,00;12.660.364,00;8.467,00;35.166.900,00;22.552,00;24.998.062,00;11.794,00;226.440,00;124,00;773.132,00;631,00;6.125.859,00;224,00;575.258,00;6.344,00;339.958,00;2.374,00;;;1.591.989,00;17.358,00;1.064.224,00;19.437,00;1.758.802,00;23.275,00;8.740,00;151,00;64.705,00;1.021,00;23.903.312,00;12.426,00;3.533.120,00;4.179,00;84.029,00;51,00;3.827.439,00;1.316,00;500.775,00;10,00;164.680,00;11,00;39.397,81;616,42;11.154.507,00;4.394,00;266.860,00;10,00;4.384,00;10.818.956,00;3.742,00;5.250.987,00;2.735,00;3.923.891,00;3.503,00;5.186.558,00;131,00;3.689.847,00;1.121,00;336.213,00;180,00;962.427,00;91,00;807.920,00;1.272,00;325.165,00;527,00;4.458.258,00;1.534,00;105.089,00;1.362,00;5.288.885,00;1.809,00;797.984,00;382,00;407.944,00;17,00;102.776,00;381,00;0,00;0,00;18.624,00;287,00;3.701.558,00;1.459,00;1.437.764,00;919,00;37.861,00;477,00;26.611,00;62.444,00;8.425,90;662,00;4.179,00;64.629,37;2.881,00;61.748,37;56.396,52;33.120,52;10.316,96;6.931,38;119.506,17;0,00;29.889.686,10;8.956,09;224,53;0,92;1,97;0,00;9,42;11,39;54,44;0,00;0,00;33,94;8.282,29;5.163,50;;22.593,10;42,00;;60.240,00;32,64;;96.496,00;43.208,00;132%;26,98;83%;1.881.101,00;4.903,00;6.473.843,00;197,00;4.671.782,00;0,00;5.180.049,00;2.154,00;0,00;0,00;0,00;0,00;340.359,00;0,00;17.341,00;0,00;0,00;0,00;0,00;0,00;0,00;417.021,30;90.285.936,00;38.949,00;42.446,50;;4.280,00;96.452,00;37.459,55;49.566,00;95.799,60;222.294,13;0,00;0,00;0,00;222.294,13;318.093,73;1.963.450,68;3.383.021,44;;;;;;;;;;;;;;;;;;;;;;;;;;;;;;;;;;;;
03/03/2025;5.938,90;1.431,79;5.937,32;1.432,19;1.310,64;721,76;9.545,45;12.510.648,59;1.527,27;16.327,80;3.878,79;9.545,45;155.856.236,69;26.813,17;8.335.597,75;3.280.590,00;1,00;8.335.597,75;115.422,20;113.894,93;140.708,10;132.841,00;7.867,10;26.468.190,00;10.502,00;94.696,00;76,00;418.443,00;193,00;12.668.570,00;8.206,00;35.186.196,00;19.296,00;25.010.706,00;12.644,00;226.562,00;122,00;773.776,00;644,00;6.127.363,00;1.504,00;587.974,00;12.716,00;349.381,00;9.423,00;;;1.609.541,00;17.552,00;1.081.008,00;16.784,00;1.781.429,00;22.627,00;8.880,00;140,00;65.688,00;983,00;23.915.826,00;12.514,00;3.537.082,00;3.962,00;84.070,00;41,00;3.829.265,00;1.826,00;501.113,00;338,00;164.810,00;130,00;40.088,89;691,08;11.158.524,00;4.017,00;266.868,00;8,00;4.009,00;10.822.521,00;3.565,00;5.253.973,00;2.986,00;3.927.144,00;3.253,00;5.187.728,00;1.170,00;3.690.936,00;1.089,00;336.334,00;121,00;962.539,00;112,00;809.071,00;1.151,00;325.824,00;659,00;4.459.850,00;1.592,00;106.437,00;1.348,00;5.290.466,00;1.581,00;798.328,00;344,00;408.120,00;176,00;103.147,00;371,00;0,00;0,00;18.938,00;314,00;3.703.122,00;1.564,00;1.438.748,00;984,00;38.453,00;592,00;23.187,00;66.386,00;4.851,20;1.120,00;3.962,00;64.388,90;3.383,00;61.005,90;86.157,40;29.760,88;15.759,83;5.442,87;3.630,10;3.630,10;29.898.083,87;8.397,77;143,42;114,09;1,55;1,03;8,46;11,04;50,04;0,00;0,00;30,20;7.930,26;4.786,05;;22.650,80;57,70;;114.496,00;54,26;;152.501,00;56.005,00;103%;37,31;69%;1.886.134,00;5.033,00;6.475.036,00;1.193,00;4.672.797,00;1.015,00;5.181.786,00;1.737,00;0,00;0,00;0,00;0,00;340.359,00;0,00;17.342,00;1,00;0,00;0,00;0,00;0,00;0,00;417.021,30;90.322.082,00;36.146,00;42.467,60;;4.280,00;96.525,00;37.469,00;49.566,00;83.473,20;219.621,23;0,00;0,00;0,00;219.621,23;303.094,43;1.827.503,88;5.210.525,32;;;;;;;;;;;;;;;;;;;;;;;;;;;;;;;;;;;;
04/03/2025;5.940,10;1.431,79;5.938,51;1.432,20;1.310,79;722,24;9.545,45;12.512.080,41;1.431,82;16.328,98;3.878,79;9.545,45;155.867.500,32;11.263,63;8.469.716,33;3.330.664,53;1,00;8.469.716,33;134.118,58;132.686,76;143.950,39;135.790,00;8.160,39;26.479.270,00;11.080,00;94.781,00;85,00;418.649,00;206,00;12.677.161,00;8.591,00;35.200.260,00;14.064,00;25.024.904,00;14.198,00;226.686,00;124,00;774.412,00;636,00;6.130.434,00;3.071,00;601.774,00;13.800,00;359.544,00;10.163,00;;;1.627.748,00;18.207,00;1.099.150,00;18.142,00;1.805.585,00;24.156,00;9.026,00;146,00;66.866,00;1.178,00;23.929.378,00;13.552,00;3.541.736,00;4.654,00;84.105,00;35,00;3.831.227,00;1.962,00;501.565,00;452,00;164.913,00;103,00;40.775,66;686,77;11.162.392,00;3.868,00;266.875,00;7,00;3.861,00;10.826.286,00;3.765,00;5.257.348,00;3.375,00;3.930.696,00;3.552,00;5.190.249,00;2.521,00;3.692.116,00;1.180,00;336.435,00;101,00;962.638,00;99,00;810.183,00;1.112,00;326.548,00;724,00;4.461.208,00;1.358,00;108.194,00;1.757,00;5.292.311,00;1.845,00;798.647,00;319,00;408.430,00;310,00;103.652,00;505,00;0,00;0,00;19.247,00;309,00;3.704.659,00;1.537,00;1.439.638,00;890,00;39.072,00;619,00;25.299,17;70.668,00;-59,50;1.198,00;4.654,00;67.489,89;3.446,00;64.043,89;116.625,99;30.468,59;19.791,97;4.032,14;9.658,68;6.028,58;29.906.540,13;8.456,26;118,60;166,74;1,15;1,71;8,67;11,53;55,03;0,00;0,00;32,70;8.403,02;4.993,25;;22.714,50;63,70;;173.232,00;58,74;;204.433,00;51.932,00;88%;49,30;84%;1.891.464,00;5.330,00;6.475.100,00;64,00;4.673.989,00;1.192,00;5.183.259,00;1.473,00;0,00;0,00;0,00;0,00;340.359,00;0,00;17.342,00;0,00;0,00;0,00;0,00;0,00;0,00;417.021,30;90.361.367,00;39.285,00;42.499,90;;4.280,00;96.591,50;37.483,00;49.566,00;91.077,01;230.558,02;0,00;0,00;0,00;230.558,02;321.635,03;2.097.370,33;7.307.895,65;;;;;;;;;;;;;;;;;;;;;;;;;;;;;;;;;;;;
05/03/2025;5.941,28;1.431,79;5.939,70;1.432,20;1.310,97;722,68;9.545,45;12.513.798,59;1.718,18;16.330,15;3.878,79;9.545,45;155.878.649,41;11.149,09;8.603.756,87;3.381.211,83;1,00;8.603.756,87;134.040,54;132.322,36;143.471,44;134.622,00;8.849,44;26.488.174,00;8.904,00;94.857,00;76,00;418.860,00;211,00;12.685.624,00;8.463,00;35.219.152,00;18.892,00;25.040.436,00;15.532,00;226.808,00;122,00;775.074,00;662,00;6.135.016,00;4.582,00;615.384,00;13.610,00;369.690,00;10.146,00;;;1.645.449,00;17.701,00;1.113.998,00;14.848,00;1.829.571,00;23.986,00;9.192,00;166,00;68.075,00;1.209,00;23.942.064,00;12.686,00;3.546.349,00;4.613,00;84.141,00;36,00;3.833.124,00;1.897,00;501.948,00;383,00;165.029,00;116,00;41.488,62;712,96;11.165.361,00;2.969,00;266.990,00;115,00;2.854,00;10.830.107,00;3.821,00;5.260.337,00;2.989,00;3.933.907,00;3.211,00;5.194.241,00;3.992,00;3.693.321,00;1.205,00;336.538,00;103,00;962.786,00;148,00;811.171,00;988,00;327.215,00;667,00;4.462.866,00;1.658,00;110.027,00;1.833,00;5.293.974,00;1.663,00;798.984,00;337,00;408.744,00;314,00;104.154,00;502,00;0,00;0,00;19.553,00;306,00;3.706.137,00;1.478,00;1.440.500,00;862,00;39.722,00;650,00;20.537,97;66.681,00;4.562,60;1.276,00;4.613,00;66.338,84;3.382,50;62.956,34;140.166,38;23.540,39;23.480,06;3.688,09;15.386,38;5.727,70;29.912.847,80;6.307,67;109,54;226,44;1,05;1,63;6,70;9,37;54,44;0,00;0,00;33,96;8.232,06;5.135,21;;22.792,40;77,90;;244.352,00;71,12;;266.602,00;62.169,00;87%;51,73;73%;1.896.658,00;5.194,00;6.476.888,00;1.788,00;4.675.608,00;1.619,00;5.184.942,00;1.683,00;0,00;0,00;0,00;0,00;340.359,00;0,00;17.342,00;0,00;0,00;0,00;0,00;0,00;0,00;417.021,30;90.400.089,00;38.722,00;42.531,90;;4.280,00;96.652,30;37.497,10;49.566,00;73.936,69;226.642,84;0,00;0,00;0,00;226.642,84;300.579,53;1.530.849,65;8.838.745,30;;;;;;;;;;;;;;;;;;;;;;;;;;;;;;;;;;;;
06/03/2025;5.944,86;1.431,79;5.943,27;1.432,20;1.310,97;723,09;9.545,45;12.513.798,59;0,00;16.333,72;3.878,79;9.545,45;155.912.745,76;34.096,35;8.739.157,16;3.442.907,79;1,00;8.739.157,16;135.400,29;135.400,29;169.496,64;160.217,00;9.279,64;26.500.614,00;12.440,00;94.948,00;91,00;419.073,00;213,00;12.694.605,00;8.981,00;35.241.812,00;22.660,00;25.055.758,00;15.322,00;226.930,00;122,00;775.725,00;651,00;6.137.839,00;2.823,00;629.330,00;13.946,00;379.548,00;9.858,00;;;1.665.021,00;19.572,00;1.136.078,00;22.080,00;1.861.025,00;31.454,00;9.342,00;150,00;69.281,00;1.206,00;23.955.826,00;13.762,00;3.550.922,00;4.573,00;84.175,00;34,00;3.835.034,00;1.910,00;502.338,00;390,00;165.113,00;84,00;42.102,00;613,38;11.170.224,00;4.863,00;267.187,00;197,00;4.666,00;10.833.450,00;3.343,00;5.263.557,00;3.220,00;3.937.704,00;3.797,00;5.196.653,00;2.412,00;3.694.464,00;1.143,00;336.659,00;121,00;963.296,00;510,00;812.627,00;1.456,00;327.995,00;780,00;4.464.491,00;1.625,00;111.768,00;1.741,00;5.295.841,00;1.867,00;799.278,00;294,00;408.955,00;211,00;104.669,00;515,00;0,00;0,00;19.864,00;311,00;3.708.064,00;1.927,00;1.441.837,00;1.337,00;40.306,00;584,00;29.498,93;82.964,00;8.780,70;1.322,00;4.573,00;71.856,94;3.777,00;68.079,94;175.907,06;35.740,68;28.109,22;4.629,16;19.179,88;3.793,50;29.922.702,87;9.855,07;122,14;215,09;1,32;1,08;10,17;12,56;55,33;0,00;0,00;34,20;8.751,97;5.409,68;;22.860,30;67,90;;304.896,00;60,54;;326.446,00;59.844,00;99%;47,33;78%;1.901.791,00;5.133,00;6.477.502,00;614,00;4.675.625,00;17,00;5.185.889,00;947,00;0,00;0,00;0,00;0,00;340.359,00;0,00;17.343,00;1,00;0,00;0,00;0,00;0,00;0,00;417.021,30;90.439.730,00;39.641,00;42.564,10;;4.280,00;96.725,10;37.510,30;49.566,00;106.196,15;245.087,77;0,00;0,00;0,00;245.087,77;351.283,92;2.431.856,89;11.270.602,19;;;;;;;;;;;;;;;;;;;;;;;;;;;;;;;;;;;;
07/03/2025;5.947,00;1.431,79;5.945,42;1.432,20;1.311,15;723,61;9.545,45;12.515.516,77;1.718,18;16.335,85;3.878,79;9.545,45;155.933.077,56;20.331,81;8.892.774,68;3.505.680,98;1,00;8.892.774,68;153.617,52;151.899,34;172.231,15;146.644,00;25.587,15;26.507.454,00;6.840,00;95.060,00;112,00;419.266,00;193,00;12.702.594,00;7.989,00;35.264.452,00;22.640,00;25.068.078,00;12.320,00;227.052,00;122,00;776.379,00;654,00;6.140.550,00;2.711,00;640.788,00;11.458,00;387.471,00;7.923,00;;;1.692.956,00;27.935,00;1.151.208,00;15.130,00;1.893.403,00;32.378,00;9.436,00;94,00;70.185,00;904,00;23.965.780,00;9.954,00;3.554.855,00;3.933,00;84.210,00;35,00;3.836.936,00;1.902,00;502.669,00;331,00;165.239,00;126,00;43.007,59;905,59;11.172.788,00;2.564,00;267.393,00;206,00;2.358,00;10.836.761,00;3.311,00;5.264.455,00;898,00;3.941.079,00;3.375,00;5.199.006,00;2.353,00;3.695.604,00;1.140,00;336.758,00;99,00;963.415,00;119,00;813.435,00;808,00;328.535,00;540,00;4.464.849,00;358,00;113.629,00;1.861,00;5.297.303,00;1.462,00;799.565,00;287,00;409.127,00;172,00;105.049,00;380,00;0,00;0,00;20.176,00;312,00;3.709.903,00;1.839,00;1.443.090,00;1.253,00;40.842,00;536,00;20.101,00;83.366,00;7.714,40;1.317,00;3.933,00;75.900,75;3.638,00;72.262,75;190.498,84;14.591,78;28.834,12;724,90;21.739,13;2.559,25;29.926.859,79;4.156,92;13,80;116,86;0,21;0,73;4,15;5,08;47,24;0,00;0,00;29,79;7.720,61;4.868,69;;22.914,60;54,30;;349.136,00;44,24;;384.620,00;58.174,00;131%;33,94;77%;1.906.729,00;4.938,00;6.477.944,00;442,00;4.675.842,00;217,00;5.187.149,00;1.260,00;0,00;0,00;0,00;0,00;340.359,00;0,00;17.343,00;0,00;0,00;0,00;0,00;0,00;0,00;417.021,30;90.479.459,00;39.729,00;42.596,50;;4.280,00;96.785,00;37.531,00;49.566,00;72.363,60;260.145,89;0,00;0,00;0,00;260.145,89;332.509,49;1.594.452,88;12.865.055,07;;;;;;;;;;;;;;;;;;;;;;;;;;;;;;;;;;;;
08/03/2025;5.947,05;1.431,79;5.945,47;1.432,20;1.312,19;723,98;9.545,45;12.525.444,04;9.927,27;16.335,88;3.878,79;9.545,45;155.933.297,11;219,55;9.007.500,23;3.544.257,56;1,00;9.007.500,23;114.725,55;104.798,28;105.017,83;120.664,00;-15.646,17;26.513.698,00;6.244,00;95.130,00;70,00;419.417,00;151,00;12.709.059,00;6.465,00;35.287.188,00;22.736,00;25.075.150,00;7.072,00;227.180,00;128,00;776.967,00;588,00;6.140.863,00;313,00;644.455,00;3.667,00;387.774,00;303,00;;;1.720.813,00;27.857,00;1.159.588,00;8.380,00;1.923.480,00;30.077,00;9.635,00;199,00;70.645,00;460,00;23.973.946,00;8.166,00;3.558.295,00;3.440,00;84.247,00;37,00;3.838.694,00;1.758,00;503.059,00;390,00;165.295,00;56,00;43.560,90;553,31;11.173.252,00;464,00;267.559,00;166,00;298,00;10.840.377,00;3.616,00;5.265.938,00;1.483,00;3.941.294,00;215,00;5.199.232,00;226,00;3.696.824,00;1.220,00;336.857,00;99,00;963.529,00;114,00;813.969,00;534,00;328.822,00;287,00;4.466.044,00;1.195,00;115.563,00;1.934,00;5.298.527,00;1.224,00;799.899,00;334,00;409.137,00;10,00;105.169,00;120,00;0,00;0,00;20.473,00;297,00;3.711.693,00;1.790,00;1.444.333,00;1.243,00;41.399,00;557,00;10.387,97;66.617,00;6.248,20;1.200,00;3.440,00;27.512,63;3.523,00;23.989,63;201.093,50;10.594,66;31.881,87;3.047,75;21.739,13;0,00;29.930.462,74;3.602,95;99,67;0,76;0,87;0,00;3,01;3,88;41,10;0,00;0,00;20,34;6.258,04;3.097,04;;22.952,80;38,20;;374.976,00;25,84;;428.498,00;43.878,00;170%;25,13;97%;1.910.789,00;4.060,00;6.478.689,00;745,00;4.675.914,00;72,00;5.188.400,00;1.251,00;0,00;0,00;0,00;0,00;340.359,00;0,00;17.343,00;0,00;0,00;0,00;0,00;0,00;0,00;417.021,30;90.518.845,00;39.386,00;42.628,90;;4.280,00;96.798,00;37.540,00;49.566,00;37.396,69;86.362,66;0,00;0,00;0,00;86.362,66;123.759,35;499.281,27;13.364.336,34;;;;;;;;;;;;;;;;;;;;;;;;;;;;;;;;;;;;
09/03/2025;5.948,51;1.431,79;5.946,92;1.432,20;1.312,71;724,39;9.545,45;12.530.407,67;4.963,63;16.337,33;3.878,79;9.545,45;155.947.176,19;13.879,08;9.141.775,14;3.597.587,32;1,00;9.141.775,14;134.274,91;129.311,28;143.190,36;135.938,00;7.252,36;26.522.550,00;8.852,00;95.200,00;70,00;419.554,00;137,00;12.716.500,00;7.441,00;35.309.880,00;22.692,00;25.085.950,00;10.800,00;227.309,00;129,00;777.490,00;523,00;6.141.111,00;248,00;648.251,00;3.796,00;387.867,00;93,00;;;1.746.463,00;25.650,00;1.174.427,00;14.839,00;1.955.508,00;32.028,00;9.776,00;141,00;71.539,00;894,00;23.983.786,00;9.840,00;3.561.436,00;3.141,00;84.282,00;35,00;3.839.969,00;1.275,00;503.069,00;10,00;165.306,00;11,00;44.191,89;630,99;11.175.423,00;2.171,00;267.561,00;2,00;2.169,00;10.843.479,00;3.102,00;5.268.743,00;2.805,00;3.944.921,00;3.627,00;5.199.386,00;154,00;3.697.922,00;1.098,00;336.957,00;100,00;963.647,00;118,00;814.778,00;809,00;329.431,00;609,00;4.467.495,00;1.451,00;117.191,00;1.628,00;5.300.017,00;1.490,00;800.210,00;311,00;409.155,00;18,00;105.569,00;400,00;0,00;0,00;20.761,00;288,00;3.713.137,00;1.444,00;1.445.275,00;942,00;41.926,00;527,00;19.751,00;72.610,00;7.141,60;546,00;3.141,00;59.751,76;2.896,50;56.855,26;224.914,16;23.820,66;35.811,60;3.929,73;21.739,13;0,00;29.937.162,55;6.699,81;118,51;0,87;1,12;0,00;6,77;7,89;48,80;0,00;0,00;25,28;7.320,68;3.792,35;;22.991,40;38,60;;401.664,00;26,69;;471.686,00;43.188,00;162%;22,55;84%;1.915.539,00;4.750,00;6.479.551,00;862,00;4.675.935,00;21,00;5.190.218,00;1.818,00;0,00;0,00;0,00;0,00;340.359,00;0,00;17.343,00;0,00;0,00;0,00;0,00;0,00;0,00;417.021,30;90.557.850,00;39.005,00;42.661,30;;4.280,00;96.868,00;37.555,00;49.566,00;71.103,60;204.678,94;0,00;0,00;0,00;204.678,94;275.782,54;1.421.259,54;14.785.595,88;;;;;;;;;;;;;;;;;;;;;;;;;;;;;;;;;;;;
10/03/2025;5.950,51;1.431,79;5.948,92;1.432,20;1.313,16;724,86;9.545,45;12.534.703,12;4.295,45;16.339,32;3.878,79;9.545,45;155.966.152,55;18.976,35;9.273.598,60;3.651.718,15;1,00;9.273.598,60;131.823,46;127.528,01;146.504,36;141.525,00;4.979,36;26.530.532,00;7.982,00;95.289,00;89,00;419.769,00;215,00;12.723.822,00;7.322,00;35.332.608,00;22.728,00;25.099.138,00;13.188,00;227.435,00;126,00;778.006,00;516,00;6.144.039,00;2.928,00;652.482,00;4.231,00;388.116,00;249,00;;;1.773.643,00;27.180,00;1.188.874,00;14.447,00;1.988.589,00;33.081,00;9.936,00;160,00;72.504,00;965,00;23.995.152,00;11.366,00;3.565.718,00;4.282,00;84.317,00;35,00;3.841.707,00;1.738,00;503.429,00;360,00;165.366,00;60,00;44.845,00;653,11;11.178.590,00;3.167,00;267.639,00;78,00;3.089,00;10.845.758,00;2.279,00;5.271.645,00;2.902,00;3.948.036,00;3.115,00;5.201.908,00;2.522,00;3.699.004,00;1.082,00;337.166,00;209,00;963.753,00;106,00;815.667,00;889,00;330.083,00;652,00;4.468.645,00;1.150,00;118.715,00;1.524,00;5.301.545,00;1.528,00;800.543,00;333,00;409.362,00;207,00;106.003,00;434,00;0,00;0,00;21.076,00;315,00;3.714.774,00;1.637,00;1.446.312,00;1.037,00;42.569,00;643,00;20.628,63;74.957,00;7.003,00;1.014,00;4.282,00;59.248,36;3.464,00;55.784,36;245.533,67;20.619,51;38.247,38;2.435,78;26.280,05;4.540,92;29.942.760,42;5.597,87;67,12;151,11;0,69;1,29;5,86;7,85;50,84;0,00;0,00;26,63;7.043,46;3.689,37;;23.047,00;55,60;;447.440,00;45,78;;526.318,00;54.632,00;119%;38,80;85%;1.919.239,00;3.700,00;6.479.551,00;0,00;4.676.397,00;462,00;5.192.413,00;2.195,00;0,00;0,00;0,00;0,00;340.359,00;0,00;17.343,00;0,00;0,00;0,00;0,00;0,00;0,00;417.021,30;90.566.996,00;9.146,00;42.693,20;;4.280,00;96.952,00;37.469,20;49.566,00;74.263,07;200.823,70;0,00;0,00;0,00;200.823,70;275.086,77;1.570.929,03;16.356.524,91;;;;;;;;;;;;;;;;;;;;;;;;;;;;;;;;;;;;
11/03/2025;5.953,40;1.431,79;5.951,81;1.432,20;1.313,16;725,30;9.545,45;12.534.703,12;0,00;16.342,20;3.878,79;9.545,45;155.993.691,17;27.538,62;9.408.504,00;3.712.515,74;1,00;9.408.504,00;134.905,40;134.905,40;162.444,02;152.969,00;9.475,02;26.539.448,00;8.916,00;95.368,00;79,00;419.972,00;203,00;12.731.530,00;7.708,00;35.355.344,00;22.736,00;25.111.814,00;12.676,00;227.564,00;129,00;778.542,00;536,00;6.144.695,00;656,00;659.917,00;7.435,00;391.594,00;3.478,00;;;1.802.102,00;28.459,00;1.207.424,00;18.550,00;2.022.732,00;34.143,00;10.098,00;162,00;73.516,00;1.012,00;24.007.498,00;12.346,00;3.570.154,00;4.436,00;84.352,00;35,00;3.843.393,00;1.686,00;503.779,00;350,00;165.429,00;63,00;46.154,59;1.309,59;11.183.395,00;4.805,00;267.793,00;154,00;4.651,00;10.847.324,00;1.566,00;5.274.777,00;3.132,00;3.951.329,00;3.293,00;5.202.384,00;476,00;3.700.219,00;1.215,00;337.681,00;515,00;963.847,00;94,00;816.822,00;1.155,00;331.106,00;1.023,00;4.470.131,00;1.486,00;120.260,00;1.545,00;5.303.348,00;1.803,00;800.893,00;350,00;409.435,00;73,00;106.424,00;421,00;0,00;0,00;21.388,00;312,00;3.716.335,00;1.561,00;1.447.228,00;916,00;43.252,00;683,00;25.618,24;84.630,00;7.348,50;1.103,00;4.436,00;64.926,52;3.399,00;61.527,52;270.695,25;25.161,58;41.645,29;3.397,91;28.257,85;1.977,80;29.949.349,37;6.588,95;113,42;134,09;0,97;0,56;7,16;8,69;51,18;0,00;0,00;29,55;7.412,95;4.280,04;;23.095,50;48,50;;481.152,00;33,71;;579.130,00;52.812,00;157%;26,62;79%;1.924.462,00;5.223,00;6.480.252,00;701,00;4.676.723,00;326,00;5.193.490,00;1.077,00;0,00;0,00;0,00;0,00;340.359,00;0,00;17.344,00;1,00;0,00;0,00;0,00;0,00;0,00;417.021,30;90.636.262,00;69.266,00;42.725,90;;4.280,00;97.029,50;37.485,00;49.566,00;92.225,66;221.499,08;0,00;0,00;0,00;221.499,08;313.724,75;2.203.094,28;18.559.619,19;;;;;;;;;;;;;;;;;;;;;;;;;;;;;;;;;;;;
12/03/2025;5.954,55;1.431,79;5.952,96;1.432,20;1.313,44;725,84;9.545,45;12.537.375,85;2.672,73;16.343,34;3.878,79;9.545,45;156.004.563,44;10.872,27;9.542.335,12;3.766.306,27;1,00;9.542.335,12;133.831,12;131.158,39;142.030,66;134.127,00;7.903,66;26.546.804,00;7.356,00;95.442,00;74,00;420.182,00;210,00;12.737.842,00;6.312,00;35.378.232,00;22.888,00;25.123.018,00;11.204,00;227.711,00;147,00;778.999,00;457,00;6.147.673,00;2.978,00;671.234,00;11.317,00;399.963,00;8.369,00;;;1.830.471,00;28.369,00;1.218.025,00;10.601,00;2.048.828,00;26.096,00;10.257,00;159,00;74.401,00;885,00;24.017.482,00;9.984,00;3.572.509,00;2.355,00;84.390,00;38,00;3.845.088,00;1.695,00;504.147,00;368,00;165.516,00;87,00;47.232,00;1.077,41;11.186.025,00;2.630,00;268.028,00;235,00;2.395,00;10.849.862,00;2.538,00;5.277.902,00;3.125,00;3.952.225,00;896,00;5.205.054,00;2.670,00;3.701.473,00;1.254,00;337.822,00;141,00;963.939,00;92,00;817.668,00;846,00;331.556,00;450,00;4.470.569,00;438,00;122.108,00;1.848,00;5.304.698,00;1.350,00;801.272,00;379,00;409.585,00;150,00;106.748,00;324,00;0,00;0,00;21.697,00;309,00;3.717.777,00;1.442,00;1.448.055,00;827,00;43.926,00;674,00;14.781,66;73.435,00;6.052,90;1.147,00;2.355,00;59.040,76;3.272,50;55.768,26;287.955,78;17.260,53;45.104,77;3.459,48;30.800,86;2.543,01;29.954.242,12;4.892,75;104,38;75,60;0,98;0,72;4,91;6,62;40,19;0,00;0,00;23,14;6.224,71;3.583,97;;23.147,10;51,60;;524.624,00;43,47;;625.306,00;46.176,00;106%;36,96;85%;1.929.431,00;4.969,00;6.481.290,00;1.038,00;4.677.231,00;508,00;5.195.445,00;1.955,00;0,00;0,00;0,00;0,00;340.359,00;0,00;17.344,00;0,00;0,00;0,00;0,00;0,00;0,00;417.021,30;90.674.674,00;38.412,00;42.757,90;;4.280,00;97.102,30;37.499,30;49.566,00;53.213,98;200.765,74;0,00;0,00;0,00;200.765,74;253.979,72;978.247,00;19.537.866,19;;;;;;;;;;;;;;;;;;;;;;;;;;;;;;;;;;;;
13/03/2025;5.957,98;1.431,79;5.956,39;1.432,20;1.313,45;726,32;9.545,45;12.537.471,30;95,45;16.346,78;3.878,79;9.545,45;156.037.342,51;32.779,08;9.675.854,88;3.829.364,08;1,00;9.675.854,88;133.519,76;133.424,31;166.203,38;156.296,00;9.907,38;26.558.132,00;11.328,00;95.516,00;74,00;420.385,00;203,00;12.745.822,00;7.980,00;35.401.032,00;22.800,00;25.137.446,00;14.428,00;227.843,00;132,00;779.577,00;578,00;6.151.070,00;3.397,00;682.643,00;11.409,00;408.173,00;8.210,00;;;1.858.598,00;28.127,00;1.237.685,00;19.660,00;2.075.526,00;26.698,00;10.421,00;164,00;75.392,00;991,00;24.031.348,00;13.866,00;3.576.552,00;4.043,00;84.429,00;39,00;3.846.995,00;1.907,00;504.523,00;376,00;165.719,00;203,00;48.300,82;1.068,82;11.190.229,00;4.204,00;268.150,00;122,00;4.082,00;10.854.341,00;4.479,00;5.281.244,00;3.342,00;3.955.483,00;3.258,00;5.208.113,00;3.059,00;3.702.414,00;941,00;337.959,00;137,00;964.035,00;96,00;818.804,00;1.136,00;332.187,00;631,00;4.472.964,00;2.395,00;123.979,00;1.871,00;5.306.328,00;1.630,00;801.607,00;335,00;409.749,00;164,00;107.135,00;387,00;0,00;0,00;22.001,00;304,00;3.719.076,00;1.299,00;1.448.734,00;679,00;44.615,00;689,00;26.772,47;82.695,00;7.575,60;1.279,00;4.043,00;70.610,78;3.245,50;67.365,28;320.717,70;32.761,92;49.044,22;3.939,45;32.617,72;1.816,86;29.962.870,91;8.628,79;105,73;48,86;1,12;0,52;9,32;10,96;54,03;0,00;0,00;31,72;7.685,47;4.512,00;;23.204,40;57,30;;572.032,00;47,41;;679.924,00;54.618,00;115%;35,08;74%;1.934.506,00;5.075,00;6.482.712,00;1.422,00;4.677.573,00;342,00;5.196.802,00;1.357,00;0,00;0,00;0,00;0,00;340.359,00;0,00;17.344,00;0,00;0,00;0,00;0,00;0,00;0,00;417.021,30;90.713.674,00;39.000,00;42.790,40;;4.280,00;97.172,50;37.615,25;49.566,00;96.380,89;242.515,01;0,00;0,00;0,00;242.515,01;338.895,90;2.052.435,74;21.590.301,93;;;;;;;;;;;;;;;;;;;;;;;;;;;;;;;;;;;;
14/03/2025;5.960,24;1.431,79;5.958,65;1.432,20;1.313,52;726,86;9.545,45;12.538.139,48;668,18;16.349,02;3.878,79;9.545,45;156.058.752,96;21.410,44;9.806.934,14;3.887.063,91;1,00;9.806.934,14;131.079,26;130.411,08;151.821,52;145.677,00;6.144,52;26.567.768,00;9.636,00;95.590,00;74,00;420.604,00;219,00;12.753.250,00;7.428,00;35.423.960,00;22.928,00;25.152.202,00;14.756,00;227.969,00;126,00;780.170,00;593,00;6.154.673,00;3.603,00;693.634,00;10.991,00;415.516,00;7.343,00;;;1.886.431,00;27.833,00;1.252.504,00;14.819,00;2.101.264,00;25.738,00;10.568,00;147,00;76.419,00;1.027,00;24.042.896,00;11.548,00;3.580.595,00;4.043,00;84.466,00;37,00;3.848.850,00;1.855,00;504.875,00;352,00;165.908,00;189,00;49.352,00;1.051,18;11.194.610,00;4.381,00;268.277,00;127,00;4.254,00;10.855.830,00;1.489,00;5.283.922,00;2.678,00;3.958.844,00;3.361,00;5.211.480,00;3.367,00;3.703.315,00;901,00;338.090,00;131,00;964.130,00;95,00;819.867,00;1.063,00;332.824,00;637,00;4.474.403,00;1.439,00;125.646,00;1.667,00;5.308.269,00;1.941,00;801.909,00;302,00;409.843,00;94,00;107.548,00;413,00;0,00;0,00;22.316,00;315,00;3.720.447,00;1.371,00;1.449.449,00;715,00;45.270,00;655,00;14.433,00;75.733,00;7.107,20;1.261,00;4.043,00;63.677,32;3.268,50;60.408,82;346.403,22;25.685,52;53.262,30;4.218,08;32.617,72;0,00;29.970.123,53;7.252,62;117,86;0,91;1,20;0,00;7,31;8,51;48,88;0,00;0,00;27,44;7.377,80;4.141,71;;23.248,80;44,40;;605.360,00;33,33;;726.018,00;46.094,00;138%;28,32;85%;1.939.399,00;4.893,00;6.483.670,00;958,00;4.679.438,00;1.865,00;5.199.731,00;2.929,00;0,00;0,00;0,00;0,00;340.359,00;0,00;17.344,00;0,00;0,00;0,00;0,00;0,00;0,00;417.021,30;90.752.274,00;38.600,00;42.822,60;;4.280,00;97.281,00;37.631,00;49.566,00;51.958,80;217.471,76;0,00;0,00;0,00;217.471,76;269.430,56;1.836.219,00;23.426.520,93;;;;;;;;;;;;;;;;;;;;;;;;;;;;;;;;;;;;
15/03/2025;5.961,31;1.431,79;5.959,72;1.432,20;1.313,61;727,47;9.545,45;12.538.998,57;859,09;16.350,07;3.878,79;9.545,45;156.068.785,23;10.032,27;9.939.809,45;3.940.236,33;1,00;9.939.809,45;132.875,31;132.016,22;142.048,49;133.266,00;8.782,49;26.577.282,00;9.514,00;95.659,00;69,00;420.764,00;160,00;12.761.080,00;7.830,00;35.446.760,00;22.800,00;25.165.276,00;13.074,00;228.072,00;103,00;780.777,00;607,00;6.157.110,00;2.437,00;699.187,00;5.553,00;417.309,00;1.793,00;;;1.912.034,00;25.603,00;1.270.369,00;17.865,00;2.120.561,00;19.297,00;10.705,00;137,00;77.238,00;819,00;24.054.626,00;11.730,00;3.584.800,00;4.205,00;84.501,00;35,00;3.850.575,00;1.725,00;505.194,00;319,00;166.010,00;102,00;50.360,00;1.008,00;11.199.193,00;4.583,00;268.474,00;197,00;4.386,00;10.858.000,00;2.170,00;5.286.796,00;2.874,00;3.962.279,00;3.435,00;5.213.754,00;2.274,00;3.704.228,00;913,00;338.234,00;144,00;964.529,00;399,00;821.060,00;1.193,00;333.437,00;613,00;4.474.880,00;477,00;127.434,00;1.788,00;5.309.825,00;1.556,00;802.224,00;315,00;409.894,00;51,00;107.820,00;272,00;0,00;0,00;22.630,00;314,00;3.721.832,00;1.385,00;1.450.293,00;844,00;45.825,00;555,00;30.595,00;64.558,00;7.350,90;1.225,00;4.205,00;64.709,59;3.116,50;61.593,09;371.788,03;25.384,81;53.993,43;731,13;33.706,68;1.088,96;29.976.861,03;6.737,50;22,49;83,31;0,21;0,31;7,22;7,74;51,28;0,00;0,00;27,64;7.361,67;3.967,95;;23.279,10;30,30;;619.376,00;14,02;;776.400,00;50.382,00;359%;17,59;125%;1.941.632,00;2.233,00;6.483.670,00;0,00;4.679.438,00;0,00;5.200.886,00;1.155,00;0,00;0,00;0,00;0,00;340.359,00;0,00;17.344,00;0,00;0,00;0,00;0,00;0,00;0,00;417.021,30;90.791.126,00;38.852,00;42.855,10;;4.280,00;97.353,00;37.643,00;49.566,00;110.142,00;221.735,11;0,00;0,00;0,00;221.735,11;331.877,11;2.043.962,00;25.470.482,93;;;;;;;;;;;;;;;;;;;;;;;;;;;;;;;;;;;;
16/03/2025;5.961,31;1.431,79;5.959,72;1.432,20;1.318,71;728,05;9.545,45;12.587.680,37;48.681,80;16.350,07;3.878,79;9.545,45;156.068.785,23;0,00;10.075.098,14;3.975.039,93;1,00;10.075.098,14;135.288,69;86.606,89;86.606,89;83.747,00;2.859,89;26.580.472,00;3.190,00;95.730,00;71,00;420.895,00;131,00;12.763.348,00;2.268,00;35.469.360,00;22.600,00;25.170.736,00;5.460,00;228.116,00;44,00;781.373,00;596,00;6.157.338,00;228,00;702.317,00;3.130,00;417.474,00;165,00;;;1.937.546,00;25.512,00;1.273.373,00;3.004,00;2.134.000,00;13.439,00;10.841,00;136,00;77.816,00;578,00;24.059.770,00;5.144,00;3.588.925,00;4.125,00;84.535,00;34,00;3.851.699,00;1.124,00;505.204,00;10,00;166.022,00;12,00;51.316,70;956,70;11.199.432,00;239,00;268.476,00;2,00;237,00;10.858.222,00;222,00;5.286.965,00;169,00;3.962.462,00;183,00;5.213.896,00;142,00;3.705.094,00;866,00;338.364,00;130,00;964.644,00;115,00;821.341,00;281,00;333.522,00;85,00;4.475.261,00;381,00;129.206,00;1.772,00;5.311.019,00;1.194,00;802.506,00;282,00;409.903,00;9,00;108.010,00;190,00;0,00;0,00;22.917,00;287,00;3.723.112,00;1.280,00;1.451.070,00;777,00;46.308,00;483,00;4.040,00;42.120,00;1.565,70;620,00;4.125,00;38.176,19;2.612,00;35.564,19;372.125,34;337,31;54.544,13;550,70;33.706,68;0,00;29.977.684,10;823,07;17,52;0,71;0,16;0,00;0,10;0,25;19,75;0,00;0,00;9,39;2.106,20;1.001,38;;23.302,30;23,20;;635.856,00;16,48;;800.128,00;23.728,00;144%;8,07;49%;1.946.078,00;4.446,00;6.484.381,00;711,00;4.680.105,00;667,00;5.202.749,00;1.863,00;0,00;0,00;0,00;0,00;340.359,00;0,00;17.344,00;0,00;0,00;0,00;0,00;0,00;0,00;417.021,30;90.829.882,00;38.756,00;42.887,50;;4.280,00;97.390,00;37.654,00;49.566,00;14.544,00;128.031,10;0,00;0,00;0,00;128.031,10;142.575,10;0,00;25.470.482,93;;;;;;;;;;;;;;;;;;;;;;;;;;;;;;;;;;;;
17/03/2025;5.962,29;1.431,79;5.960,70;1.432,20;1.319,20;728,61;9.545,45;12.592.357,64;4.677,27;16.351,03;3.878,79;9.545,45;156.077.977,50;9.192,27;10.209.212,11;4.026.955,62;1,00;10.209.212,11;134.113,97;129.436,70;138.628,97;131.625,00;7.003,97;26.589.472,00;9.000,00;95.812,00;82,00;421.082,00;187,00;12.770.162,00;6.814,00;35.492.200,00;22.840,00;25.181.622,00;10.886,00;228.161,00;45,00;781.970,00;597,00;6.157.563,00;225,00;706.197,00;3.880,00;417.668,00;194,00;;;1.964.351,00;26.805,00;1.287.983,00;14.610,00;2.160.428,00;26.428,00;10.991,00;150,00;78.521,00;705,00;24.070.132,00;10.362,00;3.592.172,00;3.247,00;84.571,00;36,00;3.853.429,00;1.730,00;505.551,00;347,00;166.119,00;97,00;52.344,29;1.027,59;11.203.439,00;4.007,00;268.477,00;1,00;4.006,00;10.862.195,00;3.973,00;5.287.343,00;378,00;3.964.674,00;2.212,00;5.214.038,00;142,00;3.706.061,00;967,00;338.510,00;146,00;965.410,00;766,00;822.664,00;1.323,00;334.010,00;488,00;4.476.608,00;1.347,00;130.994,00;1.788,00;5.312.564,00;1.545,00;802.795,00;289,00;409.914,00;11,00;108.265,00;255,00;0,00;0,00;23.225,00;308,00;3.724.676,00;1.564,00;1.452.029,00;959,00;46.863,00;555,00;17.672,00;68.037,00;6.309,30;1.042,00;3.247,00;59.993,67;3.292,00;56.701,67;394.983,50;22.858,16;58.074,93;3.530,80;35.463,87;1.757,19;29.984.190,45;6.506,35;106,42;148,26;1,00;0,50;6,50;8,01;45,04;0,00;0,00;24,56;6.707,99;3.657,82;;23.344,70;42,40;;662.224,00;26,37;;853.298,00;53.170,00;202%;27,09;103%;1.952.118,00;6.040,00;6.485.256,00;875,00;4.680.232,00;127,00;5.204.009,00;1.260,00;0,00;0,00;0,00;0,00;340.359,00;0,00;17.345,00;1,00;0,00;0,00;0,00;0,00;0,00;417.021,30;90.869.708,00;39.826,00;42.920,10;;4.280,00;97.493,00;37.664,00;49.566,00;63.619,20;204.126,00;0,00;0,00;0,00;204.126,00;267.745,20;1.443.640,45;26.914.123,38;;;;;;;;;;;;;;;;;;;;;;;;;;;;;;;;;;;;
18/03/2025;5.964,45;1.431,79;5.962,86;1.432,20;1.319,21;729,12;9.545,45;12.592.453,09;95,45;16.353,18;3.878,79;9.545,45;156.098.490,67;20.513,17;10.343.725,11;4.085.716,97;1,00;10.343.725,11;134.513,00;134.417,55;154.930,72;147.259,00;7.671,72;26.598.278,00;8.806,00;95.900,00;88,00;421.263,00;181,00;12.777.558,00;7.396,00;35.515.248,00;23.048,00;25.194.698,00;13.076,00;228.206,00;45,00;782.555,00;585,00;6.158.900,00;1.337,00;712.544,00;6.347,00;420.276,00;2.608,00;;;1.991.968,00;27.617,00;1.302.863,00;14.880,00;2.194.619,00;34.191,00;11.137,00;146,00;79.562,00;1.041,00;24.082.030,00;11.898,00;3.596.766,00;4.594,00;84.606,00;35,00;3.855.276,00;1.847,00;505.894,00;343,00;166.270,00;151,00;53.373,59;1.029,30;11.204.731,00;1.292,00;268.802,00;325,00;967,00;10.866.532,00;4.337,00;5.290.246,00;2.903,00;3.968.378,00;3.704,00;5.215.016,00;978,00;3.707.006,00;945,00;338.647,00;137,00;966.240,00;830,00;823.508,00;844,00;334.679,00;669,00;4.477.901,00;1.293,00;132.513,00;1.519,00;5.314.058,00;1.494,00;803.094,00;299,00;410.106,00;192,00;108.717,00;452,00;0,00;0,00;23.527,00;302,00;3.726.230,00;1.554,00;1.452.999,00;970,00;47.511,00;648,00;21.922,00;79.296,00;7.060,70;1.404,00;4.594,00;62.576,02;3.427,50;59.148,52;418.472,50;23.489,00;62.144,86;4.069,93;38.770,93;3.307,06;29.990.675,57;6.485,12;121,44;214,60;1,16;0,94;6,68;8,78;47,83;0,00;0,00;26,37;7.200,48;3.969,82;;23.383,30;38,60;;703.392,00;41,17;;907.570,00;54.272,00;132%;34,74;84%;1.956.480,00;4.362,00;6.485.661,00;405,00;4.680.245,00;13,00;5.206.657,00;2.648,00;0,00;0,00;0,00;0,00;340.359,00;0,00;17.346,00;1,00;0,00;0,00;0,00;0,00;0,00;417.021,30;90.908.775,00;39.067,00;42.952,10;;4.280,00;97.536,00;37.678,00;49.566,00;78.919,20;212.934,66;0,00;0,00;0,00;212.934,66;291.853,86;1.356.028,38;28.270.151,76;;;;;;;;;;;;;;;;;;;;;;;;;;;;;;;;;;;;
19/03/2025;5.967,75;1.431,79;5.966,16;1.432,20;1.319,21;729,61;9.545,45;12.592.453,09;0,00;16.356,49;3.878,79;9.545,45;156.130.019,29;31.528,62;10.477.787,69;4.148.953,59;1,00;10.477.787,69;134.062,58;134.062,58;165.591,20;157.120,00;8.471,20;26.608.700,00;10.422,00;95.974,00;74,00;421.448,00;185,00;12.785.254,00;7.696,00;35.538.068,00;22.820,00;25.207.390,00;12.692,00;228.251,00;45,00;783.187,00;632,00;6.162.724,00;3.824,00;724.319,00;11.775,00;428.516,00;8.240,00;;;2.020.156,00;28.188,00;1.322.156,00;19.293,00;2.225.461,00;30.842,00;11.286,00;149,00;80.530,00;968,00;24.095.422,00;13.392,00;3.601.387,00;4.621,00;84.640,00;34,00;3.857.164,00;1.888,00;506.287,00;393,00;166.397,00;127,00;54.396,20;1.022,61;11.209.410,00;4.679,00;269.057,00;255,00;4.424,00;10.871.072,00;4.540,00;5.291.820,00;1.574,00;3.969.777,00;1.399,00;5.218.347,00;3.331,00;3.707.965,00;959,00;338.751,00;104,00;966.331,00;91,00;824.678,00;1.170,00;335.000,00;321,00;4.479.341,00;1.440,00;134.333,00;1.820,00;5.315.675,00;1.617,00;803.451,00;357,00;410.366,00;260,00;109.100,00;383,00;0,00;0,00;23.841,00;314,00;3.727.911,00;1.681,00;1.454.070,00;1.071,00;48.219,00;708,00;23.256,00;86.563,00;7.049,50;1.407,00;4.621,00;65.950,70;3.647,00;62.303,70;448.530,38;30.057,88;66.505,55;4.360,69;44.589,86;5.818,93;29.998.512,90;7.837,33;173,56;161,00;1,24;1,65;8,55;11,44;50,63;0,00;0,00;27,56;7.476,90;4.069,99;;23.466,50;83,20;;763.904,00;60,51;;964.038,00;56.468,00;93%;48,63;80%;1.962.465,00;5.985,00;6.485.939,00;278,00;4.681.059,00;814,00;5.208.006,00;1.349,00;0,00;0,00;0,00;0,00;340.359,00;0,00;17.346,00;0,00;0,00;0,00;0,00;0,00;0,00;417.021,30;90.947.651,00;38.876,00;42.983,90;;4.280,00;97.615,00;37.691,00;49.566,00;83.721,60;224.293,32;0,00;0,00;0,00;224.293,32;308.014,92;1.944.855,39;30.215.007,15;;;;;;;;;;;;;;;;;;;;;;;;;;;;;;;;;;;;
20/03/2025;5.967,96;1.431,79;5.966,37;1.432,20;1.319,87;730,09;9.545,45;12.598.753,09;6.300,00;16.356,65;3.878,79;9.545,45;156.131.584,74;1.565,45;10.612.472,00;4.197.470,00;1,00;10.612.472,00;134.684,31;128.384,31;129.949,77;125.300,00;4.649,77;26.612.794,00;4.094,00;96.048,00;74,00;421.654,00;206,00;12.791.058,00;5.804,00;35.560.796,00;22.728,00;25.218.522,00;11.132,00;228.294,00;43,00;783.773,00;586,00;6.165.763,00;3.039,00;735.470,00;11.151,00;436.731,00;8.215,00;;;2.045.803,00;25.647,00;1.328.575,00;6.419,00;2.256.554,00;31.093,00;11.420,00;134,00;81.185,00;655,00;24.102.654,00;7.232,00;3.604.477,00;3.090,00;84.675,00;35,00;3.858.956,00;1.792,00;506.692,00;405,00;166.502,00;105,00;55.461,66;1.065,46;11.210.361,00;951,00;269.387,00;330,00;621,00;10.871.854,00;782,00;5.293.799,00;1.979,00;3.971.925,00;2.148,00;5.220.927,00;2.580,00;3.708.985,00;1.020,00;338.854,00;103,00;966.423,00;92,00;825.025,00;347,00;335.515,00;515,00;4.479.893,00;552,00;135.869,00;1.536,00;5.317.111,00;1.436,00;803.805,00;354,00;410.607,00;241,00;109.315,00;215,00;0,00;0,00;24.141,00;300,00;3.729.496,00;1.585,00;1.455.005,00;935,00;48.861,00;642,00;10.368,67;71.374,00;5.001,00;1.426,00;3.090,00;49.058,77;3.423,00;45.635,77;452.955,13;4.424,75;68.267,52;1.761,97;49.270,33;4.680,47;30.000.357,71;1.844,81;51,68;143,02;0,50;1,33;1,26;3,09;36,15;0,00;0,00;20,81;5.718,01;3.291,61;;23.531,00;64,50;;820.608,00;56,70;;1.019.130,00;55.092,00;97%;43,99;78%;1.968.503,00;6.038,00;6.486.712,00;773,00;4.681.818,00;759,00;5.209.860,00;1.854,00;0,00;0,00;0,00;0,00;340.359,00;0,00;17.346,00;0,00;0,00;0,00;0,00;0,00;0,00;417.021,30;90.986.736,00;39.085,00;43.016,40;;4.280,00;97.699,00;37.714,00;49.566,00;37.327,21;164.288,76;0,00;0,00;0,00;164.288,76;201.615,97;598.328,96;30.813.336,11;;;;;;;;;;;;;;;;;;;;;;;;;;;;;;;;;;;;
21/03/2025;5.969,22;1.431,80;5.967,63;1.432,20;1.319,94;730,56;9.545,45;12.599.421,27;668,18;16.357,89;3.878,86;9.545,45;156.143.421,10;11.836,36;10.748.104,12;4.252.630,29;1,00;10.748.104,12;135.632,12;134.963,94;146.800,30;138.747,00;8.053,30;26.619.710,00;6.916,00;96.129,00;81,00;421.845,00;191,00;12.798.913,00;7.855,00;35.583.292,00;22.496,00;25.233.120,00;14.598,00;228.338,00;44,00;784.350,00;577,00;6.169.981,00;4.218,00;746.878,00;11.408,00;444.960,00;8.229,00;;;2.063.923,00;18.120,00;1.342.410,00;13.835,00;2.289.295,00;32.741,00;11.566,00;146,00;82.000,00;815,00;24.113.432,00;10.778,00;3.607.400,00;2.923,00;84.709,00;34,00;3.860.874,00;1.918,00;507.145,00;453,00;166.625,00;123,00;56.514,20;1.052,54;11.212.668,00;2.307,00;269.462,00;75,00;2.232,00;10.875.655,00;3.801,00;5.296.531,00;2.732,00;3.975.286,00;3.361,00;5.224.632,00;3.705,00;3.710.027,00;1.042,00;338.956,00;102,00;966.515,00;92,00;825.842,00;817,00;336.220,00;705,00;4.480.886,00;993,00;137.498,00;1.629,00;5.318.584,00;1.473,00;804.188,00;383,00;410.876,00;269,00;109.600,00;285,00;0,00;0,00;24.459,00;318,00;3.731.115,00;1.619,00;1.455.984,00;979,00;49.544,00;683,00;19.771,36;72.925,00;6.752,50;1.228,00;2.923,00;62.971,80;3.579,00;59.392,80;468.112,38;15.157,25;71.767,63;3.500,11;56.589,64;7.319,31;30.004.945,77;4.588,06;87,77;225,08;1,00;2,08;4,31;7,39;51,73;0,00;0,00;30,70;7.589,06;4.503,85;;23.598,50;67,50;;882.272,00;61,66;;1.075.590,00;56.460,00;92%;51,60;84%;1.973.434,00;4.931,00;6.487.354,00;642,00;4.681.818,00;0,00;5.210.658,00;798,00;0,00;0,00;0,00;0,00;340.359,00;0,00;17.346,00;0,00;0,00;0,00;0,00;0,00;0,00;417.021,30;91.026.257,00;39.521,00;43.048,90;;4.280,00;97.797,70;37.722,70;49.566,00;71.176,90;213.814,07;0,00;0,00;0,00;213.814,07;284.990,96;1.388.520,35;32.201.856,46;;;;;;;;;;;;;;;;;;;;;;;;;;;;;;;;;;;;
22/03/2025;5.969,29;1.431,80;5.967,70;1.432,20;1.324,43;731,27;9.545,45;12.642.280,34;42.859,07;16.357,95;3.878,78;9.545,45;156.143.993,83;572,73;10.884.820,96;4.283.759,75;1,00;10.884.820,96;136.716,84;93.857,77;94.430,50;88.289,00;6.141,50;26.627.862,00;8.152,00;96.213,00;84,00;421.990,00;145,00;12.805.791,00;6.878,00;35.605.796,00;22.504,00;25.242.284,00;9.164,00;228.382,00;44,00;784.977,00;627,00;6.171.137,00;1.156,00;752.040,00;5.162,00;446.038,00;1.078,00;;;2.069.185,00;5.262,00;1.355.829,00;13.419,00;2.295.703,00;6.408,00;11.705,00;139,00;82.878,00;878,00;24.124.772,00;11.340,00;3.611.566,00;4.166,00;84.743,00;34,00;3.862.718,00;1.844,00;507.469,00;324,00;166.703,00;78,00;57.577,63;1.063,43;11.217.094,00;4.426,00;269.764,00;302,00;4.124,00;10.879.379,00;3.724,00;5.297.292,00;761,00;3.976.605,00;1.319,00;5.225.699,00;1.067,00;3.711.244,00;1.217,00;339.082,00;126,00;966.608,00;93,00;826.969,00;1.127,00;336.442,00;222,00;4.481.493,00;607,00;139.305,00;1.807,00;5.319.979,00;1.395,00;804.565,00;377,00;410.886,00;10,00;109.914,00;314,00;0,00;0,00;24.768,00;309,00;3.733.170,00;2.055,00;1.457.493,00;1.509,00;50.213,00;669,00;15.877,82;26.167,00;5.754,50;1.331,00;4.166,00;57.012,00;3.955,00;53.057,00;489.751,06;21.638,68;73.868,34;2.100,71;56.589,64;0,00;30.010.474,98;5.529,21;58,17;0,85;0,60;0,00;6,15;6,75;43,44;0,00;0,00;23,74;6.629,36;3.622,95;;23.627,50;29,00;;895.744,00;13,47;;1.125.700,00;50.110,00;372%;19,99;148%;1.978.648,00;5.214,00;6.487.687,00;333,00;4.681.878,00;60,00;5.212.872,00;2.214,00;0,00;0,00;0,00;0,00;340.359,00;0,00;17.346,00;0,00;0,00;0,00;0,00;0,00;0,00;417.021,30;91.065.688,00;39.431,00;43.081,10;;4.280,00;97.866,30;37.739,07;49.566,00;57.160,15;191.005,19;0,00;0,00;0,00;191.005,19;248.165,34;1.417.471,55;33.619.328,01;;;;;;;;;;;;;;;;;;;;;;;;;;;;;;;;;;;;
23/03/2025;5.969,29;1.431,80;5.967,70;1.438,20;1.330,02;731,85;9.545,45;12.695.639,41;53.359,07;16.357,95;3.878,78;9.545,45;156.143.993,83;0,00;10.985.741,16;4.301.687,08;1,00;10.985.741,16;100.920,20;47.561,13;47.561,13;46.748,00;813,13;26.630.224,00;2.362,00;96.270,00;57,00;422.107,00;117,00;12.808.002,00;2.211,00;35.625.228,00;19.432,00;25.247.488,00;5.204,00;228.426,00;44,00;785.588,00;611,00;6.171.363,00;226,00;755.487,00;3.447,00;446.660,00;622,00;;;2.072.866,00;3.681,00;1.358.593,00;2.764,00;2.299.152,00;3.449,00;11.822,00;117,00;83.161,00;283,00;24.128.970,00;4.198,00;3.614.423,00;2.857,00;84.777,00;34,00;3.863.832,00;1.114,00;507.479,00;10,00;166.713,00;10,00;58.459,41;881,78;11.217.322,00;228,00;269.766,00;2,00;226,00;10.879.588,00;209,00;5.297.418,00;126,00;3.976.729,00;124,00;5.225.839,00;140,00;3.712.328,00;1.084,00;339.166,00;84,00;966.696,00;88,00;827.060,00;91,00;336.504,00;62,00;4.481.717,00;224,00;140.286,00;981,00;5.320.772,00;793,00;804.849,00;284,00;410.895,00;9,00;109.919,00;5,00;0,00;0,00;25.053,00;285,00;3.735.022,00;1.852,00;1.458.833,00;1.340,00;50.701,00;488,00;3.392,79;10.516,00;-2.007,00;633,00;2.857,00;35.562,13;3.182,00;32.380,13;490.098,44;347,38;74.378,79;510,45;56.587,64;0,00;30.011.320,70;845,72;16,55;0,77;0,15;0,00;0,10;0,24;19,00;0,00;0,00;8,64;2.130,13;968,65;;23.650,00;22,50;;901.888,00;6,14;;1.172.230,00;46.530,00;757%;14,64;238%;1.979.588,00;940,00;6.487.964,00;277,00;4.681.878,00;0,00;5.213.830,00;958,00;0,00;0,00;0,00;0,00;340.359,00;0,00;17.346,00;0,00;0,00;0,00;0,00;0,00;0,00;417.021,30;91.098.403,00;32.715,00;43.113,20;;4.280,00;97.912,10;37.742,36;49.566,00;12.214,04;116.568,48;0,00;0,00;0,00;116.568,48;128.782,53;0,00;33.619.328,01;;;;;;;;;;;;;;;;;;;;;;;;;;;;;;;;;;;;
24/03/2025;5.969,29;1.431,80;5.967,70;1.432,20;1.335,06;732,45;9.545,45;12.743.748,48;48.109,07;16.357,96;3.878,79;9.545,45;156.144.079,74;85,91;11.115.837,61;4.333.251,96;1,00;11.115.837,61;130.096,45;81.987,38;82.073,29;76.415,00;5.658,29;26.632.794,00;2.570,00;96.335,00;65,00;422.267,00;160,00;12.810.714,00;2.712,00;35.646.788,00;21.560,00;25.254.122,00;6.634,00;228.470,00;44,00;786.177,00;589,00;6.171.586,00;223,00;766.457,00;10.970,00;454.635,00;7.975,00;;;2.084.590,00;11.724,00;1.362.036,00;3.443,00;2.311.424,00;12.272,00;11.954,00;132,00;83.828,00;667,00;24.133.500,00;4.530,00;3.616.031,00;1.608,00;84.811,00;34,00;3.865.320,00;1.488,00;507.805,00;326,00;166.752,00;39,00;59.434,70;975,29;11.217.879,00;557,00;270.075,00;309,00;248,00;10.879.813,00;225,00;5.298.384,00;966,00;3.977.284,00;555,00;5.225.978,00;139,00;3.713.433,00;1.105,00;339.261,00;95,00;966.783,00;87,00;827.406,00;346,00;336.862,00;358,00;4.482.461,00;744,00;141.016,00;730,00;5.321.924,00;1.152,00;805.133,00;284,00;410.905,00;10,00;110.140,00;221,00;0,00;0,00;25.331,00;278,00;3.736.910,00;1.888,00;1.460.213,00;1.380,00;51.079,00;378,00;4.518,00;35.414,00;583,30;1.263,00;1.608,00;43.204,99;3.288,00;39.916,99;492.647,50;2.549,06;76.520,99;2.142,20;56.587,64;0,00;30.012.626,38;1.305,68;58,01;0,73;0,61;0,00;0,72;1,33;23,30;0,00;0,00;11,05;2.666,64;1.264,65;;23.688,70;38,70;;928.832,00;26,94;;1.220.470,00;48.240,00;179%;23,12;86%;1.984.553,00;4.965,00;6.490.533,00;2.569,00;4.684.514,00;2.636,00;5.215.474,00;1.644,00;0,00;0,00;0,00;0,00;340.359,00;0,00;17.346,00;0,00;0,00;0,00;0,00;0,00;0,00;417.021,30;91.135.589,00;37.186,00;43.145,20;;4.280,00;97.996,20;37.750,66;49.566,00;16.264,80;143.701,17;0,00;0,00;0,00;143.701,17;159.965,97;63.612,00;33.682.940,01;;;;;;;;;;;;;;;;;;;;;;;;;;;;;;;;;;;;
25/03/2025;5.969,45;1.431,80;5.967,85;1.432,20;1.335,89;733,02;9.545,45;12.751.671,20;7.922,72;16.358,09;3.878,79;9.545,45;156.145.358,83;1.279,09;11.249.812,90;4.373.680,43;1,00;11.249.812,90;133.975,29;126.052,57;127.331,66;120.841,00;6.490,66;26.643.352,00;10.558,00;96.426,00;91,00;422.482,00;215,00;12.818.621,00;7.907,00;35.660.968,00;14.180,00;25.268.336,00;14.214,00;228.523,00;53,00;786.769,00;592,00;6.173.830,00;2.244,00;778.490,00;12.033,00;462.879,00;8.244,00;;;2.101.648,00;17.058,00;1.380.656,00;18.620,00;2.327.099,00;15.675,00;12.094,00;140,00;84.701,00;873,00;24.144.096,00;10.596,00;3.616.366,00;335,00;84.845,00;34,00;3.867.006,00;1.686,00;508.037,00;232,00;166.862,00;110,00;60.452,62;1.017,92;11.222.139,00;4.260,00;270.260,00;185,00;4.075,00;10.883.817,00;4.004,00;5.301.231,00;2.847,00;3.980.872,00;3.588,00;5.227.854,00;1.876,00;3.714.615,00;1.182,00;339.613,00;352,00;966.874,00;91,00;828.530,00;1.124,00;337.707,00;845,00;4.483.895,00;1.434,00;142.743,00;1.727,00;5.323.720,00;1.796,00;805.516,00;383,00;411.091,00;186,00;110.490,00;350,00;0,00;0,00;25.639,00;308,00;3.738.817,00;1.907,00;1.461.523,00;1.310,00;51.810,00;731,00;25.185,00;59.597,00;-1.666,90;1.119,00;335,00;67.947,56;3.789,00;64.158,56;522.182,60;29.535,10;81.673,26;5.152,27;60.106,32;3.518,68;30.020.692,39;8.066,01;133,05;168,94;1,47;1,00;8,40;10,87;53,33;0,00;0,00;31,40;7.733,76;4.553,54;;23.753,90;65,20;;986.720,00;57,89;;1.281.180,00;60.710,00;105%;47,86;83%;1.990.035,00;5.482,00;6.491.310,00;777,00;4.684.744,00;230,00;5.216.404,00;930,00;0,00;0,00;0,00;0,00;340.359,00;0,00;17.347,00;1,00;0,00;0,00;0,00;0,00;0,00;417.021,30;91.174.686,00;39.097,00;43.177,40;;4.280,00;98.072,00;37.765,00;49.566,00;90.666,00;230.970,80;0,00;0,00;0,00;230.970,80;321.636,80;1.975.450,00;35.658.390,01;;;;;;;;;;;;;;;;;;;;;;;;;;;;;;;;;;;;
26/03/2025;5.970,89;1.431,80;5.969,29;1.432,20;1.335,98;733,49;9.545,45;12.752.530,29;859,09;16.359,52;3.878,79;9.545,45;156.158.980,18;13.621,36;11.382.867,59;4.424.998,90;1,00;11.382.867,59;133.054,69;132.195,60;145.816,96;137.989,00;7.827,96;26.655.250,00;11.898,00;96.509,00;83,00;422.693,00;211,00;12.827.088,00;8.467,00;35.678.792,00;17.824,00;25.283.492,00;15.156,00;228.666,00;143,00;787.378,00;609,00;6.177.717,00;3.887,00;790.379,00;11.889,00;471.433,00;8.554,00;;;2.119.354,00;17.706,00;1.402.627,00;21.971,00;2.348.423,00;21.324,00;12.241,00;147,00;85.814,00;1.113,00;24.155.850,00;11.754,00;3.616.678,00;312,00;84.879,00;34,00;3.868.905,00;1.899,00;508.465,00;428,00;166.970,00;108,00;61.493,29;1.040,67;11.226.742,00;4.603,00;270.430,00;170,00;4.433,00;10.888.383,00;4.566,00;5.304.319,00;3.088,00;3.984.260,00;3.388,00;5.231.238,00;3.384,00;3.715.559,00;944,00;339.661,00;48,00;966.905,00;31,00;829.889,00;1.359,00;338.324,00;617,00;4.485.351,00;1.456,00;144.332,00;1.589,00;5.325.490,00;1.770,00;805.838,00;322,00;411.352,00;261,00;111.031,00;541,00;0,00;0,00;25.947,00;308,00;3.740.354,00;1.537,00;1.462.419,00;896,00;52.499,00;689,00;28.057,00;69.555,00;2.465,50;1.315,00;312,00;72.169,46;3.483,50;68.685,96;556.741,44;34.558,84;85.725,34;4.052,08;63.863,17;3.756,85;30.030.151,44;9.459,05;109,04;164,43;1,15;1,07;9,83;12,05;57,43;0,00;0,00;32,92;8.204,83;4.703,17;;23.825,50;71,60;;1.050.960,00;64,24;;1.349.300,00;68.120,00;106%;55,69;87%;1.993.428,00;3.393,00;6.491.848,00;538,00;4.685.162,00;418,00;5.219.372,00;2.968,00;0,00;0,00;0,00;0,00;340.359,00;0,00;17.348,00;1,00;0,00;0,00;0,00;0,00;0,00;417.021,30;91.214.493,00;39.807,00;43.210,60;;4.280,00;98.136,00;37.779,00;49.566,00;101.005,20;247.269,44;0,00;0,00;0,00;247.269,44;348.274,64;2.376.108,74;38.034.498,75;;;;;;;;;;;;;;;;;;;;;;;;;;;;;;;;;;;;
27/03/2025;5.973,07;1.431,80;5.971,48;1.432,20;1.336,04;733,92;9.545,45;12.753.103,02;572,73;16.361,69;3.878,79;9.545,45;156.179.722,45;20.742,26;11.515.024,90;4.475.471,00;1,00;11.515.024,90;132.157,31;131.584,58;152.326,85;144.950,00;7.376,85;26.665.936,00;10.686,00;96.581,00;72,00;422.908,00;215,00;12.835.258,00;8.170,00;35.701.696,00;22.904,00;25.299.390,00;15.898,00;228.802,00;136,00;787.963,00;585,00;6.182.284,00;4.567,00;802.447,00;12.068,00;479.313,00;7.880,00;;;2.136.349,00;16.995,00;1.419.778,00;17.151,00;2.377.537,00;29.114,00;12.395,00;154,00;87.173,00;1.359,00;24.167.814,00;11.964,00;3.618.817,00;2.139,00;84.915,00;36,00;3.870.820,00;1.915,00;508.796,00;331,00;167.144,00;174,00;62.532,87;1.039,58;11.230.554,00;3.812,00;270.651,00;221,00;3.591,00;10.892.548,00;4.165,00;5.306.768,00;2.449,00;3.987.687,00;3.427,00;5.235.245,00;4.007,00;3.716.529,00;970,00;339.661,00;0,00;966.905,00;0,00;831.089,00;1.200,00;338.934,00;610,00;4.486.957,00;1.606,00;145.850,00;1.518,00;5.327.303,00;1.813,00;806.241,00;403,00;411.647,00;295,00;111.607,00;576,00;0,00;0,00;26.267,00;320,00;3.741.824,00;1.470,00;1.463.188,00;769,00;53.225,00;726,00;23.452,30;71.140,00;7.171,60;1.311,00;2.139,00;70.565,25;3.473,50;67.091,75;587.962,30;31.220,86;90.461,20;4.735,86;71.362,94;7.499,77;30.038.495,00;8.343,56;131,82;258,96;1,35;2,13;8,88;12,36;52,78;0,00;0,00;31,73;7.928,59;4.766,47;;23.902,40;76,90;;1.121.776,00;70,82;;1.414.362,00;65.062,00;92%;58,27;82%;1.997.546,00;4.118,00;6.492.414,00;566,00;4.685.362,00;200,00;5.220.905,00;1.533,00;0,00;0,00;0,00;0,00;340.359,00;0,00;17.348,00;0,00;0,00;0,00;0,00;0,00;0,00;417.021,30;91.253.453,00;38.960,00;43.243,10;;4.280,00;98.202,30;37.793,90;49.566,00;84.428,28;241.530,29;0,00;0,00;0,00;241.530,29;325.958,57;1.831.233,70;39.865.732,45;;;;;;;;;;;;;;;;;;;;;;;;;;;;;;;;;;;;
28/03/2025;5.974,60;1.431,80;5.973,01;1.432,20;1.336,22;734,37;9.545,45;12.754.821,20;1.718,18;16.363,21;3.878,79;9.545,45;156.194.183,80;14.461,36;11.646.150,00;4.521.463,10;1,00;11.646.150,00;131.125,10;129.406,92;143.868,28;138.359,00;5.509,28;26.672.946,00;7.010,00;96.654,00;73,00;423.137,00;229,00;12.842.574,00;7.316,00;35.723.872,00;22.176,00;25.312.424,00;13.034,00;228.933,00;131,00;788.563,00;600,00;6.184.679,00;2.395,00;813.939,00;11.492,00;487.546,00;8.233,00;;;2.154.664,00;18.315,00;1.432.826,00;13.048,00;2.412.369,00;34.832,00;12.559,00;164,00;88.153,00;980,00;24.178.950,00;11.136,00;3.622.610,00;3.793,00;84.957,00;42,00;3.872.753,00;1.933,00;509.190,00;394,00;167.318,00;174,00;63.548,00;1.015,13;11.233.254,00;2.700,00;270.990,00;339,00;2.361,00;10.895.199,00;2.651,00;5.309.802,00;3.034,00;3.991.131,00;3.444,00;5.237.445,00;2.200,00;3.717.489,00;960,00;339.661,00;0,00;966.905,00;0,00;831.890,00;801,00;339.604,00;670,00;4.488.100,00;1.143,00;147.407,00;1.557,00;5.328.869,00;1.566,00;806.643,00;402,00;411.723,00;76,00;111.935,00;328,00;0,00;0,00;26.577,00;310,00;3.743.257,00;1.433,00;1.463.986,00;798,00;53.856,00;631,00;17.387,00;74.428,00;5.552,00;1.507,00;3.793,00;58.588,28;3.340,50;55.247,78;606.981,50;19.019,20;92.646,51;2.185,31;71.362,94;0,00;30.043.298,78;4.803,78;63,35;0,80;0,62;0,00;5,41;6,03;47,99;0,00;0,00;26,40;7.106,31;3.909,28;;23.940,00;37,60;;1.144.450,00;22,67;;1.459.270,00;44.908,00;198%;20,72;91%;2.002.597,00;5.051,00;6.493.080,00;666,00;4.685.362,00;0,00;5.222.433,00;1.528,00;0,00;0,00;0,00;0,00;340.359,00;0,00;17.348,00;0,00;0,00;0,00;0,00;0,00;0,00;417.021,30;91.293.245,00;39.792,00;43.275,20;;4.280,00;98.302,00;37.809,00;49.566,00;62.593,20;198.891,99;0,00;0,00;0,00;198.891,99;261.485,19;1.389.788,00;41.255.520,45;;;;;;;;;;;;;;;;;;;;;;;;;;;;;;;;;;;;
29/03/2025;5.977,87;1.431,80;5.976,27;1.432,20;1.336,22;734,79;9.545,45;12.754.821,20;0,00;16.366,47;3.878,79;9.545,45;156.225.330,61;31.146,80;11.779.123,00;4.575.887,00;1,00;11.779.123,00;132.973,00;132.973,00;164.119,80;154.725,00;9.394,80;26.682.468,00;9.522,00;96.725,00;71,00;423.336,00;199,00;12.851.018,00;8.444,00;35.746.436,00;22.564,00;25.327.202,00;14.778,00;229.062,00;129,00;789.155,00;592,00;6.187.670,00;2.991,00;825.767,00;11.828,00;495.782,00;8.236,00;;;2.172.913,00;18.249,00;1.455.192,00;22.366,00;2.445.915,00;33.546,00;12.706,00;147,00;89.349,00;1.196,00;24.192.378,00;13.428,00;3.626.515,00;3.905,00;84.991,00;34,00;3.874.530,00;1.777,00;509.506,00;316,00;167.343,00;25,00;64.543,00;995,00;11.238.128,00;4.874,00;271.302,00;312,00;4.562,00;10.899.083,00;3.884,00;5.312.498,00;2.696,00;3.994.607,00;3.476,00;5.240.157,00;2.712,00;3.718.529,00;1.040,00;340.017,00;356,00;967.306,00;401,00;833.127,00;1.237,00;340.352,00;748,00;4.489.728,00;1.628,00;148.746,00;1.339,00;5.330.599,00;1.730,00;807.053,00;410,00;411.854,00;131,00;112.443,00;508,00;0,00;0,00;26.881,00;304,00;3.744.702,00;1.445,00;1.464.858,00;872,00;54.468,00;612,00;31.234,00;82.397,00;7.022,70;1.245,00;3.905,00;69.550,10;3.249,50;66.300,60;635.930,00;28.948,50;96.399,63;3.753,12;72.072,75;709,81;30.050.667,40;7.368,62;115,87;23,41;1,07;0,20;8,23;9,50;56,63;0,00;0,00;33,80;8.146,91;4.862,54;;23.985,30;45,30;;1.176.820,00;32,37;;1.507.960,00;48.690,00;150%;10,86;34%;2.004.629,00;2.032,00;6.493.161,00;81,00;4.685.362,00;0,00;5.224.201,00;1.768,00;0,00;0,00;0,00;0,00;340.359,00;0,00;17.348,00;0,00;0,00;0,00;0,00;0,00;0,00;417.021,30;91.330.281,00;37.036,00;43.307,10;;4.280,00;98.374,10;37.824,00;49.566,00;112.442,40;238.682,17;0,00;0,00;0,00;238.682,17;351.124,57;2.313.122,00;43.568.642,45;;;;;;;;;;;;;;;;;;;;;;;;;;;;;;;;;;;;
30/03/2025;5.978,31;1.431,80;5.976,72;1.432,20;1.337,67;735,27;9.545,45;12.768.662,10;13.840,90;16.366,91;3.878,79;9.545,45;156.229.521,06;4.190,45;11.914.921,62;4.615.516,94;1,00;11.914.921,62;135.798,62;121.957,72;126.148,17;119.038,00;7.110,17;26.689.242,00;6.774,00;96.788,00;63,00;423.514,00;178,00;12.856.218,00;5.200,00;35.769.052,00;22.616,00;25.337.150,00;9.948,00;229.187,00;125,00;789.721,00;566,00;6.190.719,00;3.049,00;836.866,00;11.099,00;503.967,00;8.185,00;;;2.190.324,00;17.411,00;1.463.537,00;8.345,00;2.475.836,00;29.921,00;12.852,00;146,00;90.103,00;754,00;24.200.102,00;7.724,00;3.630.376,00;3.861,00;85.025,00;34,00;3.875.291,00;761,00;509.516,00;10,00;167.355,00;12,00;65.513,98;970,98;11.240.237,00;2.109,00;271.304,00;2,00;2.107,00;10.900.947,00;1.864,00;5.312.652,00;154,00;3.994.795,00;188,00;5.242.658,00;2.501,00;3.719.532,00;1.003,00;340.107,00;90,00;967.404,00;98,00;833.890,00;763,00;340.634,00;282,00;4.490.940,00;1.212,00;150.557,00;1.811,00;5.332.004,00;1.405,00;807.446,00;393,00;412.162,00;308,00;112.720,00;277,00;0,00;0,00;27.168,00;287,00;3.746.136,00;1.434,00;1.465.775,00;917,00;54.969,00;501,00;9.442,00;63.862,00;3.764,70;590,00;3.861,00;54.070,47;2.602,50;51.467,97;650.351,00;14.421,00;99.465,31;3.065,68;79.470,02;7.397,27;30.054.871,52;4.204,12;108,14;208,49;0,87;2,10;4,10;7,08;35,04;0,00;0,00;18,81;5.041,70;2.706,46;;24.051,30;66,00;;1.236.510,00;59,69;;1.565.690,00;57.730,00;97%;20,22;34%;2.009.528,00;4.899,00;6.493.901,00;740,00;4.685.881,00;519,00;5.226.291,00;2.090,00;0,00;0,00;0,00;0,00;340.359,00;0,00;17.348,00;0,00;0,00;0,00;0,00;0,00;0,00;417.021,30;91.368.659,00;38.378,00;43.338,90;;4.280,00;98.435,60;37.841,14;49.566,00;33.991,20;185.284,69;0,00;0,00;0,00;185.284,69;219.275,89;629.385,54;44.198.027,99;;;;;;;;;;;;;;;;;;;;;;;;;;;;;;;;;;;;
31/03/2025;5.980,83;1.431,80;5.979,23;1.432,20;1.337,94;735,72;9.545,45;12.771.239,37;2.577,27;16.369,42;3.878,79;9.545,45;156.253.489,68;23.968,62;12.048.610,00;4.665.625,53;1,00;12.048.610,00;133.688,38;131.111,11;155.079,73;147.229,00;7.850,73;26.699.732,00;10.490,00;96.853,00;65,00;423.727,00;213,00;12.863.704,00;7.486,00;35.791.336,00;22.284,00;25.351.416,00;14.266,00;229.315,00;128,00;790.301,00;580,00;6.194.205,00;3.486,00;848.881,00;12.015,00;512.172,00;8.205,00;;;2.209.901,00;19.577,00;1.478.910,00;15.373,00;2.509.352,00;33.516,00;12.988,00;136,00;90.984,00;881,00;24.212.324,00;12.222,00;3.634.275,00;3.899,00;85.063,00;38,00;3.877.961,00;2.670,00;509.868,00;352,00;167.467,00;112,00;66.570,41;1.056,43;11.243.835,00;3.598,00;271.306,00;2,00;3.596,00;10.904.572,00;3.625,00;5.315.161,00;2.509,00;3.998.056,00;3.261,00;5.245.597,00;2.939,00;3.720.721,00;1.189,00;340.203,00;96,00;967.511,00;107,00;834.972,00;1.082,00;341.202,00;568,00;4.492.090,00;1.150,00;152.310,00;1.753,00;5.333.872,00;1.868,00;807.780,00;334,00;412.464,00;302,00;113.081,00;361,00;0,00;0,00;27.475,00;307,00;3.747.983,00;1.847,00;1.466.996,00;1.221,00;55.549,00;580,00;21.909,00;76.671,00;5.645,50;1.046,00;3.899,00;67.818,23;4.069,00;63.749,23;670.937,80;20.586,80;101.784,18;2.318,87;84.694,63;5.224,61;30.062.869,67;7.998,15;89,89;182,53;0,66;1,49;5,86;8,00;52,03;0,00;0,00;22,98;7.329,89;3.237,38;;24.124,50;73,20;;1.289.168,00;52,66;;1.616.054,00;50.364,00;96%;3,88;7%;2.014.595,00;5.067,00;6.495.432,00;1.531,00;4.686.293,00;412,00;5.228.029,00;1.738,00;0,00;0,00;0,00;0,00;340.359,00;0,00;17.348,00;0,00;0,00;0,00;0,00;0,00;0,00;417.021,30;91.408.564,00;39.905,00;43.371,40;;4.280,00;98.501,20;37.857,30;49.566,00;78.872,40;229.497,24;0,00;0,00;0,00;229.497,24;308.369,64;1.794.121,78;45.992.149,77;;;;;;;;;;;;;;;;;;;;;;;;;;;;;;;;;;;;
01/04/2025;5.984,97;1.431,80;5.983,37;1.432,20;1.337,94;736,10;9.545,45;12.771.239,37;0,00;16.373,56;3.878,79;9.545,45;156.293.017,39;39.527,71;12.182.059,20;4.725.910,57;1,00;12.182.059,20;133.449,20;133.449,20;172.976,91;164.917,00;8.059,91;26.711.938,00;12.206,00;96.925,00;72,00;423.926,00;199,00;12.872.217,00;8.513,00;35.814.152,00;22.816,00;25.364.502,00;13.086,00;229.440,00;125,00;790.835,00;534,00;6.194.672,00;467,00;860.715,00;11.834,00;520.406,00;8.234,00;;;2.237.997,00;28.096,00;1.500.702,00;21.792,00;2.544.168,00;34.816,00;13.137,00;149,00;92.128,00;1.144,00;24.224.082,00;11.758,00;3.635.295,00;1.020,00;85.097,00;34,00;3.879.807,00;1.846,00;510.218,00;350,00;167.612,00;145,00;67.638,11;1.067,70;11.248.068,00;4.233,00;271.468,00;162,00;4.071,00;10.909.033,00;4.461,00;5.317.996,00;2.835,00;4.001.681,00;3.625,00;5.245.952,00;355,00;3.721.729,00;1.008,00;340.399,00;196,00;968.300,00;789,00;836.400,00;1.428,00;341.972,00;770,00;4.493.626,00;1.536,00;154.130,00;1.820,00;5.335.538,00;1.666,00;808.120,00;340,00;412.493,00;29,00;113.599,00;518,00;0,00;0,00;27.783,00;308,00;3.749.526,00;1.543,00;1.467.943,00;947,00;56.268,00;719,00;29.606,00;92.938,00;7.154,80;1.191,00;1.020,00;70.673,11;3.493,00;67.180,11;44.616,85;44.616,85;5.998,49;5.998,49;3.467,70;3.467,70;30.072.662,82;9.793,15;133,25;159,50;1,71;0,99;12,69;15,38;57,43;0,00;0,00;39,82;8.370,90;5.804,10;;24.174,20;49,70;;50.608,00;50,61;;62.419,00;62.419,00;123%;57,05;113%;2.020.283,00;5.688,00;6.496.048,00;616,00;4.686.303,00;10,00;5.230.022,00;1.993,00;0,00;0,00;0,00;0,00;340.359,00;0,00;17.350,00;2,00;0,00;0,00;0,00;0,00;0,00;417.021,30;91.447.444,00;38.880,00;43.403,60;;4.280,00;98.582,00;37.870,00;49.566,00;106.581,60;241.848,39;0,00;0,00;0,00;241.848,39;348.429,99;2.097.471,85;2.097.471,85;;;;;;;;;;;;;;;;;;;;;;;;;;;;;;;;;;;;
02/04/2025;5.988,43;1.431,80;5.986,83;1.432,20;1.337,96;736,53;9.545,45;12.771.430,28;190,91;16.377,01;3.878,79;9.545,45;156.325.958,74;32.941,35;12.316.367,91;4.781.600,13;1,00;12.316.367,91;134.308,71;134.117,80;167.059,15;159.329,00;7.730,15;26.723.628,00;11.690,00;97.003,00;78,00;424.134,00;208,00;12.880.415,00;8.198,00;35.836.780,00;22.628,00;25.377.880,00;13.378,00;229.557,00;117,00;791.449,00;614,00;6.194.917,00;245,00;872.776,00;12.061,00;528.621,00;8.215,00;;;2.264.088,00;26.091,00;1.520.857,00;20.155,00;2.578.214,00;34.046,00;13.293,00;156,00;93.208,00;1.080,00;24.235.164,00;11.082,00;3.635.577,00;282,00;85.131,00;34,00;3.881.637,00;1.830,00;510.564,00;346,00;167.641,00;29,00;68.703,29;1.065,18;11.252.774,00;4.706,00;271.805,00;337,00;4.369,00;10.912.951,00;3.918,00;5.320.676,00;2.680,00;4.005.360,00;3.679,00;5.246.111,00;159,00;3.722.696,00;967,00;341.014,00;615,00;968.951,00;651,00;837.977,00;1.577,00;342.959,00;987,00;4.494.908,00;1.282,00;155.856,00;1.726,00;5.337.358,00;1.820,00;808.469,00;349,00;412.505,00;12,00;114.082,00;483,00;0,00;0,00;28.106,00;323,00;3.751.226,00;1.700,00;1.468.995,00;1.052,00;56.997,00;729,00;27.028,00;88.507,00;6.598,80;1.326,00;282,00;70.345,35;3.667,00;66.678,35;79.090,00;34.473,15;9.091,12;3.092,63;8.390,91;4.923,21;30.081.713,68;9.050,86;74,68;262,46;0,88;1,40;9,80;12,08;53,83;0,00;0,00;29,63;7.929,09;4.364,46;;24.227,20;53,00;;91.056,00;40,45;;115.864,00;53.445,00;132%;21,53;53%;2.025.484,00;5.201,00;6.496.493,00;445,00;4.686.501,00;198,00;5.232.316,00;2.294,00;0,00;0,00;0,00;0,00;340.359,00;0,00;17.362,00;12,00;0,00;0,00;0,00;0,00;0,00;417.021,30;91.486.296,00;38.852,00;43.435,40;;4.280,00;98.667,36;37.881,00;49.566,00;97.300,80;240.042,06;0,00;0,00;0,00;240.042,06;337.342,86;2.061.372,93;4.158.844,78;;;;;;;;;;;;;;;;;;;;;;;;;;;;;;;;;;;;
03/04/2025;5.992,32;1.431,80;5.990,72;1.432,20;1.337,96;736,93;9.545,45;12.771.430,28;0,00;16.380,91;3.878,79;9.545,45;156.363.109,63;37.150,89;12.450.000,35;4.838.742,15;1,00;12.450.000,35;133.632,44;133.632,44;170.783,33;161.653,00;9.130,33;26.735.404,00;11.776,00;97.076,00;73,00;424.337,00;203,00;12.888.018,00;7.603,00;35.859.460,00;22.680,00;25.390.530,00;12.650,00;229.684,00;127,00;792.086,00;637,00;6.195.421,00;504,00;884.536,00;11.760,00;536.778,00;8.157,00;;;2.292.479,00;28.391,00;1.540.284,00;19.427,00;2.612.560,00;34.346,00;13.434,00;141,00;94.268,00;1.060,00;24.248.184,00;13.020,00;3.638.823,00;3.246,00;85.167,00;36,00;3.883.475,00;1.838,00;510.911,00;347,00;167.758,00;117,00;69.744,13;1.040,84;11.257.512,00;4.738,00;272.139,00;334,00;4.404,00;10.916.992,00;4.041,00;5.323.233,00;2.557,00;4.008.432,00;3.072,00;5.246.458,00;347,00;3.723.721,00;1.025,00;341.159,00;145,00;969.660,00;709,00;839.573,00;1.596,00;343.693,00;734,00;4.496.405,00;1.497,00;157.607,00;1.751,00;5.339.187,00;1.829,00;808.838,00;369,00;412.565,00;60,00;114.545,00;463,00;0,00;0,00;28.429,00;323,00;3.752.693,00;1.467,00;1.469.851,00;856,00;57.628,00;631,00;25.385,00;90.321,00;6.003,50;1.435,00;3.246,00;69.777,83;3.340,00;66.437,83;113.985,94;34.895,94;14.010,90;4.919,78;10.638,15;2.247,24;30.090.886,13;9.172,45;141,63;164,48;1,40;0,64;9,92;11,96;50,38;0,00;0,00;24,66;7.371,88;3.608,97;;24.279,50;52,30;;133.808,00;42,75;;167.728,00;51.864,00;121%;18,36;43%;2.030.956,00;5.472,00;6.498.325,00;1.832,00;4.688.144,00;1.643,00;5.233.772,00;1.456,00;0,00;0,00;0,00;0,00;340.359,00;0,00;17.363,00;1,00;0,00;0,00;0,00;0,00;0,00;417.021,30;91.525.168,00;38.872,00;43.467,60;;4.280,00;98.743,00;37.894,00;49.566,00;91.386,00;239.176,19;0,00;0,00;0,00;239.176,19;330.562,19;2.045.066,35;6.203.911,13;;;;;;;;;;;;;;;;;;;;;;;;;;;;;;;;;;;;
04/04/2025;5.997,26;1.431,80;5.995,66;1.432,20;1.337,96;737,29;9.545,45;12.771.430,28;0,00;16.385,84;3.878,79;9.545,45;156.410.245,06;47.135,43;12.582.263,17;4.900.007,96;1,00;12.582.263,17;132.262,82;132.262,82;179.398,25;171.368,00;8.030,25;26.746.832,00;11.428,00;97.152,00;76,00;424.538,00;201,00;12.896.423,00;8.405,00;35.882.224,00;22.764,00;25.405.414,00;14.884,00;229.808,00;124,00;792.720,00;634,00;6.198.860,00;3.439,00;896.624,00;12.088,00;544.977,00;8.199,00;;;2.320.590,00;28.111,00;1.563.744,00;23.460,00;2.648.576,00;36.016,00;13.577,00;143,00;95.513,00;1.245,00;24.262.396,00;14.212,00;3.643.212,00;4.389,00;85.203,00;36,00;3.885.298,00;1.823,00;511.200,00;289,00;167.933,00;175,00;70.789,21;1.045,08;11.262.151,00;4.639,00;272.182,00;43,00;4.596,00;10.921.590,00;4.598,00;5.325.944,00;2.711,00;4.011.556,00;3.124,00;5.249.518,00;3.060,00;3.724.617,00;896,00;341.266,00;107,00;969.844,00;184,00;840.957,00;1.384,00;344.323,00;630,00;4.498.055,00;1.650,00;159.355,00;1.748,00;5.341.116,00;1.929,00;809.167,00;329,00;412.754,00;189,00;115.048,00;503,00;0,00;0,00;28.749,00;320,00;3.754.180,00;1.487,00;1.470.751,00;900,00;58.227,00;599,00;30.179,00;95.786,00;6.828,00;1.141,00;4.389,00;71.254,25;3.317,50;67.936,75;147.966,94;33.981,00;19.616,98;5.606,08;13.001,85;2.363,70;30.099.777,15;8.891,02;145,38;96,20;1,59;0,67;9,66;11,93;57,68;0,00;0,00;38,93;8.098,84;5.466,16;;24.341,00;61,50;;182.944,00;49,14;;226.648,00;58.920,00;120%;23,30;47%;2.033.507,00;2.551,00;6.498.828,00;503,00;4.688.359,00;215,00;5.235.447,00;1.675,00;0,00;0,00;0,00;0,00;340.359,00;0,00;17.363,00;0,00;0,00;0,00;0,00;0,00;0,00;417.021,30;91.565.451,00;40.283,00;43.500,80;;4.280,00;98.813,00;37.904,00;49.566,00;108.644,40;244.572,31;0,00;0,00;0,00;244.572,31;353.216,71;2.477.994,25;8.681.905,38;;;;;;;;;;;;;;;;;;;;;;;;;;;;;;;;;;;;
05/04/2025;5.997,98;1.431,80;5.996,38;1.432,21;1.338,41;737,75;9.545,45;12.775.725,73;4.295,45;16.386,55;3.878,79;9.545,45;156.416.984,15;6.739,09;12.714.798,00;4.941.251,00;1,00;12.714.798,00;132.534,83;128.239,38;134.978,47;129.553,00;5.425,47;26.754.234,00;7.402,00;97.220,00;68,00;424.706,00;168,00;12.903.265,00;6.842,00;35.905.092,00;22.868,00;25.418.174,00;12.760,00;229.932,00;124,00;793.313,00;593,00;6.202.234,00;3.374,00;908.170,00;11.546,00;552.449,00;7.472,00;;;2.347.034,00;26.444,00;1.576.456,00;12.712,00;2.667.041,00;18.465,00;13.719,00;142,00;96.582,00;1.069,00;24.272.910,00;10.514,00;3.647.505,00;4.293,00;85.238,00;35,00;3.887.074,00;1.776,00;511.653,00;453,00;168.035,00;102,00;71.737,00;947,79;11.264.742,00;2.591,00;272.275,00;93,00;2.498,00;10.923.920,00;2.330,00;5.327.866,00;1.922,00;4.013.625,00;2.069,00;5.252.585,00;3.067,00;3.725.541,00;924,00;341.368,00;102,00;969.964,00;120,00;841.686,00;729,00;344.868,00;545,00;4.499.532,00;1.477,00;161.227,00;1.872,00;5.342.532,00;1.416,00;809.500,00;333,00;412.895,00;141,00;115.453,00;405,00;0,00;0,00;29.056,00;307,00;3.755.779,00;1.599,00;1.471.773,00;1.022,00;58.791,00;564,00;17.176,00;65.093,00;5.321,90;1.241,00;4.293,00;59.029,57;3.358,00;55.671,57;165.069,66;17.102,72;24.370,66;4.753,68;14.199,02;1.197,17;30.104.517,79;4.740,64;153,90;32,98;1,35;0,34;4,86;6,56;42,74;0,00;0,00;23,00;6.675,05;3.592,10;;24.388,10;47,10;;218.192,00;35,25;;274.825,00;48.177,00;137%;19,30;55%;2.037.407,00;3.900,00;6.499.112,00;284,00;4.688.381,00;22,00;5.236.868,00;1.421,00;0,00;0,00;0,00;0,00;340.359,00;0,00;17.363,00;0,00;0,00;0,00;0,00;0,00;0,00;417.021,30;91.603.666,00;38.215,00;43.532,20;;4.280,00;98.921,00;37.922,00;49.566,00;61.833,60;200.417,63;0,00;0,00;0,00;200.417,63;262.251,23;1.467.850,00;10.149.755,38;;;;;;;;;;;;;;;;;;;;;;;;;;;;;;;;;;;;
06/04/2025;5.998,25;1.431,80;5.996,65;1.432,21;1.339,64;739,02;9.545,45;12.787.466,64;11.740,90;16.386,80;3.878,79;9.545,45;156.419.380,06;2.395,91;12.840.440,61;4.984.807,83;1,00;12.840.440,61;125.642,61;113.901,71;116.297,61;109.355,00;6.942,61;26.759.340,00;5.106,00;97.291,00;71,00;424.875,00;169,00;12.908.933,00;5.668,00;35.926.012,00;20.920,00;25.431.872,00;13.698,00;230.055,00;123,00;793.856,00;543,00;6.206.592,00;4.358,00;915.507,00;7.337,00;557.065,00;4.616,00;;;2.373.239,00;26.205,00;1.582.803,00;6.347,00;2.683.973,00;16.932,00;13.825,00;106,00;97.178,00;596,00;24.280.052,00;7.142,00;3.651.149,00;3.644,00;85.272,00;34,00;3.888.652,00;1.578,00;512.142,00;489,00;168.061,00;26,00;72.759,21;1.022,21;11.265.154,00;412,00;272.475,00;200,00;212,00;10.924.121,00;201,00;5.330.735,00;2.869,00;4.016.743,00;3.118,00;5.256.382,00;3.797,00;3.726.460,00;919,00;341.469,00;101,00;970.070,00;106,00;841.985,00;299,00;345.438,00;570,00;4.500.592,00;1.060,00;162.891,00;1.664,00;5.343.726,00;1.194,00;809.816,00;316,00;413.193,00;298,00;115.633,00;180,00;0,00;0,00;29.352,00;296,00;3.757.162,00;1.383,00;1.472.676,00;903,00;59.278,00;487,00;11.569,00;54.100,00;2.124,00;1.258,00;3.644,00;55.171,61;2.955,00;52.216,61;172.956,48;7.886,82;26.274,81;1.904,15;18.817,52;4.618,50;30.107.294,88;2.777,09;57,18;207,29;0,54;1,31;2,24;4,10;33,90;0,00;0,00;17,36;5.535,92;2.834,91;;24.464,00;75,90;;285.584,00;67,39;;337.767,00;62.942,00;93%;38,43;57%;2.041.983,00;4.576,00;6.500.289,00;1.177,00;4.688.381,00;0,00;5.238.508,00;1.640,00;0,00;0,00;0,00;0,00;340.359,00;0,00;17.363,00;0,00;0,00;0,00;0,00;0,00;0,00;417.021,30;91.640.892,00;37.226,00;43.564,40;;4.280,00;98.956,00;37.932,18;49.566,00;41.648,40;187.979,81;0,00;0,00;0,00;187.979,81;229.628,21;801.115,20;10.950.870,58;;;;;;;;;;;;;;;;;;;;;;;;;;;;;;;;;;;;
07/04/2025;6.000,87;1.431,03;5.999,27;1.432,23;1.339,69;739,64;9.545,45;12.787.943,91;477,27;16.389,43;3.878,81;9.545,45;156.444.446,41;25.066,35;12.975.162,87;5.039.568,22;1,00;12.975.162,87;134.722,26;134.244,99;159.311,34;148.309,00;11.002,34;26.770.486,00;11.146,00;97.383,00;92,00;425.088,00;213,00;12.917.414,00;8.481,00;35.948.376,00;22.364,00;25.445.518,00;13.646,00;230.181,00;126,00;794.416,00;560,00;6.208.832,00;2.240,00;927.275,00;11.768,00;565.273,00;8.208,00;;;2.399.011,00;25.772,00;1.600.490,00;17.687,00;2.709.732,00;25.759,00;13.969,00;144,00;98.192,00;1.014,00;24.291.738,00;11.686,00;3.653.132,00;1.983,00;85.311,00;39,00;3.890.446,00;1.794,00;512.556,00;414,00;168.171,00;110,00;73.812,32;1.053,11;11.269.115,00;3.961,00;272.620,00;145,00;3.816,00;10.928.154,00;4.033,00;5.333.506,00;2.771,00;4.020.282,00;3.539,00;5.258.313,00;1.931,00;3.727.464,00;1.004,00;341.568,00;99,00;970.179,00;109,00;843.238,00;1.253,00;346.077,00;639,00;4.502.137,00;1.545,00;164.566,00;1.675,00;5.345.469,00;1.743,00;810.144,00;328,00;413.341,00;148,00;116.013,00;380,00;0,00;0,00;29.675,00;323,00;3.758.715,00;1.553,00;1.473.603,00;927,00;59.902,00;624,00;24.485,00;77.426,00;6.323,70;1.229,00;1.983,00;72.349,64;3.397,00;68.952,64;205.303,40;32.346,92;31.015,88;4.741,07;21.723,20;2.905,68;30.116.057,91;8.763,03;124,63;102,82;1,35;0,83;9,20;11,37;58,13;0,00;0,00;32,42;8.255,81;4.604,39;;24.521,30;57,30;;335.280,00;49,70;;397.754,00;59.987,00;121%;31,71;64%;2.047.192,00;5.209,00;6.500.964,00;675,00;4.688.481,00;100,00;5.239.979,00;1.471,00;0,00;0,00;0,00;0,00;340.359,00;0,00;17.363,00;0,00;0,00;0,00;0,00;0,00;0,00;417.021,30;91.678.952,00;38.060,00;43.596,10;;4.280,00;99.025,30;37.946,00;49.566,00;88.146,00;248.229,50;0,00;0,00;0,00;248.229,50;336.375,50;1.935.679,67;12.886.550,25;;;;;;;;;;;;;;;;;;;;;;;;;;;;;;;;;;;;
08/04/2025;6.004,48;1.431,83;6.002,88;1.432,23;1.339,69;740,01;9.545,45;12.787.943,91;0,00;16.393,02;3.878,81;9.545,45;156.478.771,85;34.325,44;13.106.452,92;5.095.182,05;1,00;13.106.452,92;131.290,05;131.290,05;165.615,49;159.530,00;6.085,49;26.782.028,00;11.542,00;97.458,00;75,00;425.303,00;215,00;12.925.961,00;8.547,00;35.971.208,00;22.832,00;25.460.066,00;14.548,00;230.325,00;144,00;794.986,00;570,00;6.211.169,00;2.337,00;939.078,00;11.803,00;573.439,00;8.166,00;;;2.426.878,00;27.867,00;1.620.251,00;19.761,00;2.738.580,00;28.848,00;14.123,00;154,00;99.163,00;971,00;24.305.520,00;13.782,00;3.657.458,00;4.326,00;85.345,00;34,00;3.892.500,00;2.054,00;513.066,00;510,00;168.318,00;147,00;74.822,12;1.009,80;11.273.324,00;4.209,00;272.880,00;260,00;3.949,00;10.932.588,00;4.434,00;5.336.238,00;2.732,00;4.024.083,00;3.801,00;5.260.294,00;1.981,00;3.728.507,00;1.043,00;341.668,00;100,00;970.277,00;98,00;844.381,00;1.143,00;346.759,00;682,00;4.503.866,00;1.729,00;166.346,00;1.780,00;5.347.226,00;1.757,00;810.458,00;314,00;413.517,00;176,00;116.398,00;385,00;0,00;0,00;29.992,00;317,00;3.760.370,00;1.655,00;1.474.656,00;1.053,00;60.585,00;683,00;26.883,00;84.642,00;6.794,20;1.487,00;4.326,00;68.366,29;3.682,00;64.684,29;239.224,73;33.921,33;36.826,95;5.811,07;23.606,60;1.883,40;30.124.916,80;8.858,89;156,26;101,29;1,65;0,54;9,65;11,84;57,38;0,00;0,00;33,87;8.297,27;4.897,67;;24.584,80;63,50;;389.344,00;54,06;;458.026,00;60.272,00;111%;31,35;58%;2.052.307,00;5.115,00;6.501.432,00;468,00;4.688.645,00;164,00;5.242.371,00;2.392,00;0,00;0,00;0,00;0,00;340.359,00;0,00;17.363,00;0,00;0,00;0,00;0,00;0,00;0,00;417.021,30;91.717.832,00;38.880,00;43.627,90;;4.280,00;99.095,30;37.960,00;49.566,00;96.778,80;232.863,44;0,00;0,00;0,00;232.863,44;329.642,24;2.079.346,30;14.965.896,55;;;;;;;;;;;;;;;;;;;;;;;;;;;;;;;;;;;;
09/04/2025;6.005,77;1.431,83;6.005,17;1.432,23;1.339,75;740,33;9.545,45;12.788.516,64;572,73;16.395,30;3.878,81;9.545,45;156.500.497,29;21.725,44;13.236.704,00;5.144.725,77;1,00;13.236.704,00;130.251,08;129.678,35;151.403,80;143.592,00;7.811,80;26.788.956,00;6.928,00;97.535,00;77,00;425.510,00;207,00;12.933.011,00;7.050,00;35.993.880,00;22.672,00;25.474.362,00;14.296,00;230.397,00;72,00;795.558,00;572,00;6.215.582,00;4.413,00;950.580,00;11.502,00;581.594,00;8.155,00;;;2.455.425,00;28.547,00;1.629.873,00;9.622,00;2.770.749,00;32.169,00;14.262,00;139,00;100.287,00;1.124,00;24.316.326,00;10.806,00;3.661.641,00;4.183,00;85.389,00;44,00;3.894.550,00;2.050,00;513.585,00;519,00;168.448,00;130,00;75.893,70;1.071,58;11.276.023,00;2.699,00;273.096,00;216,00;2.483,00;10.934.398,00;1.810,00;5.338.714,00;2.476,00;4.026.919,00;2.836,00;5.264.128,00;3.834,00;3.729.470,00;963,00;341.768,00;100,00;970.371,00;94,00;845.127,00;746,00;347.380,00;621,00;4.504.757,00;891,00;168.073,00;1.727,00;5.348.661,00;1.435,00;810.778,00;320,00;413.827,00;310,00;116.764,00;366,00;0,00;0,00;30.306,00;314,00;3.761.900,00;1.530,00;1.475.516,00;860,00;61.301,00;716,00;14.245,00;78.493,00;5.065,30;1.437,00;4.183,00;62.225,50;3.585,00;58.640,50;254.641,83;15.417,10;38.831,88;2.004,93;27.799,05;4.192,45;30.129.333,93;4.417,13;55,42;210,49;0,57;1,19;4,38;6,15;45,49;0,00;0,00;24,30;6.753,29;3.607,49;;24.656,70;71,90;;456.512,00;67,17;;520.612,00;62.586,00;93%;31,80;47%;2.055.780,00;3.473,00;6.502.532,00;1.100,00;4.688.964,00;319,00;5.244.441,00;2.070,00;0,00;0,00;0,00;0,00;340.359,00;0,00;17.364,00;1,00;0,00;0,00;0,00;0,00;0,00;417.021,30;91.756.379,00;38.547,00;43.660,50;;4.280,00;99.168,20;37.975,00;49.566,00;51.282,00;211.105,79;0,00;0,00;0,00;211.105,79;262.387,79;1.215.462,76;16.181.359,31;;;;;;;;;;;;;;;;;;;;;;;;;;;;;;;;;;;;
10/04/2025;6.010,21;1.431,83;6.008,60;1.432,23;1.339,75;740,71;9.545,45;12.788.516,64;0,00;16.398,73;3.878,81;9.545,45;156.533.276,37;32.779,08;13.370.586,71;5.199.882,94;1,00;13.370.586,71;133.882,71;133.882,71;166.661,79;157.611,00;9.050,79;26.798.754,00;9.798,00;97.613,00;78,00;425.701,00;191,00;12.940.662,00;7.651,00;36.016.516,00;22.636,00;25.490.446,00;16.084,00;230.442,00;45,00;796.120,00;562,00;6.219.754,00;4.172,00;961.563,00;10.983,00;588.469,00;6.875,00;;;2.479.182,00;23.757,00;1.648.656,00;18.783,00;2.804.318,00;33.569,00;14.408,00;146,00;101.680,00;1.393,00;24.330.676,00;14.350,00;3.666.411,00;4.770,00;85.423,00;34,00;3.896.625,00;2.075,00;514.024,00;439,00;168.639,00;191,00;76.928,74;1.035,04;11.280.624,00;4.601,00;273.469,00;373,00;4.228,00;10.938.059,00;3.661,00;5.341.999,00;3.285,00;4.030.416,00;3.497,00;5.267.715,00;3.587,00;3.730.447,00;977,00;341.868,00;100,00;970.702,00;331,00;846.424,00;1.297,00;348.096,00;716,00;4.506.022,00;1.265,00;170.038,00;1.965,00;5.350.338,00;1.677,00;811.144,00;366,00;414.143,00;316,00;117.260,00;496,00;0,00;0,00;30.627,00;321,00;3.763.626,00;1.726,00;1.476.574,00;1.058,00;61.950,00;649,00;25.747,00;82.984,00;5.553,50;1.565,00;4.770,00;71.789,29;3.733,50;68.055,79;281.510,28;26.868,45;42.103,81;3.271,93;31.767,26;3.968,21;30.136.452,25;7.118,32;87,32;233,07;0,93;1,13;7,64;9,70;53,13;0,00;0,00;26,97;7.524,43;3.819,57;;24.733,50;76,80;;527.136,00;70,62;;586.470,00;65.858,00;93%;38,08;54%;2.061.889,00;6.109,00;6.502.938,00;406,00;4.689.344,00;380,00;5.245.326,00;885,00;0,00;0,00;0,00;0,00;340.359,00;0,00;17.364,00;0,00;0,00;0,00;0,00;0,00;0,00;417.021,30;91.795.953,00;39.574,00;43.692,90;;4.280,00;99.273,80;37.990,00;49.566,00;92.689,20;245.000,83;0,00;0,00;0,00;245.000,83;337.690,03;2.076.122,37;18.257.481,68;;;;;;;;;;;;;;;;;;;;;;;;;;;;;;;;;;;;
11/04/2025;6.014,49;1.431,83;6.012,89;1.432,23;1.339,75;741,08;9.545,45;12.788.516,64;0,00;16.403,02;3.878,81;9.545,45;156.574.169,08;40.892,71;13.503.291,86;5.258.216,55;1,00;13.503.291,86;132.705,15;132.705,15;173.597,86;165.132,00;8.465,86;26.810.814,00;12.060,00;97.685,00;72,00;425.881,00;180,00;12.949.003,00;8.341,00;36.039.272,00;22.756,00;25.505.904,00;15.458,00;230.484,00;42,00;796.689,00;569,00;6.223.245,00;3.491,00;973.251,00;11.688,00;596.209,00;7.740,00;;;2.506.120,00;26.938,00;1.669.604,00;20.948,00;2.837.383,00;33.065,00;14.559,00;151,00;103.151,00;1.471,00;24.344.554,00;13.878,00;3.670.142,00;3.731,00;85.458,00;35,00;3.898.467,00;1.842,00;514.451,00;427,00;168.792,00;153,00;78.000,76;1.072,02;11.285.316,00;4.692,00;273.815,00;346,00;4.346,00;10.942.183,00;4.124,00;5.345.040,00;3.041,00;4.033.938,00;3.522,00;5.270.773,00;3.058,00;3.731.564,00;1.117,00;341.982,00;114,00;970.873,00;171,00;847.863,00;1.439,00;348.781,00;685,00;4.507.214,00;1.192,00;171.795,00;1.757,00;5.351.894,00;1.556,00;811.507,00;363,00;414.370,00;227,00;117.823,00;563,00;0,00;0,00;30.955,00;328,00;3.765.280,00;1.654,00;1.477.623,00;1.049,00;62.609,00;659,00;28.131,00;88.691,00;6.306,00;1.495,00;3.731,00;73.374,86;3.562,00;69.812,86;317.512,94;36.002,66;47.197,13;5.093,32;36.255,60;4.488,34;30.146.003,97;9.551,72;130,04;143,28;1,45;1,28;10,24;12,96;55,93;0,00;0,00;26,99;8.150,36;3.933,10;;24.791,00;57,50;;575.120,00;47,98;;646.174,00;59.704,00;124%;30,79;64%;2.067.515,00;5.626,00;6.503.949,00;1.011,00;4.689.731,00;387,00;5.246.296,00;970,00;0,00;0,00;0,00;0,00;340.359,00;0,00;17.365,00;1,00;0,00;0,00;0,00;0,00;0,00;417.021,30;91.835.348,00;39.395,00;43.725,20;;4.280,00;99.315,62;38.006,00;49.566,00;101.271,60;251.326,29;0,00;0,00;0,00;251.326,29;352.597,89;2.205.242,90;20.462.724,58;;;;;;;;;;;;;;;;;;;;;;;;;;;;;;;;;;;;
12/04/2025;6.017,12;1.431,83;6.015,51;1.432,23;1.339,75;741,52;9.545,45;12.788.516,64;0,00;16.405,64;3.878,81;9.545,45;156.599.168,61;24.999,53;13.637.199,85;5.309.514,70;1,00;13.637.199,85;133.907,99;133.907,99;158.907,52;149.926,00;8.981,52;26.821.152,00;10.338,00;97.753,00;68,00;426.044,00;163,00;12.957.513,00;8.510,00;36.061.868,00;22.596,00;25.521.822,00;15.918,00;230.526,00;42,00;797.237,00;548,00;6.226.840,00;3.595,00;978.819,00;5.568,00;597.444,00;1.235,00;;;2.533.930,00;27.810,00;1.690.433,00;20.829,00;2.861.786,00;24.403,00;14.710,00;151,00;104.533,00;1.382,00;24.358.508,00;13.954,00;3.674.592,00;4.450,00;85.495,00;37,00;3.900.247,00;1.780,00;514.869,00;418,00;168.891,00;99,00;78.999,56;998,80;11.289.770,00;4.454,00;274.148,00;333,00;4.121,00;10.946.446,00;4.263,00;5.347.978,00;2.938,00;4.037.499,00;3.561,00;5.274.135,00;3.362,00;3.732.624,00;1.060,00;342.081,00;99,00;970.995,00;122,00;849.103,00;1.240,00;349.466,00;685,00;4.508.949,00;1.735,00;173.079,00;1.284,00;5.353.579,00;1.685,00;811.904,00;397,00;414.464,00;94,00;118.287,00;464,00;0,00;0,00;31.271,00;316,00;3.766.800,00;1.520,00;1.478.581,00;958,00;63.216,00;607,00;28.015,00;74.277,00;6.273,00;1.398,00;4.450,00;72.509,52;3.333,00;69.176,52;352.238,22;34.725,28;53.264,75;6.067,62;36.255,60;0,00;30.154.525,00;8.521,03;162,58;0,87;1,73;0,00;9,88;11,60;56,38;0,00;0,00;28,39;8.309,06;4.184,01;;24.833,00;42,00;;605.456,00;30,34;;690.840,00;44.666,00;147%;15,58;51%;2.072.756,00;5.241,00;6.504.171,00;222,00;4.690.079,00;348,00;5.248.109,00;1.813,00;0,00;0,00;0,00;0,00;340.359,00;0,00;17.365,00;0,00;0,00;0,00;0,00;0,00;0,00;417.021,30;91.873.082,00;37.734,00;43.756,60;;4.280,00;99.423,00;38.018,00;49.566,00;100.854,00;249.035,48;0,00;0,00;0,00;249.035,48;349.889,48;2.363.342,31;22.826.066,89;;;;;;;;;;;;;;;;;;;;;;;;;;;;;;;;;;;;
13/04/2025;6.018,83;1.431,83;6.017,23;1.432,23;1.339,76;741,92;9.545,45;12.788.612,09;95,45;16.407,34;3.878,81;9.545,45;156.615.472,24;16.303,63;13.770.784,47;5.357.572,09;1,00;13.770.784,47;133.584,62;133.489,17;149.792,79;142.310,00;7.482,79;26.831.278,00;10.126,00;97.818,00;65,00;426.194,00;150,00;12.965.205,00;7.692,00;36.084.568,00;22.700,00;25.535.136,00;13.314,00;230.568,00;42,00;797.684,00;447,00;6.228.122,00;1.282,00;983.238,00;4.419,00;597.544,00;100,00;;;2.561.646,00;27.716,00;1.707.930,00;17.497,00;2.888.462,00;26.676,00;14.862,00;152,00;106.051,00;1.518,00;24.370.678,00;12.170,00;3.679.049,00;4.457,00;85.532,00;37,00;3.901.444,00;1.197,00;514.879,00;10,00;168.902,00;11,00;79.951,25;951,69;11.291.376,00;1.606,00;274.150,00;2,00;1.604,00;10.950.908,00;4.462,00;5.351.289,00;3.311,00;4.041.222,00;3.723,00;5.275.283,00;1.148,00;3.733.709,00;1.085,00;342.183,00;102,00;971.117,00;122,00;850.122,00;1.019,00;350.272,00;806,00;4.510.560,00;1.611,00;174.984,00;1.905,00;5.355.072,00;1.493,00;812.256,00;352,00;414.504,00;40,00;118.789,00;502,00;0,00;0,00;31.575,00;304,00;3.768.272,00;1.472,00;1.479.526,00;945,00;63.910,00;694,00;24.552,00;71.989,00;5.514,20;470,00;4.457,00;67.362,59;3.068,50;64.294,09;380.742,00;28.503,78;58.422,85;5.158,10;37.587,42;1.331,82;30.161.828,02;7.303,02;135,55;57,57;1,47;0,38;8,11;9,95;49,93;0,00;0,00;25,79;7.339,20;3.790,87;;24.877,80;44,80;;639.568,00;34,11;;741.470,00;50.630,00;148%;18,17;53%;2.077.619,00;4.863,00;6.505.603,00;1.432,00;4.691.092,00;1.013,00;5.250.570,00;2.461,00;0,00;0,00;0,00;0,00;340.359,00;0,00;17.365,00;0,00;0,00;0,00;0,00;0,00;0,00;417.021,30;91.911.874,00;38.792,00;43.788,70;;4.280,00;99.495,30;38.029,25;49.566,00;88.387,20;231.458,74;0,00;0,00;0,00;231.458,74;319.845,94;1.761.581,86;24.587.648,75;;;;;;;;;;;;;;;;;;;;;;;;;;;;;;;;;;;;
14/04/2025;6.021,07;1.431,83;6.019,47;1.432,23;1.339,77;742,38;9.545,45;12.788.707,55;95,45;16.409,57;3.878,81;9.545,45;156.636.758,59;21.286,35;13.903.431,51;5.407.903,16;1,00;13.903.431,51;132.647,04;132.551,59;153.837,94;150.683,00;3.154,94;26.841.282,00;10.004,00;97.886,00;68,00;426.364,00;170,00;12.972.705,00;7.500,00;36.107.368,00;22.800,00;25.550.990,00;15.854,00;230.610,00;42,00;798.219,00;535,00;6.231.547,00;3.425,00;989.000,00;5.762,00;597.600,00;56,00;;;2.589.300,00;27.654,00;1.726.886,00;18.956,00;2.918.026,00;29.564,00;15.012,00;150,00;107.509,00;1.458,00;24.383.267,00;12.589,00;3.683.638,00;4.589,00;85.569,00;37,00;3.902.789,00;1.345,00;515.277,00;398,00;168.922,00;20,00;81.009,58;1.058,33;11.293.876,00;2.500,00;274.300,00;150,00;2.350,00;10.955.471,00;4.563,00;5.354.835,00;3.546,00;4.044.786,00;3.564,00;5.277.972,00;2.689,00;3.734.765,00;1.056,00;342.293,00;110,00;971.240,00;123,00;851.274,00;1.152,00;351.072,00;800,00;4.512.218,00;1.658,00;176.582,00;1.598,00;5.356.636,00;1.564,00;812.621,00;365,00;414.594,00;90,00;119.291,00;502,00;0,00;0,00;31.885,00;310,00;3.769.841,00;1.569,00;1.480.494,00;968,00;64.568,00;658,00;24.921,00;76.230,00;5.359,50;1.103,00;4.589,00;66.556,44;3.209,50;63.346,94;410.955,90;30.213,90;62.605,18;4.182,33;41.468,86;3.881,44;30.169.790,34;7.962,32;111,44;157,51;1,19;1,10;8,59;10,89;53,83;0,00;0,00;27,00;7.907,29;3.966,13;;24.940,50;62,70;;693.792,00;54,22;;799.410,00;57.940,00;107%;26,45;49%;2.082.482,00;4.863,00;6.506.659,00;1.056,00;4.691.557,00;465,00;5.252.585,00;2.015,00;0,00;0,00;0,00;0,00;340.359,00;0,00;17.365,00;0,00;0,00;0,00;0,00;0,00;0,00;417.021,30;91.952.144,00;40.270,00;43.822,20;;4.280,00;99.568,20;38.045,00;49.566,00;89.715,60;228.048,98;0,00;0,00;0,00;228.048,98;317.764,58;1.794.788,93;26.382.437,68;;;;;;;;;;;;;;;;;;;;;;;;;;;;;;;;;;;;
15/04/2025;6.024,32;1.431,83;6.022,71;1.432,23;1.339,77;742,77;9.545,45;12.788.707,55;0,00;16.412,81;3.878,81;9.545,45;156.667.685,85;30.927,26;14.037.824,81;5.461.244,89;1,00;14.037.824,81;134.393,30;134.393,30;165.320,56;152.082,00;13.238,56;26.852.766,00;11.484,00;97.966,00;80,00;426.627,00;263,00;12.982.117,00;9.412,00;36.129.284,00;21.916,00;25.564.224,00;13.234,00;230.655,00;45,00;798.591,00;372,00;6.233.347,00;1.800,00;992.119,00;3.119,00;597.798,00;198,00;;;2.614.103,00;24.803,00;1.745.648,00;18.762,00;2.953.267,00;35.241,00;15.163,00;151,00;108.690,00;1.181,00;24.397.378,00;14.111,00;3.687.860,00;4.222,00;85.606,00;37,00;3.905.098,00;2.309,00;515.815,00;538,00;169.138,00;216,00;82.059,51;1.049,93;11.299.350,00;5.474,00;274.488,00;188,00;5.286,00;10.958.716,00;3.245,00;5.357.592,00;2.757,00;4.048.717,00;3.931,00;5.279.917,00;1.945,00;3.735.629,00;864,00;342.454,00;161,00;971.627,00;387,00;852.586,00;1.312,00;351.562,00;490,00;4.513.532,00;1.314,00;178.675,00;2.093,00;5.358.135,00;1.499,00;812.985,00;364,00;414.787,00;193,00;119.561,00;270,00;0,00;0,00;32.213,00;328,00;3.771.248,00;1.407,00;1.481.332,00;838,00;65.368,00;800,00;26.591,00;79.004,00;6.346,70;1.314,00;4.222,00;74.433,86;3.689,50;70.744,36;443.140,00;32.184,10;65.937,12;3.331,94;41.468,86;0,00;30.177.950,40;8.160,06;114,59;0,85;0,95;0,00;9,15;10,10;57,88;0,00;0,00;30,19;8.461,62;4.413,26;;24.981,30;40,80;;722.816,00;29,02;;844.074,00;44.664,00;154%;13,70;47%;2.087.892,00;5.410,00;6.506.739,00;80,00;4.693.008,00;1.451,00;5.254.487,00;1.902,00;0,00;0,00;0,00;0,00;340.359,00;0,00;17.365,00;0,00;0,00;0,00;0,00;0,00;0,00;417.021,30;91.991.396,00;39.252,00;43.854,40;;4.280,00;99.656,00;38.060,00;49.566,00;95.727,60;254.679,69;0,00;0,00;0,00;254.679,69;350.407,29;2.195.446,22;28.577.883,90;;;;;;;;;;;;;;;;;;;;;;;;;;;;;;;;;;;;
16/04/2025;6.027,08;1.430,83;6.025,47;1.432,23;1.339,78;743,14;9.545,45;12.788.803,00;95,45;16.415,59;3.878,81;9.545,45;156.694.145,84;26.459,99;14.176.052,31;5.513.595,06;1,00;14.176.052,31;138.227,50;138.132,05;164.592,03;150.692,00;13.900,03;26.863.264,00;10.498,00;98.036,00;70,00;426.848,00;221,00;12.990.185,00;8.068,00;36.151.772,00;22.488,00;25.578.520,00;14.296,00;230.697,00;42,00;799.082,00;491,00;6.237.101,00;3.754,00;996.578,00;4.459,00;597.909,00;111,00;;;2.641.367,00;27.264,00;1.763.520,00;17.872,00;2.985.498,00;32.231,00;15.317,00;154,00;110.216,00;1.526,00;24.410.894,00;13.516,00;3.691.905,00;4.045,00;85.643,00;37,00;3.906.936,00;1.838,00;516.221,00;406,00;169.268,00;130,00;83.152,54;1.093,03;11.303.958,00;4.608,00;274.830,00;342,00;4.266,00;10.962.897,00;4.181,00;5.359.851,00;2.259,00;4.050.900,00;2.183,00;5.283.147,00;3.230,00;3.736.527,00;898,00;342.920,00;466,00;971.735,00;108,00;853.797,00;1.211,00;352.324,00;762,00;4.514.854,00;1.322,00;180.530,00;1.855,00;5.359.646,00;1.511,00;813.306,00;321,00;415.067,00;280,00;120.012,00;451,00;0,00;0,00;32.534,00;321,00;3.772.717,00;1.469,00;1.482.197,00;865,00;66.008,00;640,00;22.620,00;77.478,00;5.498,30;1.369,00;4.045,00;76.201,73;3.349,00;72.852,73;473.626,00;30.486,00;69.128,73;3.191,61;48.951,57;7.482,71;30.185.764,01;7.813,61;83,50;238,85;0,91;2,13;8,67;11,71;53,08;0,00;0,00;28,85;7.809,19;4.244,15;;25.057,70;76,40;;791.712,00;68,90;;911.520,00;67.446,00;98%;38,62;56%;2.090.168,00;2.276,00;6.507.380,00;641,00;4.693.019,00;11,00;5.256.964,00;2.477,00;0,00;0,00;0,00;0,00;340.359,00;0,00;17.367,00;2,00;0,00;0,00;0,00;0,00;0,00;417.021,30;92.030.912,00;39.516,00;43.887,00;;4.280,00;99.732,00;38.080,00;49.566,00;81.432,00;262.269,84;0,00;0,00;0,00;262.269,84;343.701,84;1.840.761,05;30.418.644,95;;;;;;;;;;;;;;;;;;;;;;;;;;;;;;;;;;;;
17/04/2025;6.030,42;1.431,83;6.028,81;1.432,23;1.339,41;743,20;9.545,45;12.785.271,18;0,00;16.419,13;3.878,81;9.545,45;156.727.984,46;33.838,62;14.304.438,40;5.564.981,61;1,00;14.304.438,40;128.386,09;128.386,09;162.224,71;156.573,00;5.651,71;26.874.506,00;11.242,00;98.107,00;71,00;427.050,00;202,00;12.998.582,00;8.397,00;36.173.808,00;22.036,00;25.594.056,00;15.536,00;230.739,00;42,00;799.581,00;499,00;6.241.787,00;4.686,00;1.000.899,00;4.321,00;597.998,00;89,00;;;2.668.151,00;26.784,00;1.783.629,00;20.109,00;3.020.584,00;35.086,00;15.453,00;136,00;111.675,00;1.459,00;24.423.956,00;13.062,00;3.695.907,00;4.002,00;85.679,00;36,00;3.908.247,00;1.311,00;516.233,00;12,00;169.279,00;11,00;84.103,29;950,75;11.308.101,00;4.143,00;274.832,00;2,00;4.141,00;10.966.983,00;4.086,00;5.362.991,00;3.140,00;4.054.457,00;3.557,00;5.287.253,00;4.106,00;3.737.449,00;922,00;343.078,00;158,00;971.832,00;97,00;854.913,00;1.116,00;352.980,00;656,00;4.515.706,00;852,00;182.510,00;1.980,00;5.361.349,00;1.703,00;813.644,00;338,00;415.375,00;308,00;120.417,00;405,00;0,00;0,00;32.837,00;303,00;3.773.957,00;1.240,00;1.482.913,00;716,00;66.573,00;565,00;26.792,00;82.068,00;5.306,90;524,00;4.002,00;70.323,81;2.763,50;67.560,31;505.669,97;32.043,97;71.520,71;2.391,98;52.066,30;3.114,73;30.194.190,33;8.426,32;66,00;194,94;0,68;0,89;9,11;10,68;57,38;0,00;0,00;32,88;8.147,57;4.668,74;;25.126,10;68,40;;854.336,00;62,62;;970.486,00;58.966,00;94%;31,41;50%;2.095.714,00;5.546,00;6.507.840,00;460,00;4.693.019,00;0,00;5.258.213,00;1.249,00;0,00;0,00;0,00;0,00;340.359,00;0,00;17.367,00;0,00;0,00;0,00;0,00;0,00;0,00;417.021,30;92.067.791,00;36.879,00;43.917,90;;4.280,00;99.804,00;38.082,00;49.566,00;96.451,20;243.217,12;0,00;0,00;0,00;243.217,12;339.668,32;2.000.388,80;32.419.033,75;;;;;;;;;;;;;;;;;;;;;;;;;;;;;;;;;;;;
18/04/2025;6.031,69;1.431,90;6.030,08;1.432,30;1.342,97;743,81;9.545,45;12.819.252,99;33.981,80;16.420,18;3.878,88;9.545,45;156.737.959,45;9.975,00;14.365.604,16;5.570.766,99;1,00;14.365.604,16;61.165,76;27.183,96;37.158,95;41.139,00;-3.980,05;26.877.868,00;3.362,00;98.174,00;67,00;427.218,00;168,00;13.001.435,00;2.853,00;36.181.628,00;7.820,00;25.604.830,00;10.774,00;230.781,00;42,00;800.072,00;491,00;6.246.689,00;4.902,00;1.003.850,00;2.951,00;598.096,00;98,00;;;2.672.477,00;4.326,00;1.784.778,00;1.149,00;3.023.058,00;2.474,00;15.574,00;121,00;112.584,00;909,00;24.429.386,00;5.430,00;3.700.325,00;4.418,00;85.713,00;34,00;3.909.389,00;1.142,00;516.244,00;11,00;169.296,00;17,00;84.155,54;52,25;11.308.331,00;230,00;274.834,00;2,00;228,00;10.967.186,00;203,00;5.363.150,00;159,00;4.054.644,00;187,00;5.291.536,00;4.283,00;3.738.314,00;865,00;343.212,00;134,00;971.925,00;93,00;855.129,00;216,00;353.193,00;213,00;4.516.522,00;816,00;184.333,00;1.823,00;5.362.108,00;759,00;813.938,00;294,00;415.706,00;331,00;120.571,00;154,00;0,00;0,00;33.144,00;307,00;3.775.227,00;1.270,00;1.483.676,00;763,00;67.123,00;550,00;1.529,00;8.047,00;-14.523,80;521,00;4.418,00;38.696,75;2.698,00;35.998,75;506.765,50;1.095,53;72.841,33;1.320,62;55.800,84;3.734,54;30.195.083,00;892,67;39,12;211,50;0,38;1,06;0,31;1,75;16,79;0,00;0,00;8,37;2.714,98;1.353,12;;25.196,80;70,70;;921.632,00;67,30;;1.036.896,00;66.410,00;99%;14,95;22%;2.101.688,00;5.974,00;6.508.722,00;882,00;4.693.434,00;415,00;5.260.457,00;2.244,00;0,00;0,00;0,00;0,00;340.359,00;0,00;17.367,00;0,00;0,00;0,00;0,00;0,00;0,00;417.021,30;92.092.628,00;24.837,00;43.950,10;;4.280,00;99.871,00;38.086,00;49.566,00;5.504,40;129.595,51;0,00;0,00;0,00;129.595,51;135.099,91;201.800,40;32.620.834,15;;;;;;;;;;;;;;;;;;;;;;;;;;;;;;;;;;;;
19/04/2025;6.031,69;1.431,90;6.030,08;1.432,30;1.347,13;744,40;9.545,45;12.858.962,06;39.709,07;16.420,18;3.878,88;9.545,45;156.737.959,45;0,00;14.496.275,61;5.593.100,63;1,00;14.496.275,61;130.671,45;90.962,38;90.962,38;85.367,00;5.595,38;26.883.150,00;5.282,00;98.245,00;71,00;427.412,00;194,00;13.007.929,00;6.494,00;36.196.008,00;14.380,00;25.617.140,00;12.310,00;230.823,00;42,00;800.577,00;505,00;6.249.413,00;2.724,00;1.012.863,00;9.013,00;603.956,00;5.860,00;;;2.678.324,00;5.847,00;1.794.533,00;9.755,00;3.034.754,00;11.696,00;15.713,00;139,00;113.816,00;1.232,00;24.439.976,00;10.590,00;3.704.544,00;4.219,00;85.754,00;41,00;3.911.108,00;1.719,00;516.593,00;349,00;169.414,00;118,00;85.054,14;898,60;11.308.923,00;592,00;275.161,00;327,00;265,00;10.970.991,00;3.805,00;5.365.989,00;2.839,00;4.057.558,00;2.914,00;5.293.829,00;2.293,00;3.739.239,00;925,00;343.387,00;175,00;972.018,00;93,00;855.539,00;410,00;353.669,00;476,00;4.517.561,00;1.039,00;185.666,00;1.333,00;5.363.264,00;1.156,00;814.289,00;351,00;415.939,00;233,00;120.897,00;326,00;0,00;0,00;33.450,00;306,00;3.776.537,00;1.310,00;1.484.451,00;775,00;67.771,00;648,00;14.757,00;33.158,00;-4.375,10;1.299,00;4.219,00;56.661,48;3.123,50;53.537,98;518.518,03;11.752,53;74.706,70;1.865,37;59.102,92;3.302,08;30.198.312,37;3.229,37;53,15;100,77;0,53;0,94;3,34;4,81;41,64;0,00;0,00;19,91;6.304,91;3.014,67;;25.249,10;52,30;;964.000,00;42,37;;1.093.896,00;57.000,00;135%;17,16;41%;2.107.412,00;5.724,00;6.509.025,00;303,00;4.693.530,00;96,00;5.261.379,00;922,00;0,00;0,00;0,00;0,00;340.359,00;0,00;17.367,00;0,00;0,00;0,00;0,00;0,00;0,00;417.021,30;92.131.221,00;38.593,00;43.982,70;;4.280,00;99.913,00;38.102,00;49.566,00;53.125,20;192.736,72;0,00;0,00;0,00;192.736,72;245.861,92;942.573,62;33.563.407,77;;;;;;;;;;;;;;;;;;;;;;;;;;;;;;;;;;;;
20/04/2025;6.031,69;1.431,90;6.030,08;1.432,30;1.352,59;744,97;9.545,45;12.911.080,22;52.118,16;16.420,18;3.878,87;9.545,45;156.737.959,45;0,00;14.626.786,68;5.618.766,58;1,00;14.626.786,68;130.511,07;78.392,91;78.392,91;73.144,00;5.248,91;26.886.590,00;3.440,00;98.318,00;73,00;427.567,00;155,00;13.010.417,00;2.488,00;36.216.084,00;20.076,00;25.623.962,00;6.822,00;230.865,00;42,00;801.067,00;490,00;6.249.639,00;226,00;1.023.002,00;10.139,00;611.873,00;7.917,00;;;2.684.226,00;5.902,00;1.796.862,00;2.329,00;3.050.588,00;15.834,00;15.858,00;145,00;114.536,00;720,00;24.446.090,00;6.114,00;3.708.630,00;4.086,00;85.790,00;36,00;3.912.851,00;1.743,00;517.009,00;416,00;169.526,00;112,00;87.002,70;1.948,56;11.309.367,00;444,00;275.337,00;176,00;268,00;10.972.238,00;1.247,00;5.366.157,00;168,00;4.057.772,00;214,00;5.293.969,00;140,00;3.740.121,00;882,00;343.533,00;146,00;972.107,00;89,00;855.917,00;378,00;353.955,00;286,00;4.518.792,00;1.231,00;187.509,00;1.843,00;5.364.093,00;829,00;814.583,00;294,00;415.949,00;10,00;120.965,00;68,00;0,00;0,00;33.738,00;288,00;3.777.906,00;1.369,00;1.485.305,00;854,00;68.156,00;385,00;2.672,00;31.982,00;-2.720,80;1.194,00;4.086,00;43.851,71;2.913,50;40.938,21;520.884,50;2.366,47;77.273,04;2.566,34;59.102,92;0,00;30.199.285,08;972,71;72,36;0,74;0,73;0,00;0,67;1,40;21,00;0,00;0,00;7,99;2.308,11;878,18;;25.284,80;35,70;;987.168,00;23,17;;1.141.702,00;47.806,00;206%;5,38;23%;2.112.739,00;5.327,00;6.510.275,00;1.250,00;4.693.738,00;208,00;5.262.452,00;1.073,00;0,00;0,00;0,00;0,00;340.359,00;0,00;17.367,00;0,00;0,00;0,00;0,00;0,00;0,00;417.021,30;92.169.070,00;37.849,00;44.014,90;;4.280,00;99.983,00;38.112,00;49.566,00;9.619,20;147.377,57;0,00;0,00;0,00;147.377,57;156.996,77;0,00;33.563.407,77;;;;;;;;;;;;;;;;;;;;;;;;;;;;;;;;;;;;
21/04/2025;6.033,04;1.431,90;6.031,43;1.432,30;1.352,71;745,36;9.545,45;12.912.225,67;1.145,45;16.421,51;3.878,88;9.545,45;156.750.693,08;12.733,63;14.759.789,91;5.664.842,11;1,00;14.759.789,91;133.003,23;131.857,78;144.591,41;135.372,00;9.219,41;26.895.694,00;9.104,00;98.394,00;76,00;427.767,00;200,00;13.018.096,00;7.679,00;36.229.108,00;13.024,00;25.636.792,00;12.830,00;230.908,00;43,00;801.558,00;491,00;6.249.867,00;228,00;1.034.955,00;11.953,00;619.872,00;7.999,00;;;2.694.495,00;10.269,00;1.818.404,00;21.542,00;3.085.709,00;35.121,00;15.998,00;140,00;115.955,00;1.419,00;24.459.940,00;13.850,00;3.712.713,00;4.083,00;85.828,00;38,00;3.914.738,00;1.887,00;517.408,00;399,00;169.649,00;123,00;88.041,22;1.038,52;11.313.794,00;4.427,00;275.493,00;156,00;4.271,00;10.976.386,00;4.148,00;5.369.365,00;3.208,00;4.061.178,00;3.406,00;5.294.108,00;139,00;3.741.222,00;1.101,00;343.691,00;158,00;972.772,00;665,00;857.288,00;1.371,00;354.690,00;735,00;4.520.406,00;1.614,00;188.886,00;1.377,00;5.365.568,00;1.475,00;814.916,00;333,00;415.962,00;13,00;121.413,00;448,00;0,00;0,00;34.057,00;319,00;3.779.683,00;1.777,00;1.486.471,00;1.166,00;68.749,00;593,00;28.797,00;74.931,00;-4.622,50;1.169,00;4.083,00;69.030,91;3.632,50;65.398,41;547.466,25;26.581,75;81.891,21;4.618,17;59.870,32;767,40;30.206.303,56;7.018,48;147,95;162,37;1,31;0,22;7,56;9,09;55,63;0,00;0,00;31,91;7.599,05;4.358,90;;25.325,50;40,70;;1.016.050,00;28,88;;1.182.830,00;41.128,00;142%;4,31;15%;2.117.811,00;5.072,00;6.510.790,00;515,00;4.694.413,00;675,00;5.264.849,00;2.397,00;0,00;0,00;0,00;0,00;340.359,00;0,00;17.367,00;0,00;0,00;0,00;0,00;0,00;0,00;417.021,30;92.206.469,00;37.399,00;44.045,70;;4.280,00;65,20;38.126,10;49.566,00;103.669,20;235.434,26;0,00;0,00;0,00;235.434,26;339.103,46;2.137.173,39;35.700.581,16;;;;;;;;;;;;;;;;;;;;;;;;;;;;;;;;;;;;
22/04/2025;6.036,56;1.431,90;6.034,95;1.432,30;1.352,71;745,74;9.545,45;12.912.225,67;0,00;16.425,03;3.878,88;9.545,45;156.784.312,16;33.619,07;14.893.988,23;5.721.390,50;1,00;14.893.988,23;134.198,32;134.198,32;167.817,39;158.461,00;9.356,39;26.906.460,00;10.766,00;98.479,00;85,00;427.986,00;219,00;13.025.961,00;7.865,00;36.251.040,00;21.932,00;25.649.826,00;13.034,00;230.951,00;43,00;802.049,00;491,00;6.251.677,00;1.810,00;1.047.111,00;12.156,00;627.976,00;8.104,00;;;2.718.877,00;24.382,00;1.838.091,00;19.687,00;3.120.404,00;34.695,00;16.151,00;153,00;117.412,00;1.457,00;24.473.884,00;13.944,00;3.717.253,00;4.540,00;85.863,00;35,00;3.916.667,00;1.929,00;517.878,00;470,00;169.681,00;32,00;89.039,48;998,26;11.318.337,00;4.543,00;275.842,00;349,00;4.194,00;10.980.515,00;4.129,00;5.372.308,00;2.943,00;4.063.462,00;2.284,00;5.295.522,00;1.414,00;3.742.280,00;1.058,00;343.837,00;146,00;973.355,00;583,00;858.666,00;1.378,00;355.204,00;514,00;4.522.089,00;1.683,00;190.764,00;1.878,00;5.367.124,00;1.556,00;815.286,00;370,00;416.177,00;215,00;121.839,00;426,00;0,00;0,00;34.379,00;322,00;3.781.491,00;1.808,00;1.487.694,00;1.223,00;69.368,00;619,00;25.502,00;86.868,00;4.407,70;1.342,00;4.540,00;70.659,69;3.713,50;66.946,19;578.374,40;30.908,15;86.990,81;5.099,60;65.583,41;5.713,09;30.214.378,63;8.075,07;157,86;223,85;1,45;1,62;8,79;11,87;52,63;0,00;0,00;25,58;7.617,33;3.702,29;;25.389,30;63,80;;1.073.150,00;57,10;;1.237.950,00;55.120,00;97%;28,72;50%;2.123.206,00;5.395,00;6.511.503,00;713,00;4.695.083,00;670,00;5.266.241,00;1.392,00;0,00;0,00;0,00;0,00;340.359,00;0,00;17.370,00;3,00;0,00;0,00;0,00;0,00;0,00;417.021,30;92.245.756,00;39.287,00;44.077,70;;4.280,00;142,30;38.141,00;49.566,00;91.807,20;241.006,30;0,00;0,00;0,00;241.006,30;332.813,50;1.842.756,38;37.543.337,54;;;;;;;;;;;;;;;;;;;;;;;;;;;;;;;;;;;;
23/04/2025;6.041,22;1.431,90;6.039,60;1.432,31;1.352,71;746,09;9.545,45;12.912.225,67;0,00;16.429,69;3.878,88;9.545,45;156.828.755,77;44.443,62;15.025.220,00;5.780.888,00;1,00;15.025.220,00;131.231,77;131.231,77;175.675,39;169.159,00;6.516,39;26.917.968,00;11.508,00;98.555,00;76,00;428.204,00;218,00;13.034.424,00;8.463,00;36.273.608,00;22.568,00;25.665.058,00;15.232,00;230.994,00;43,00;802.542,00;493,00;6.255.086,00;3.409,00;1.059.294,00;12.183,00;636.031,00;8.055,00;;;2.747.935,00;29.058,00;1.858.317,00;20.226,00;3.156.203,00;35.799,00;16.300,00;149,00;118.805,00;1.393,00;24.488.006,00;14.122,00;3.721.723,00;4.470,00;85.898,00;35,00;3.918.657,00;1.990,00;518.326,00;448,00;169.832,00;151,00;90.072,00;1.032,52;11.322.857,00;4.520,00;276.221,00;379,00;4.141,00;10.984.708,00;4.193,00;5.375.338,00;3.030,00;4.067.095,00;3.633,00;5.298.694,00;3.172,00;3.743.262,00;982,00;343.960,00;123,00;973.453,00;98,00;859.783,00;1.117,00;355.857,00;653,00;4.523.791,00;1.702,00;192.761,00;1.997,00;5.368.558,00;1.434,00;815.661,00;375,00;416.274,00;97,00;122.262,00;423,00;0,00;0,00;34.697,00;318,00;3.783.182,00;1.691,00;1.488.783,00;1.089,00;70.009,00;641,00;27.102,00;93.138,00;5.590,60;1.471,00;4.470,00;71.005,79;3.645,00;67.360,79;612.339,90;33.965,50;91.867,42;4.876,61;65.583,69;0,28;30.223.123,00;8.744,37;138,38;1,57;1,39;0,00;9,66;11,05;57,13;0,00;0,00;32,82;8.344,06;4.793,49;;25.440,40;51,10;;1.113.360,00;40,21;;1.292.914,00;54.964,00;137%;22,59;56%;2.128.774,00;5.568,00;6.512.916,00;1.413,00;4.696.716,00;1.633,00;5.268.425,00;2.184,00;0,00;0,00;0,00;0,00;340.359,00;0,00;17.370,00;0,00;0,00;0,00;0,00;0,00;0,00;417.021,30;92.286.566,00;40.810,00;44.111,10;;4.280,00;186,30;38.146,00;49.566,00;97.567,20;242.498,83;0,00;0,00;0,00;242.498,83;340.066,03;2.123.265,00;39.666.602,54;;;;;;;;;;;;;;;;;;;;;;;;;;;;;;;;;;;;
24/04/2025;6.045,05;1.431,90;6.043,44;1.432,31;1.352,71;746,46;9.545,45;12.912.225,67;0,00;16.433,51;3.878,88;9.545,45;156.865.276,67;36.520,89;15.160.745,00;5.837.942,07;1,00;15.160.745,00;135.525,00;135.525,00;172.045,89;160.175,00;11.870,89;26.928.908,00;10.940,00;98.630,00;75,00;428.421,00;217,00;13.043.006,00;8.582,00;36.296.272,00;22.664,00;25.679.878,00;14.820,00;231.040,00;46,00;803.021,00;479,00;6.258.331,00;3.245,00;1.070.515,00;11.221,00;642.826,00;6.795,00;;;2.776.372,00;28.437,00;1.876.682,00;18.365,00;3.187.913,00;31.710,00;16.438,00;138,00;120.271,00;1.466,00;24.501.442,00;13.436,00;3.725.954,00;4.231,00;85.936,00;38,00;3.920.571,00;1.914,00;518.726,00;400,00;169.917,00;85,00;91.133,00;1.061,00;11.326.674,00;3.817,00;276.510,00;289,00;3.528,00;10.988.649,00;3.941,00;5.378.430,00;3.092,00;4.070.753,00;3.658,00;5.301.581,00;2.887,00;3.744.283,00;1.021,00;344.307,00;347,00;973.549,00;96,00;860.774,00;991,00;356.601,00;744,00;4.525.105,00;1.314,00;194.646,00;1.885,00;5.370.137,00;1.579,00;816.045,00;384,00;416.450,00;176,00;122.707,00;445,00;0,00;0,00;35.020,00;323,00;3.784.588,00;1.406,00;1.489.592,00;809,00;70.793,00;784,00;25.408,00;85.307,00;5.749,70;1.253,00;4.231,00;75.505,19;3.470,00;72.035,19;643.583,80;31.243,90;95.032,95;3.165,53;68.899,95;3.316,26;30.231.258,00;8.135,00;87,63;154,72;0,90;0,94;8,89;10,73;57,08;0,00;0,00;33,40;8.230,98;4.816,31;;25.496,30;55,90;;1.161.340,00;47,98;;1.346.298,00;53.384,00;111%;24,65;51%;2.131.977,00;3.203,00;6.513.368,00;452,00;4.696.890,00;174,00;5.270.325,00;1.900,00;0,00;0,00;0,00;0,00;340.359,00;0,00;17.371,00;1,00;0,00;0,00;0,00;0,00;0,00;417.021,30;92.325.195,00;38.629,00;44.143,00;;4.280,00;256,00;38.162,00;49.566,00;91.468,80;259.326,69;0,00;0,00;0,00;259.326,69;350.795,49;1.889.440,98;41.556.043,52;;;;;;;;;;;;;;;;;;;;;;;;;;;;;;;;;;;;
25/04/2025;6.048,63;1.432,67;6.047,02;1.433,08;1.352,75;746,79;9.545,45;12.912.607,49;381,82;16.437,08;3.879,65;9.545,45;156.899.334,83;34.058,17;15.262.531,24;5.877.010,50;1,00;15.262.531,24;101.786,24;101.404,42;135.462,59;129.979,00;5.483,59;26.935.734,00;6.826,00;98.709,00;79,00;428.652,00;231,00;13.050.256,00;7.250,00;36.314.080,00;17.808,00;25.692.712,00;12.834,00;231.082,00;42,00;803.517,00;496,00;6.260.536,00;2.205,00;1.082.008,00;11.493,00;651.107,00;8.281,00;;;2.801.656,00;25.284,00;1.886.985,00;10.303,00;3.216.330,00;28.417,00;16.569,00;131,00;121.289,00;1.018,00;24.511.206,00;9.764,00;3.730.438,00;4.484,00;85.981,00;45,00;3.922.516,00;1.945,00;519.165,00;439,00;170.028,00;111,00;92.159,87;1.026,87;11.327.333,00;659,00;276.878,00;368,00;291,00;10.990.825,00;2.176,00;5.381.328,00;2.898,00;4.074.377,00;3.624,00;5.303.469,00;1.888,00;3.745.290,00;1.007,00;344.439,00;132,00;974.007,00;458,00;861.280,00;506,00;357.314,00;713,00;4.525.793,00;688,00;196.482,00;1.836,00;5.371.379,00;1.242,00;816.453,00;408,00;416.601,00;151,00;122.934,00;227,00;0,00;0,00;35.337,00;317,00;3.786.145,00;1.557,00;1.490.564,00;972,00;71.547,00;754,00;17.601,00;72.285,00;-487,10;1.414,00;4.484,00;57.766,69;3.600,50;54.166,19;659.841,90;16.258,10;96.314,49;1.281,54;70.893,89;1.993,94;30.235.443,53;4.185,53;42,20;196,52;0,36;0,57;4,62;5,56;46,29;0,00;0,00;21,54;6.918,56;3.219,39;;25.545,10;48,80;;1.200.160,00;38,82;;1.399.880,00;53.582,00;138%;-4,90;-13%;2.137.268,00;5.291,00;6.513.829,00;461,00;4.696.983,00;93,00;5.271.143,00;818,00;0,00;0,00;0,00;0,00;340.359,00;0,00;17.371,00;0,00;0,00;0,00;0,00;0,00;0,00;417.021,30;92.360.183,00;34.988,00;44.173,70;;4.280,00;346,00;38.176,00;49.566,00;63.363,60;194.998,28;0,00;0,00;0,00;194.998,28;258.361,88;983.397,98;42.539.441,50;;;;;;;;;;;;;;;;;;;;;;;;;;;;;;;;;;;;
26/04/2025;6.059,14;1.435,54;6.057,53;1.435,95;1.352,75;746,79;9.545,45;12.912.607,49;0,00;16.447,57;3.882,53;9.545,45;156.999.428,42;100.093,59;15.262.531,24;5.877.010,53;1,00;15.262.531,24;0,00;0,00;100.093,59;92.810,00;7.283,59;26.941.530,00;5.796,00;98.779,00;70,00;428.868,00;216,00;13.056.717,00;6.461,00;36.315.892,00;1.812,00;25.705.672,00;12.960,00;231.126,00;44,00;804.011,00;494,00;6.263.602,00;3.066,00;1.093.340,00;11.332,00;659.321,00;8.214,00;;#¡REF!;2.818.533,00;16.877,00;1.897.197,00;10.212,00;3.233.460,00;17.130,00;16.703,00;134,00;122.151,00;862,00;24.521.436,00;10.230,00;3.734.938,00;4.500,00;86.019,00;38,00;3.924.395,00;1.879,00;519.466,00;301,00;170.134,00;106,00;93.231,12;1.071,25;11.328.420,00;1.087,00;277.145,00;267,00;820,00;10.993.097,00;2.272,00;5.384.573,00;3.245,00;4.077.802,00;3.425,00;5.306.156,00;2.687,00;3.746.287,00;997,00;344.558,00;119,00;974.566,00;559,00;861.716,00;436,00;357.993,00;679,00;4.526.111,00;318,00;198.264,00;1.782,00;5.372.588,00;1.209,00;816.857,00;404,00;416.788,00;187,00;123.155,00;221,00;0,00;0,00;35.650,00;313,00;3.787.900,00;1.755,00;1.491.786,00;1.222,00;72.277,00;730,00;16.578,00;52.433,00;-17.323,40;1.168,00;4.500,00;59.315,99;3.737,50;55.578,49;670.315,60;10.473,70;96.761,32;446,83;75.528,84;4.634,95;30.238.689,80;3.246,27;18,67;257,79;0,13;1,32;2,98;4,42;39,75;0,00;0,00;19,79;6.187,95;3.080,43;;25.596,40;51,30;;1.241.820,00;41,66;;1.454.710,00;54.830,00;132%;-8,73;-21%;2.142.654,00;5.386,00;6.513.989,00;160,00;4.696.985,00;2,00;5.272.725,00;1.582,00;0,00;0,00;0,00;0,00;340.359,00;0,00;17.372,00;1,00;0,00;0,00;0,00;0,00;0,00;417.021,30;92.364.489,00;4.306,00;44.203,90;;4.280,00;405,00;38.192,00;49.566,00;59.680,80;200.082,56;0,00;0,00;0,00;200.082,56;259.763,36;1.128.619,94;43.668.061,44;;;;;;;;;;;;;;;;;;;;;;;;;;;;;;;;;;;;
27/04/2025;6.066,97;1.438,00;6.065,35;1.438,40;1.352,75;746,79;9.545,45;12.912.607,49;0,00;16.455,37;3.884,97;9.545,45;157.073.873,38;74.444,96;15.262.531,24;5.877.010,53;1,00;15.262.531,24;0,00;0,00;74.444,96;68.674,00;5.770,96;26.944.674,00;3.144,00;98.849,00;70,00;429.050,00;182,00;13.059.073,00;2.356,00;36.316.872,00;980,00;25.712.300,00;6.628,00;231.168,00;42,00;804.494,00;483,00;6.264.024,00;422,00;1.103.577,00;10.237,00;667.273,00;7.952,00;;#¡REF!;2.842.330,00;23.797,00;1.900.854,00;3.657,00;3.245.381,00;11.921,00;16.825,00;122,00;122.825,00;674,00;24.527.390,00;5.954,00;3.739.232,00;4.294,00;86.055,00;36,00;3.925.977,00;1.582,00;519.694,00;228,00;170.338,00;204,00;94.157,89;926,77;11.328.921,00;501,00;277.357,00;212,00;289,00;10.993.350,00;253,00;5.385.051,00;478,00;4.078.001,00;199,00;5.306.461,00;305,00;3.747.207,00;920,00;344.658,00;100,00;974.655,00;89,00;862.005,00;289,00;358.209,00;216,00;4.527.031,00;920,00;199.915,00;1.651,00;5.373.447,00;859,00;817.201,00;344,00;416.819,00;31,00;123.276,00;121,00;0,00;0,00;35.950,00;300,00;3.789.297,00;1.397,00;1.492.695,00;909,00;72.824,00;547,00;4.634,00;47.327,00;-22.297,30;1.127,00;4.294,00;43.994,26;3.035,00;40.959,26;670.937,80;622,20;98.105,55;1.344,23;75.528,84;0,00;30.239.506,70;816,90;42,84;0,73;0,38;0,00;0,18;0,56;19,25;0,00;0,00;6,63;2.093,10;720,90;;25.633,30;36,90;;1.268.700,00;26,88;;1.498.200,00;43.490,00;162%;17,79;66%;2.148.056,00;5.402,00;6.514.920,00;931,00;4.698.385,00;1.400,00;5.273.474,00;749,00;0,00;0,00;0,00;0,00;340.359,00;0,00;17.372,00;0,00;0,00;0,00;0,00;0,00;0,00;417.021,30;92.367.298,00;2.809,00;44.230,40;;4.280,00;471,00;38.201,00;49.566,00;16.682,40;147.453,35;0,00;0,00;0,00;147.453,35;164.135,75;0,00;43.668.061,44;;;;;;;;;;;;;;;;;;;;;;;;;;;;;;;;;;;;
28/04/2025;6.079,38;1.441,55;6.077,76;1.441,96;1.352,75;746,79;9.545,45;12.912.607,49;0,00;16.467,79;3.888,55;9.545,45;157.192.446,96;118.573,58;15.262.531,24;5.877.010,53;1,00;15.262.531,24;0,00;0,00;118.573,58;109.874,00;8.699,58;26.953.084,00;8.410,00;98.902,00;53,00;429.256,00;206,00;13.064.855,00;5.782,00;36.317.732,00;860,00;25.721.628,00;9.328,00;231.223,00;55,00;804.983,00;489,00;6.264.423,00;399,00;1.114.781,00;11.204,00;675.364,00;8.091,00;;#¡REF!;2.869.775,00;27.445,00;1.916.149,00;15.295,00;3.266.749,00;21.368,00;16.967,00;142,00;124.020,00;1.195,00;24.537.572,00;10.182,00;3.740.364,00;1.132,00;86.094,00;39,00;3.927.614,00;1.637,00;520.014,00;320,00;170.445,00;107,00;95.140,41;982,52;11.333.233,00;4.312,00;277.690,00;333,00;3.979,00;10.997.097,00;3.747,00;5.386.675,00;1.624,00;4.079.708,00;1.707,00;5.306.691,00;230,00;3.748.278,00;1.071,00;344.758,00;100,00;974.743,00;88,00;863.036,00;1.031,00;358.574,00;365,00;4.528.142,00;1.111,00;201.685,00;1.770,00;5.374.721,00;1.274,00;817.585,00;384,00;416.889,00;70,00;123.622,00;346,00;0,00;0,00;36.277,00;327,00;3.790.649,00;1.352,00;1.493.438,00;743,00;73.505,00;681,00;19.004,00;72.199,00;-19.029,10;1.249,00;1.132,00;63.022,68;3.178,50;59.844,18;693.131,90;22.194,10;101.157,02;3.051,47;75.528,84;0,00;30.245.465,72;5.959,02;89,91;0,85;0,87;0,00;6,31;7,18;43,93;0,00;0,00;22,52;5.520,55;2.830,02;;25.671,10;37,80;;1.295.760,00;27,06;;1.547.434,00;49.234,00;182%;17,34;64%;2.153.682,00;5.626,00;6.515.401,00;481,00;4.698.385,00;0,00;5.275.293,00;1.819,00;0,00;0,00;0,00;0,00;340.359,00;0,00;17.372,00;0,00;0,00;0,00;0,00;0,00;0,00;417.021,30;92.370.225,00;2.927,00;44.258,70;;4.280,00;542,00;38.210,00;49.566,00;68.414,40;215.439,05;0,00;0,00;0,00;215.439,05;283.853,45;1.232.258,74;44.900.320,18;;;;;;;;;;;;;;;;;;;;;;;;;;;;;;;;;;;;
29/04/2025;6.092,85;1.445,25;6.091,22;1.445,65;1.352,75;746,79;9.545,45;12.912.607,49;0,00;16.481,26;3.892,25;9.545,45;157.321.005,09;128.558,12;15.262.531,24;5.877.010,53;1,00;15.262.531,24;0,00;0,00;128.558,12;119.810,00;8.748,12;26.964.272,00;11.188,00;98.955,00;53,00;429.446,00;190,00;13.071.024,00;6.169,00;36.318.644,00;912,00;25.733.782,00;12.154,00;231.272,00;49,00;805.589,00;606,00;6.266.932,00;2.509,00;1.125.890,00;11.109,00;683.424,00;8.060,00;;#¡REF!;2.897.330,00;27.555,00;1.934.888,00;18.739,00;3.288.673,00;21.924,00;17.110,00;143,00;125.008,00;988,00;24.547.632,00;10.060,00;3.740.483,00;119,00;86.132,00;38,00;3.929.543,00;1.929,00;520.461,00;447,00;170.594,00;149,00;96.186,95;1.046,54;11.337.912,00;4.679,00;277.871,00;181,00;4.498,00;11.001.431,00;4.334,00;5.388.295,00;1.620,00;4.081.230,00;1.522,00;5.308.783,00;2.092,00;3.749.289,00;1.011,00;344.858,00;100,00;974.832,00;89,00;864.359,00;1.323,00;358.933,00;359,00;4.529.692,00;1.550,00;203.373,00;1.688,00;5.376.005,00;1.284,00;817.934,00;349,00;417.114,00;225,00;123.866,00;244,00;0,00;0,00;36.592,00;315,00;3.792.113,00;1.464,00;1.494.323,00;885,00;74.092,00;587,00;22.700,00;76.278,00;-18.651,20;1.383,00;119,00;69.429,32;3.330,50;66.098,82;725.693,75;32.561,85;105.949,66;4.792,64;80.912,53;5.383,69;30.254.130,70;8.664,98;131,86;149,04;1,36;1,53;9,26;12,16;46,13;0,00;0,00;27,51;5.787,08;3.451,17;;25.732,20;61,10;;1.350.112,00;54,35;;1.599.898,00;52.464,00;97%;20,34;37%;2.159.523,00;5.841,00;6.515.876,00;475,00;4.698.385,00;0,00;5.277.181,00;1.888,00;0,00;0,00;0,00;0,00;340.359,00;0,00;17.372,00;0,00;0,00;0,00;0,00;0,00;0,00;417.021,30;92.374.588,00;4.363,00;44.289,10;;4.280,00;625,00;38.222,96;49.566,00;81.720,00;237.955,75;0,00;0,00;0,00;237.955,75;319.675,75;1.869.619,30;46.769.939,48;;;;;;;;;;;;;;;;;;;;;;;;;;;;;;;;;;;;
30/04/2025;6.106,07;1.449,00;6.104,44;1.449,41;1.352,75;746,79;9.545,45;12.912.607,49;0,00;16.494,47;3.896,01;9.545,45;157.447.157,75;126.152,67;15.262.531,24;5.877.010,53;1,00;15.262.531,24;0,00;0,00;126.152,67;117.664,00;8.488,67;26.974.138,00;9.866,00;99.012,00;57,00;429.662,00;216,00;13.076.890,00;5.866,00;36.319.616,00;972,00;25.745.272,00;11.490,00;231.504,00;232,00;806.158,00;569,00;6.267.369,00;437,00;1.137.245,00;11.355,00;691.485,00;8.061,00;;#¡REF!;2.925.302,00;27.972,00;1.951.822,00;16.934,00;3.311.760,00;23.087,00;17.255,00;145,00;126.007,00;999,00;24.557.754,00;10.122,00;3.740.537,00;54,00;86.169,00;37,00;3.931.414,00;1.871,00;520.822,00;361,00;170.698,00;104,00;97.221,85;1.034,90;11.342.131,00;4.219,00;278.253,00;382,00;3.837,00;11.005.392,00;3.961,00;5.390.860,00;2.565,00;4.084.541,00;3.311,00;5.309.136,00;353,00;3.750.309,00;1.020,00;344.990,00;132,00;974.950,00;118,00;865.269,00;910,00;359.482,00;549,00;4.531.094,00;1.402,00;205.192,00;1.819,00;5.377.373,00;1.368,00;818.292,00;358,00;417.124,00;10,00;124.132,00;266,00;0,00;0,00;36.917,00;325,00;3.793.765,00;1.652,00;1.495.383,00;1.060,00;74.783,00;691,00;23.287,00;76.054,00;-18.926,50;1.416,00;54,00;67.555,17;3.603,50;63.951,67;747.735,10;22.041,35;109.080,48;3.130,82;80.912,53;0,00;30.261.526,68;7.395,98;84,77;0,90;0,89;0,00;6,27;7,16;46,18;0,00;0,00;22,43;5.668,86;2.753,41;;25.764,50;32,30;;1.368.560,00;18,45;;1.643.364,70;43.466,70;236%;18,37;100%;2.165.277,00;5.754,00;6.516.246,00;370,00;4.698.385,00;0,00;5.278.619,00;1.438,00;0,00;0,00;0,00;0,00;340.359,00;0,00;17.372,00;0,00;0,00;0,00;0,00;0,00;0,00;417.021,30;92.377.035,00;2.447,00;44.315,00;;4.280,00;697,87;38.240,20;49.566,00;83.833,20;230.226,00;0,00;0,00;0,00;230.226,00;314.059,20;1.746.421,02;48.516.360,50;;;;;;;;;;;;;;;;;;;;;;;;;;;;;;;;;;;;
01/05/2025;6.114,54;1.451,00;6.112,90;1.451,40;1.352,75;746,79;9.545,45;12.912.607,49;0,00;16.502,93;3.898,01;9.545,45;157.527.921,80;80.764,05;15.262.531,24;5.877.010,53;1,00;15.262.531,24;0,00;0,00;80.764,05;75.973,00;4.791,05;26.978.830,00;4.692,00;99.063,00;51,00;429.857,00;195,00;13.081.009,00;4.119,00;36.320.348,00;732,00;25.753.560,00;8.288,00;231.631,00;127,00;806.673,00;515,00;6.267.653,00;284,00;1.147.783,00;10.538,00;699.534,00;8.049,00;;#¡REF!;2.943.266,00;17.964,00;1.957.043,00;5.221,00;3.332.201,00;20.441,00;17.387,00;132,00;126.674,00;667,00;24.561.732,00;3.978,00;3.740.725,00;188,00;86.208,00;39,00;3.932.690,00;1.276,00;520.838,00;16,00;170.716,00;18,00;98.161,61;939,76;11.342.705,00;574,00;278.255,00;2,00;572,00;11.005.856,00;464,00;5.392.471,00;1.611,00;4.086.277,00;1.736,00;5.309.296,00;160,00;3.751.211,00;902,00;345.102,00;112,00;975.066,00;116,00;865.713,00;444,00;359.915,00;433,00;4.532.005,00;911,00;206.870,00;1.678,00;5.378.356,00;983,00;818.593,00;301,00;417.162,00;38,00;124.229,00;97,00;0,00;0,00;37.207,00;290,00;3.795.263,00;1.498,00;1.496.397,00;1.014,00;75.411,00;628,00;8.433,00;0,00;-20.952,20;551,00;188,00;100.977,25;3.054,00;97.923,25;14.831,63;14.831,63;3.014,56;3.014,56;0,00;0,00;30.263.783,99;2.257,31;73,73;0,79;0,86;0,00;4,22;5,08;25,19;0,00;0,00;18,32;3.818,96;2.777,43;;25.803,20;38,70;;30.016,00;30,02;;51.208,00;51.208,00;171%;1,13;4%;2.170.822,00;5.545,00;6.517.805,00;1.559,00;4.698.866,00;481,00;5.279.741,00;1.122,00;0,00;0,00;0,00;0,00;340.359,00;0,00;17.372,00;0,00;0,00;0,00;0,00;0,00;0,00;417.021,30;92.379.977,00;2.942,00;44.341,60;;4.280,00;751,30;38.251,80;49.566,00;30.358,80;352.523,71;0,00;0,00;0,00;352.523,71;382.882,51;309.255,00;309.255,00;;;;;;;;;;;;;;;;;;;;;;;;;;;;;;;;;;;;
02/05/2025;6.127,62;1.454,51;6.125,98;1.454,92;1.352,75;746,79;9.545,45;12.912.607,49;0,00;16.515,98;3.901,53;9.545,45;157.652.423,11;124.501,30;15.262.531,24;5.877.010,53;1,00;15.262.531,24;0,00;0,00;124.501,30;115.766,00;8.735,30;26.989.628,00;10.798,00;99.114,00;51,00;430.048,00;191,00;13.087.575,00;6.566,00;36.321.204,00;856,00;25.768.388,00;14.828,00;231.757,00;126,00;807.181,00;508,00;6.270.932,00;3.279,00;1.159.442,00;11.659,00;707.630,00;8.096,00;;#¡REF!;2.960.609,00;17.343,00;1.975.254,00;18.211,00;3.356.678,00;24.477,00;17.527,00;140,00;127.996,00;1.322,00;24.572.760,00;11.028,00;3.740.916,00;191,00;86.249,00;41,00;3.934.641,00;1.951,00;521.218,00;380,00;170.824,00;108,00;98.229,33;67,72;11.346.963,00;4.258,00;278.633,00;378,00;3.880,00;11.009.430,00;3.574,00;5.395.856,00;3.385,00;4.090.055,00;3.778,00;5.312.362,00;3.066,00;3.752.186,00;975,00;345.217,00;115,00;975.186,00;120,00;866.689,00;976,00;360.650,00;735,00;4.533.422,00;1.417,00;208.656,00;1.786,00;5.379.815,00;1.459,00;818.960,00;367,00;417.244,00;82,00;124.680,00;451,00;0,00;0,00;37.532,00;325,00;3.796.791,00;1.528,00;1.497.354,00;957,00;76.145,00;734,00;14.238,00;0,00;-18.422,80;1.374,00;191,00;141.359,10;3.562,50;137.796,60;46.776,01;31.944,38;7.086,78;4.072,22;0,00;0,00;30.271.992,60;8.208,61;104,90;0,90;1,16;0,00;9,09;10,24;45,43;0,00;0,00;31,00;6.290,28;4.292,29;;25.844,80;41,60;;59.968,00;29,95;;97.532,00;46.324,00;155%;39,82;133%;2.176.069,00;5.247,00;6.518.302,00;497,00;4.698.876,00;10,00;5.281.350,00;1.609,00;0,00;0,00;0,00;0,00;340.359,00;0,00;17.372,00;0,00;0,00;0,00;0,00;0,00;0,00;417.021,30;92.383.023,00;3.046,00;44.370,40;;4.280,00;815,10;38.261,00;49.566,00;51.256,80;496.067,78;0,00;0,00;0,00;496.067,78;547.324,58;2.077.901,37;2.387.156,37;;;;;;;;;;;;;;;;;;;;;;;;;;;;;;;;;;;;
03/05/2025;6.139,71;1.457,68;6.138,07;1.458,09;1.352,75;746,79;9.545,45;12.912.607,49;0,00;16.528,09;3.904,72;9.545,45;157.768.056,69;115.633,58;15.262.531,24;5.877.010,53;1,00;15.262.531,24;0,00;0,00;115.633,58;108.851,00;6.782,58;26.998.770,00;9.142,00;99.165,00;51,00;430.199,00;151,00;13.093.686,00;6.111,00;36.321.996,00;792,00;25.780.758,00;12.370,00;231.880,00;123,00;807.663,00;482,00;6.272.567,00;1.635,00;1.164.240,00;4.798,00;708.686,00;1.056,00;;#¡REF!;2.977.508,00;16.899,00;1.992.901,00;17.647,00;3.387.718,00;31.040,00;17.670,00;143,00;128.913,00;917,00;24.582.812,00;10.052,00;3.741.115,00;199,00;86.292,00;43,00;3.936.395,00;1.754,00;521.660,00;442,00;170.835,00;11,00;100.224,30;1.994,97;11.351.447,00;4.484,00;278.979,00;346,00;4.138,00;11.013.633,00;4.203,00;5.397.968,00;2.112,00;4.092.196,00;2.141,00;5.313.798,00;1.436,00;3.753.211,00;1.025,00;345.353,00;136,00;975.609,00;423,00;868.066,00;1.377,00;361.232,00;582,00;4.535.013,00;1.591,00;210.263,00;1.607,00;5.381.182,00;1.367,00;819.303,00;343,00;417.325,00;81,00;124.924,00;695,00;0,00;0,00;37.833,00;301,00;3.798.444,00;1.653,00;1.498.477,00;1.123,00;76.711,00;566,00;22.560,00;0,00;-18.994,80;1.281,00;199,00;133.148,38;3.397,00;129.751,38;72.964,45;26.188,44;11.660,47;4.573,69;1.514,45;1.514,45;30.278.887,00;6.894,40;125,29;109,19;1,30;0,43;7,45;9,18;41,38;0,00;0,00;25,78;5.737,44;3.574,46;;25.897,80;53,00;;106.712,00;46,74;;143.337,00;45.805,00;98%;18,12;39%;2.181.652,00;5.583,00;6.519.966,00;1.664,00;4.700.352,00;1.476,00;5.283.491,00;2.141,00;0,00;0,00;0,00;0,00;340.359,00;0,00;17.372,00;0,00;0,00;0,00;0,00;0,00;0,00;417.021,30;92.386.986,00;3.963,00;44.399,90;;4.280,00;903,00;38.273,00;49.566,00;81.216,00;467.104,97;0,00;0,00;0,00;467.104,97;548.320,97;1.830.023,46;4.217.179,83;;;;;;;;;;;;;;;;;;;;;;;;;;;;;;;;;;;;
04/05/2025;6.152,40;1.460,89;6.150,75;1.461,30;1.352,75;746,79;9.545,45;12.912.607,49;0,00;16.540,77;3.907,93;9.545,45;157.889.131,18;121.074,49;15.262.531,24;5.877.010,53;1,00;15.262.531,24;0,00;0,00;121.074,49;111.206,00;9.868,49;27.008.898,00;10.128,00;99.208,00;43,00;430.350,00;151,00;13.099.688,00;6.002,00;36.322.796,00;800,00;25.792.594,00;11.836,00;232.003,00;123,00;808.070,00;407,00;6.273.725,00;1.158,00;1.168.362,00;4.122,00;708.773,00;87,00;;#¡REF!;2.994.267,00;16.759,00;2.012.945,00;20.044,00;3.418.825,00;31.107,00;17.816,00;146,00;130.220,00;1.307,00;24.593.220,00;10.408,00;3.741.189,00;74,00;86.332,00;40,00;3.938.320,00;1.925,00;522.029,00;369,00;170.951,00;116,00;101.169,93;945,63;11.356.283,00;4.836,00;279.175,00;196,00;4.640,00;11.018.164,00;4.531,00;5.399.349,00;1.381,00;4.094.007,00;1.811,00;5.314.736,00;938,00;3.754.190,00;979,00;345.679,00;326,00;976.194,00;585,00;869.457,00;1.391,00;361.814,00;582,00;4.536.629,00;1.616,00;212.007,00;1.744,00;5.382.536,00;1.354,00;819.628,00;325,00;417.423,00;98,00;125.332,00;408,00;0,00;0,00;38.126,00;293,00;3.799.959,00;1.515,00;1.499.482,00;1.005,00;77.183,00;472,00;24.164,00;0,00;-19.151,10;1.088,00;74,00;139.063,59;3.242,50;135.821,09;103.656,05;30.691,60;16.873,77;5.213,30;4.386,32;2.871,87;30.286.610,50;7.723,50;138,26;173,86;1,48;0,82;8,73;11,03;40,93;0,00;0,00;26,35;5.706,03;3.673,44;;25.953,10;55,30;;151.936,00;45,22;;198.152,00;54.815,00;121%;18,65;41%;2.187.159,00;5.507,00;6.520.542,00;576,00;4.700.942,00;590,00;5.285.577,00;2.086,00;0,00;0,00;0,00;0,00;340.359,00;0,00;17.372,00;0,00;0,00;0,00;0,00;0,00;0,00;417.021,30;92.390.969,00;3.983,00;44.430,10;;4.280,00;968,30;38.287,94;49.566,00;86.990,40;488.955,92;0,00;0,00;0,00;488.955,92;575.946,32;2.001.152,57;6.218.332,40;;;;;;;;;;;;;;;;;;;;;;;;;;;;;;;;;;;;
05/05/2025;6.164,28;1.463,83;6.162,63;1.464,24;1.352,75;746,79;9.545,45;12.912.607,49;0,00;16.552,62;3.910,87;9.545,45;158.002.206,58;113.075,40;15.262.531,24;5.877.010,53;1,00;15.262.531,24;0,00;0,00;113.075,40;103.169,00;9.906,40;27.018.332,00;9.434,00;99.256,00;48,00;430.567,00;217,00;13.105.114,00;5.426,00;36.323.728,00;932,00;25.804.352,00;11.758,00;232.126,00;123,00;808.479,00;409,00;6.273.985,00;260,00;1.172.457,00;4.095,00;709.093,00;320,00;;#¡REF!;3.011.169,00;16.902,00;2.027.271,00;14.326,00;3.449.713,00;30.888,00;17.944,00;128,00;131.179,00;959,00;24.602.628,00;9.408,00;3.741.381,00;192,00;86.368,00;36,00;3.940.135,00;1.815,00;522.426,00;397,00;170.977,00;26,00;102.258,80;1.088,87;11.360.596,00;4.313,00;279.503,00;328,00;3.985,00;11.022.170,00;4.006,00;5.400.552,00;1.203,00;4.096.550,00;2.543,00;5.314.901,00;165,00;3.755.195,00;1.005,00;346.493,00;814,00;976.441,00;247,00;870.539,00;1.082,00;362.727,00;913,00;4.538.105,00;1.476,00;213.604,00;1.597,00;5.383.801,00;1.265,00;819.987,00;359,00;417.442,00;19,00;125.603,00;271,00;0,00;0,00;38.450,00;324,00;3.801.661,00;1.702,00;1.500.599,00;1.117,00;77.888,00;705,00;17.982,00;0,00;-19.647,10;1.160,00;192,00;131.370,50;3.638,50;127.732,00;129.989,82;26.333,77;20.630,36;3.756,59;8.383,97;3.997,65;30.293.663,60;7.053,10;101,37;241,56;1,07;1,14;7,49;9,70;36,58;0,00;0,00;21,33;5.207,93;3.036,77;;26.005,10;52,00;;190.224,00;38,29;;247.644,00;49.492,00;129%;19,04;50%;2.192.177,00;5.018,00;6.521.017,00;475,00;4.700.959,00;17,00;5.288.095,00;2.518,00;0,00;0,00;0,00;0,00;340.359,00;0,00;17.379,00;7,00;0,00;0,00;0,00;0,00;0,00;417.021,30;92.394.550,00;3.581,00;44.459,20;;4.280,00;1.113,20;38.299,00;49.566,00;64.735,20;459.835,20;0,00;0,00;0,00;459.835,20;524.570,40;1.436.587,99;7.654.920,39;;;;;;;;;;;;;;;;;;;;;;;;;;;;;;;;;;;;
06/05/2025;6.176,35;1.466,98;6.174,70;1.467,39;1.352,75;746,79;9.545,45;12.912.607,49;0,00;16.564,70;3.914,04;9.545,45;158.117.525,16;115.318,58;15.262.531,24;5.877.010,53;1,00;15.262.531,24;0,00;0,00;115.318,58;108.953,00;6.365,58;27.026.516,00;8.184,00;99.311,00;55,00;430.781,00;214,00;13.110.930,00;5.816,00;36.324.716,00;988,00;25.817.440,00;13.088,00;232.249,00;123,00;808.919,00;440,00;6.277.288,00;3.303,00;1.179.164,00;6.707,00;711.103,00;2.010,00;;#¡REF!;3.028.236,00;17.067,00;2.043.011,00;15.740,00;3.481.338,00;31.625,00;18.087,00;143,00;132.298,00;1.119,00;24.612.366,00;9.738,00;3.741.608,00;227,00;86.403,00;35,00;3.941.937,00;1.802,00;522.857,00;431,00;170.998,00;21,00;103.284,74;1.025,94;11.364.982,00;4.386,00;279.857,00;354,00;4.032,00;11.026.177,00;4.007,00;5.402.024,00;1.472,00;4.098.369,00;1.819,00;5.317.742,00;2.841,00;3.756.183,00;988,00;346.611,00;118,00;976.863,00;422,00;871.661,00;1.122,00;363.187,00;460,00;4.539.477,00;1.372,00;215.295,00;1.691,00;5.385.218,00;1.417,00;820.296,00;309,00;417.685,00;243,00;125.927,00;324,00;0,00;0,00;38.766,00;316,00;3.803.434,00;1.773,00;1.501.784,00;1.185,00;78.560,00;672,00;19.547,00;0,00;-19.267,70;1.246,00;227,00;133.113,28;3.662,00;129.451,28;151.058,14;21.068,32;23.525,70;2.895,34;15.545,01;7.161,04;30.299.332,70;5.669,10;78,27;241,70;0,82;2,04;5,99;8,85;40,18;0,00;0,00;23,02;5.540,68;3.174,38;;26.071,70;66,60;;250.512,00;60,29;;301.404,00;53.760,00;89%;18,23;30%;2.197.671,00;5.494,00;6.521.231,00;214,00;4.700.963,00;4,00;5.289.378,00;1.283,00;0,00;0,00;0,00;0,00;340.359,00;0,00;17.380,00;1,00;0,00;0,00;0,00;0,00;0,00;417.021,30;92.399.292,00;4.742,00;44.490,30;;4.280,00;1.168,00;38.313,00;49.566,00;70.369,20;466.024,61;0,00;0,00;0,00;466.024,61;536.393,81;1.473.914,71;9.128.835,10;;;;;;;;;;;;;;;;;;;;;;;;;;;;;;;;;;;;
07/05/2025;6.189,40;1.470,70;6.187,74;1.471,11;1.352,75;746,79;9.545,45;12.912.607,49;0,00;16.577,73;3.917,76;9.545,45;158.241.931,01;124.405,85;15.262.531,24;5.877.010,53;1,00;15.262.531,24;0,00;0,00;124.405,85;116.978,00;7.427,85;27.036.196,00;9.680,00;99.362,00;51,00;430.991,00;210,00;13.117.368,00;6.438,00;36.325.616,00;900,00;25.833.592,00;16.152,00;232.373,00;124,00;809.359,00;440,00;6.281.694,00;4.406,00;1.190.907,00;11.743,00;718.880,00;7.777,00;;#¡REF!;3.045.426,00;17.190,00;2.062.522,00;19.511,00;3.505.956,00;24.618,00;18.234,00;147,00;133.287,00;989,00;24.623.112,00;10.746,00;3.741.779,00;171,00;86.443,00;40,00;3.943.947,00;2.010,00;523.442,00;585,00;171.110,00;112,00;104.316,94;1.032,20;11.369.796,00;4.814,00;280.094,00;237,00;4.577,00;11.029.577,00;3.400,00;5.405.228,00;3.204,00;4.101.922,00;3.553,00;5.321.543,00;3.801,00;3.757.163,00;980,00;346.711,00;100,00;976.984,00;121,00;872.774,00;1.113,00;363.848,00;661,00;4.541.053,00;1.576,00;216.716,00;1.421,00;5.386.845,00;1.627,00;820.673,00;377,00;418.013,00;328,00;126.215,00;288,00;0,00;0,00;39.082,00;316,00;3.805.166,00;1.732,00;1.502.866,00;1.082,00;79.158,00;598,00;26.544,00;0,00;-18.814,60;1.374,00;171,00;141.675,45;3.651,00;138.024,45;180.554,53;29.496,39;28.035,62;4.509,92;23.668,14;8.123,13;30.306.803,80;7.471,10;120,14;232,27;1,28;2,31;8,39;11,98;43,18;0,00;0,00;25,07;6.028,73;3.500,24;;26.152,60;80,90;;326.400,00;75,89;;361.000,00;59.596,00;79%;17,94;24%;2.202.149,00;4.478,00;6.521.869,00;638,00;4.701.666,00;703,00;5.292.108,00;2.730,00;0,00;0,00;0,00;0,00;340.359,00;0,00;17.380,00;0,00;0,00;0,00;0,00;0,00;0,00;417.021,30;92.404.804,00;5.512,00;44.521,60;;4.280,00;1.210,50;38.329,00;49.566,00;95.558,40;496.888,02;0,00;0,00;0,00;496.888,02;592.446,42;2.164.375,17;11.293.210,27;;;;;;;;;;;;;;;;;;;;;;;;;;;;;;;;;;;;
08/05/2025;6.201,95;1.474,03;6.200,29;1.474,44;1.352,75;746,79;9.545,45;12.912.607,49;0,00;16.590,28;3.921,10;9.545,45;158.361.726,41;119.795,40;15.262.531,00;5.877.010,53;1,00;15.262.531,00;0,00;0,00;119.795,40;110.954,00;8.841,40;27.045.068,00;8.872,00;99.413,00;51,00;431.198,00;207,00;13.123.771,00;6.403,00;36.328.348,00;2.732,00;25.848.738,00;15.146,00;232.496,00;123,00;809.793,00;434,00;6.285.395,00;3.701,00;1.203.641,00;12.734,00;726.731,00;7.851,00;;#¡REF!;3.063.085,00;17.659,00;2.076.250,00;13.728,00;3.530.118,00;24.162,00;18.389,00;155,00;134.385,00;1.098,00;24.632.630,00;9.518,00;3.742.204,00;425,00;86.485,00;42,00;3.945.877,00;1.930,00;523.914,00;472,00;171.200,00;90,00;105.353,75;1.036,81;11.371.948,00;2.152,00;280.446,00;352,00;1.800,00;11.033.313,00;3.736,00;5.408.491,00;3.263,00;4.105.201,00;3.279,00;5.324.718,00;3.175,00;3.758.217,00;1.054,00;346.827,00;116,00;977.090,00;106,00;873.581,00;807,00;364.512,00;664,00;4.542.640,00;1.587,00;218.334,00;1.618,00;5.388.256,00;1.411,00;821.109,00;436,00;418.297,00;284,00;126.513,00;298,00;0,00;0,00;39.407,00;325,00;3.806.781,00;1.615,00;1.503.808,00;942,00;79.788,00;630,00;19.928,00;0,00;-17.089,70;1.348,00;425,00;135.112,10;3.535,00;131.577,10;205.591,84;25.037,31;31.536,94;3.501,32;28.185,46;4.517,32;30.313.348,40;6.544,60;103,21;172,54;1,00;1,28;7,12;9,40;42,88;0,00;0,00;26,98;6.112,74;3.846,12;;26.224,70;72,10;;392.144,00;65,74;;419.682,00;58.682,00;89%;20,97;32%;2.207.809,00;5.660,00;6.522.505,00;636,00;4.702.027,00;361,00;5.293.772,00;1.664,00;0,00;0,00;0,00;0,00;340.359,00;0,00;17.381,00;1,00;0,00;0,00;0,00;0,00;0,00;417.021,30;92.409.936,00;5.132,00;44.552,70;;4.280,00;1.271,30;38.342,00;49.566,00;71.740,80;473.677,55;0,00;0,00;0,00;473.677,55;545.418,35;1.336.724,17;12.629.934,44;;;;;;;;;;;;;;;;;;;;;;;;;;;;;;;;;;;;
09/05/2025;6.217,87;1.478,75;6.216,19;1.479,16;1.352,75;746,79;9.545,45;12.912.607,49;0,00;16.606,18;3.925,83;9.545,45;158.513.499,06;151.772,66;15.262.531,00;5.877.010,00;1,00;15.262.531,00;0,00;0,00;151.772,66;140.966,00;10.806,66;27.058.050,00;12.982,00;99.496,00;83,00;431.411,00;213,00;13.132.405,00;8.634,00;36.331.256,00;2.908,00;25.863.478,00;14.740,00;232.619,00;123,00;810.217,00;424,00;6.287.877,00;2.482,00;1.221.135,00;17.494,00;734.143,00;7.412,00;;#¡REF!;3.081.571,00;18.486,00;2.097.399,00;21.149,00;3.561.313,00;31.195,00;18.542,00;153,00;135.872,00;1.487,00;24.646.008,00;13.378,00;3.744.903,00;2.699,00;86.522,00;37,00;3.947.888,00;2.011,00;524.400,00;486,00;171.301,00;101,00;106.370,00;1.016,25;11.376.654,00;4.706,00;280.813,00;367,00;4.339,00;11.037.700,00;4.387,00;5.411.631,00;3.140,00;4.109.058,00;3.857,00;5.326.954,00;2.236,00;3.759.218,00;1.001,00;346.917,00;90,00;977.173,00;83,00;874.790,00;1.209,00;365.224,00;712,00;4.544.032,00;1.392,00;219.944,00;1.610,00;5.389.830,00;1.574,00;821.473,00;364,00;418.404,00;107,00;127.027,00;514,00;0,00;0,00;39.732,00;325,00;3.808.524,00;1.743,00;1.504.949,00;1.141,00;80.403,00;615,00;28.518,00;0,00;-14.730,50;1.378,00;2.699,00;162.426,16;3.688,50;158.737,66;247.818,90;42.227,06;35.632,69;4.095,75;29.128,03;942,57;30.323.870,00;10.521,60;114,81;37,51;1,16;0,27;12,01;13,44;67,18;0,00;0,00;33,39;8.339,14;4.144,74;;26.272,50;47,80;;428.928,00;36,78;;472.070,00;52.388,00;142%;10,26;28%;2.212.260,00;4.451,00;6.522.790,00;285,00;4.703.305,00;1.278,00;5.295.208,00;1.436,00;0,00;0,00;0,00;0,00;340.359,00;0,00;17.381,00;0,00;0,00;0,00;0,00;0,00;0,00;417.021,30;92.413.352,00;3.416,00;44.579,90;;4.280,00;1.335,00;38.356,00;49.566,00;102.664,80;571.455,56;0,00;0,00;0,00;571.455,56;674.120,36;2.366.678,22;14.996.612,66;;;;;;;;;;;;;;;;;;;;;;;;;;;;;;;;;;;;
10/05/2025;6.234,14;1.483,61;6.232,46;1.484,02;1.352,75;746,79;9.545,45;12.912.607,49;0,00;16.622,46;3.930,69;9.545,45;158.668.822,63;155.323,56;15.262.531,00;5.877.010,00;1,00;15.262.531,00;0,00;0,00;155.323,56;144.697,00;10.626,56;27.069.512,00;11.462,00;99.566,00;70,00;431.607,00;196,00;13.140.649,00;8.244,00;36.334.484,00;3.228,00;25.878.562,00;15.084,00;232.743,00;124,00;810.694,00;477,00;6.291.369,00;3.492,00;1.240.743,00;19.608,00;741.799,00;7.656,00;;#¡REF!;3.100.220,00;18.649,00;2.119.486,00;22.087,00;3.594.538,00;33.225,00;18.699,00;157,00;136.993,00;1.121,00;24.659.118,00;13.110,00;3.748.608,00;3.705,00;86.560,00;38,00;3.949.767,00;1.879,00;524.788,00;388,00;171.420,00;119,00;107.359,00;989,00;11.381.742,00;5.088,00;281.154,00;341,00;4.747,00;11.041.538,00;3.838,00;5.414.203,00;2.572,00;4.112.272,00;3.214,00;5.330.235,00;3.281,00;3.760.192,00;974,00;347.013,00;96,00;977.262,00;89,00;875.945,00;1.155,00;365.806,00;582,00;4.545.617,00;1.585,00;221.767,00;1.823,00;5.391.498,00;1.668,00;821.872,00;399,00;418.483,00;79,00;127.335,00;308,00;0,00;0,00;40.042,00;310,00;3.810.115,00;1.591,00;1.505.981,00;1.032,00;81.086,00;683,00;28.707,00;0,00;-14.845,00;1.325,00;3.705,00;165.138,56;3.523,50;161.615,06;282.724,47;34.905,57;41.301,00;5.668,31;29.128,03;0,00;30.332.834,50;8.964,50;145,05;0,93;1,61;0,00;9,93;11,54;63,28;0,00;0,00;29,20;7.881,02;3.636,63;;26.317,00;44,50;;463.120,00;34,19;;530.470,00;58.400,00;171%;16,24;47%;2.217.387,00;5.127,00;6.523.422,00;632,00;4.703.342,00;37,00;5.296.615,00;1.407,00;0,00;0,00;0,00;0,00;340.359,00;0,00;17.381,00;0,00;0,00;0,00;0,00;0,00;0,00;417.021,30;92.416.687,00;3.335,00;44.609,20;;4.280,00;1.390,00;38.370,00;49.566,00;103.345,20;581.814,22;0,00;0,00;0,00;581.814,22;685.159,42;2.104.445,00;17.101.057,66;;;;;;;;;;;;;;;;;;;;;;;;;;;;;;;;;;;;
11/05/2025;6.243,31;1.485,38;6.241,63;1.485,79;1.352,75;746,94;9.545,45;12.912.607,49;0,00;16.630,60;3.932,46;9.545,45;158.746.541,68;77.719,05;15.352.463,76;5.918.949,81;1,00;15.352.463,76;89.932,76;89.932,76;167.651,81;162.707,00;4.944,81;27.081.328,00;11.816,00;99.632,00;66,00;431.772,00;165,00;13.148.924,00;8.275,00;36.349.348,00;14.864,00;25.893.866,00;15.304,00;232.866,00;123,00;811.245,00;551,00;6.294.138,00;2.769,00;1.261.188,00;20.445,00;749.855,00;8.056,00;;#¡REF!;3.122.152,00;21.932,00;2.141.378,00;21.892,00;3.629.491,00;34.953,00;18.853,00;154,00;138.437,00;1.444,00;24.672.344,00;13.226,00;3.752.565,00;3.957,00;86.596,00;36,00;3.951.379,00;1.612,00;524.972,00;184,00;171.509,00;89,00;108.373,34;1.014,34;11.385.958,00;4.216,00;281.156,00;2,00;4.214,00;11.045.468,00;3.930,00;5.417.309,00;3.106,00;4.115.826,00;3.554,00;5.332.592,00;2.357,00;3.761.122,00;930,00;347.282,00;269,00;977.364,00;102,00;877.096,00;1.151,00;366.780,00;974,00;4.547.222,00;1.605,00;223.690,00;1.923,00;5.393.273,00;1.775,00;822.238,00;366,00;418.701,00;218,00;127.761,00;426,00;0,00;0,00;40.340,00;298,00;3.811.692,00;1.577,00;1.507.035,00;1.054,00;81.649,00;563,00;29.212,00;0,00;-3.244,90;826,00;3.957,00;166.113,71;3.244,00;162.869,71;316.911,50;34.187,03;46.595,18;5.294,18;34.352,12;5.224,09;30.341.771,90;8.937,40;130,77;194,93;1,51;1,49;9,72;12,71;66,14;0,00;0,00;29,90;7.916,96;3.579,03;;26.383,90;66,90;;521.776,00;58,66;;590.744,00;60.274,00;103%;5,19;9%;2.222.850,00;5.463,00;6.524.106,00;684,00;4.703.700,00;358,00;5.298.225,00;1.610,00;0,00;0,00;0,00;0,00;340.359,00;0,00;17.381,00;0,00;0,00;0,00;0,00;0,00;0,00;417.021,30;92.443.363,00;26.676,00;44.640,50;;4.280,00;1.451,30;38.378,40;49.566,00;105.163,20;586.330,97;0,00;0,00;0,00;586.330,97;691.494,17;2.072.094,50;19.173.152,16;;;;;;;;;;;;;;;;;;;;;;;;;;;;;;;;;;;;
12/05/2025;6.245,67;1.485,38;6.243,99;1.485,79;1.352,75;747,30;9.545,45;12.912.607,49;0,00;16.633,96;3.932,46;9.545,45;158.778.662,12;32.120,44;15.486.906,53;5.975.319,79;1,00;15.486.906,53;134.442,77;134.442,77;166.563,21;151.337,00;15.226,21;27.090.086,00;8.758,00;99.714,00;82,00;431.980,00;208,00;13.156.681,00;7.757,00;36.372.180,00;22.832,00;25.906.274,00;12.408,00;232.991,00;125,00;811.768,00;523,00;6.294.989,00;851,00;1.277.825,00;16.637,00;757.661,00;7.806,00;;#¡REF!;3.150.722,00;28.570,00;2.157.733,00;16.355,00;3.655.291,00;25.800,00;19.009,00;156,00;139.855,00;1.418,00;24.684.564,00;12.220,00;3.756.086,00;3.521,00;86.633,00;37,00;3.953.523,00;2.144,00;525.619,00;647,00;171.618,00;109,00;109.337,76;964,42;11.390.042,00;4.084,00;281.367,00;211,00;3.873,00;11.049.525,00;4.057,00;5.418.966,00;1.657,00;4.118.170,00;2.344,00;5.333.235,00;643,00;3.762.183,00;1.061,00;347.670,00;388,00;977.939,00;575,00;878.357,00;1.261,00;367.430,00;650,00;4.548.566,00;1.344,00;225.507,00;1.817,00;5.394.943,00;1.670,00;822.605,00;367,00;418.792,00;91,00;128.172,00;411,00;0,00;0,00;40.651,00;311,00;3.813.214,00;1.522,00;1.507.921,00;886,00;82.292,00;643,00;21.115,00;0,00;4.147,20;1.490,00;3.521,00;157.405,01;3.548,00;153.857,01;339.955,20;23.043,70;49.757,05;3.161,87;38.851,58;4.499,46;30.347.932,10;6.160,20;134,25;238,90;0,90;1,28;6,55;8,73;61,29;0,00;0,00;25,54;7.418,49;3.091,34;;26.441,80;57,90;;568.416,00;46,64;;654.070,00;63.326,00;136%;47,57;102%;2.228.376,00;5.526,00;6.524.870,00;764,00;4.704.262,00;562,00;5.301.036,00;2.811,00;0,00;0,00;0,00;0,00;340.359,00;0,00;17.382,00;1,00;0,00;0,00;0,00;0,00;0,00;417.021,30;92.483.472,00;40.109,00;44.673,00;;4.280,00;1.512,00;38.385,00;49.566,00;76.014,00;553.885,23;0,00;0,00;0,00;553.885,23;629.899,23;1.572.138,79;20.745.290,95;;;;;;;;;;;;;;;;;;;;;;;;;;;;;;;;;;;;
13/05/2025;6.248,61;1.485,38;6.246,93;1.485,79;1.352,77;747,70;9.545,45;12.912.798,40;190,91;16.636,89;3.932,46;9.545,45;158.806.611,20;27.949,08;15.615.504,39;6.032.589,58;1,00;15.615.504,39;128.597,86;128.406,95;156.356,03;150.440,00;5.916,03;27.100.176,00;10.090,00;99.797,00;83,00;432.172,00;192,00;13.164.551,00;7.870,00;36.394.840,00;22.660,00;25.921.518,00;15.244,00;233.115,00;124,00;812.300,00;532,00;6.298.252,00;3.263,00;1.296.249,00;18.424,00;765.317,00;7.656,00;;#¡REF!;3.176.930,00;26.208,00;2.172.818,00;15.085,00;3.678.962,00;23.671,00;19.161,00;152,00;141.312,00;1.457,00;24.695.752,00;11.188,00;3.759.744,00;3.658,00;86.672,00;39,00;3.955.436,00;1.913,00;526.061,00;442,00;171.753,00;135,00;110.367,99;1.030,23;11.392.549,00;2.507,00;281.865,00;498,00;2.009,00;11.053.551,00;4.026,00;5.420.686,00;1.720,00;4.121.749,00;3.579,00;5.336.100,00;2.865,00;3.763.190,00;1.007,00;347.815,00;145,00;978.499,00;560,00;879.320,00;963,00;368.014,00;584,00;4.549.666,00;1.100,00;227.290,00;1.783,00;5.396.449,00;1.506,00;822.992,00;387,00;418.990,00;198,00;128.533,00;361,00;0,00;0,00;40.972,00;321,00;3.814.691,00;1.477,00;1.508.750,00;829,00;82.855,00;563,00;20.687,00;0,00;4.020,90;1.607,00;3.658,00;147.070,13;3.317,50;143.752,63;367.143,78;27.188,58;52.206,52;2.449,47;45.909,60;7.058,02;30.355.364,80;7.432,70;87,92;257,30;0,70;2,01;7,73;10,44;60,04;0,00;0,00;25,22;7.556,08;3.173,96;;26.509,10;67,30;;629.488,00;61,07;;716.072,00;62.002,00;102%;50,01;82%;2.234.030,00;5.654,00;6.526.229,00;1.359,00;4.705.837,00;1.575,00;5.302.688,00;1.652,00;0,00;0,00;0,00;0,00;340.359,00;0,00;17.383,00;1,00;0,00;0,00;0,00;0,00;0,00;417.021,30;92.522.695,00;39.223,00;44.705,00;;4.280,00;1.585,00;38.399,00;49.566,00;74.473,20;517.509,46;0,00;0,00;0,00;517.509,46;591.982,66;1.582.694,18;22.327.985,13;;;;;;;;;;;;;;;;;;;;;;;;;;;;;;;;;;;;
14/05/2025;6.250,22;1.485,47;6.248,54;1.485,88;1.352,81;747,79;9.545,45;12.913.180,21;381,82;16.638,50;3.932,54;9.545,45;158.821.960,28;15.349,08;15.616.529,82;6.032.782,17;1,00;15.616.529,82;1.025,43;643,61;15.992,70;18.034,00;-2.041,30;27.101.961,00;1.785,00;99.801,00;4,00;432.300,20;128,20;13.166.280,00;1.729,00;36.395.980,00;1.140,00;25.924.730,00;3.212,00;233.115,00;0,00;812.563,00;263,00;6.298.450,00;198,00;1.299.390,00;3.141,00;766.309,00;992,00;;#¡REF!;3.179.028,00;2.098,00;2.173.405,00;587,00;3.680.985,00;2.023,00;19.236,64;75,64;141.496,90;184,90;24.698.071,00;2.319,00;3.760.656,00;912,00;86.692,66;20,66;3.956.639,00;1.203,00;526.317,40;256,40;171.789,70;36,70;110.758,11;390,12;11.392.740,00;191,00;281.923,70;58,70;132,30;11.053.670,00;119,00;5.420.874,00;188,00;4.121.923,00;174,00;5.336.239,00;139,00;3.763.756,00;566,00;347.820,00;5,00;978.500,00;1,00;879.519,00;199,00;368.133,00;119,00;4.549.849,00;183,00;228.304,00;1.014,00;5.396.809,00;360,00;823.180,60;188,60;419.021,80;31,80;128.536,20;3,20;0,00;0,00;41.201,89;229,89;3.815.737,00;1.046,00;1.509.425,00;675,00;83.273,65;418,65;785,00;0,00;-23.656,20;614,80;912,00;38.122,10;2.296,04;35.826,06;367.296,94;153,16;52.239,14;32,62;45.909,60;0,00;30.355.578,80;214,00;2,54;0,39;0,01;0,00;0,04;0,05;10,25;0,00;0,00;5,65;1.327,72;731,87;;26.525,20;16,10;;633.680,00;4,19;;724.475,00;8.403,00;200%;-13,09;-312%;2.236.614,00;2.584,00;6.526.229,00;0,00;4.705.837,00;0,00;5.302.688,00;0,00;0,00;0,00;0,00;0,00;340.359,00;0,00;17.383,00;0,00;0,00;0,00;0,00;0,00;0,00;417.021,30;92.522.695,00;0,00;44.721,40;;4.280,00;1.635,00;38.421,00;49.566,00;2.826,00;128.973,80;0,00;0,00;0,00;128.973,80;131.799,80;0,00;22.327.985,13;;;;;;;;;;;;;;;;;;;;;;;;;;;;;;;;;;;;
15/05/2025;6.255,98;1.486,57;6.254,29;1.486,98;1.352,82;748,10;9.545,45;12.913.275,67;95,45;16.644,25;3.933,64;9.545,45;158.876.884,80;54.924,52;15.699.039,53;6.068.335,89;1,00;15.699.039,53;82.509,71;82.414,26;137.338,77;121.905,00;15.433,77;27.111.312,00;9.351,00;99.893,00;92,00;432.502,00;201,80;13.173.313,00;7.033,00;36.408.416,00;12.436,00;25.939.508,00;14.778,00;233.287,00;172,00;813.051,00;488,00;6.302.562,00;4.112,00;1.316.696,00;17.306,00;772.936,00;6.627,00;;#¡REF!;3.191.615,00;12.587,00;2.188.732,00;15.327,00;3.702.243,00;21.258,00;19.393,00;156,36;142.668,00;1.171,10;24.709.900,00;11.829,00;3.764.397,00;3.741,00;86.734,00;41,34;3.958.288,00;1.649,00;526.714,00;396,60;171.877,00;87,30;111.724,27;966,16;11.397.055,00;4.315,00;282.414,00;490,30;3.824,70;11.056.923,00;3.253,00;5.423.005,00;2.131,00;4.125.263,00;3.340,00;5.339.823,00;3.584,00;3.764.651,00;895,00;347.899,00;79,00;978.592,00;92,00;880.427,00;908,00;368.787,00;654,00;4.551.197,00;1.348,00;229.895,00;1.591,00;5.398.428,00;1.619,00;823.545,00;364,40;419.291,00;269,20;128.881,00;344,80;0,00;0,00;41.491,00;289,11;3.817.052,00;1.315,00;1.510.176,00;751,00;83.742,00;468,35;21.010,00;0,00;-7.123,40;1.462,20;3.741,00;139.258,97;2.896,96;136.362,01;395.195,90;27.898,96;55.677,38;3.438,24;52.830,06;6.920,46;30.362.857,00;7.278,20;104,75;196,83;0,98;1,97;7,93;10,88;57,25;0,00;0,00;30,99;7.083,61;3.834,43;;26.592,40;67,20;;694.848,00;61,17;;779.818,00;55.343,00;90%;11,24;18%;2.238.634,00;2.020,00;6.527.779,00;1.550,00;4.707.000,00;1.163,00;5.306.441,00;3.753,00;0,00;0,00;0,00;0,00;340.359,00;0,00;17.383,00;0,00;0,00;0,00;0,00;0,00;0,00;417.021,30;92.550.525,00;27.830,00;44.753,00;;4.280,00;1.699,00;38.431,00;49.566,00;75.636,00;490.903,25;0,00;0,00;0,00;490.903,25;566.539,25;1.695.985,90;24.023.971,03;;;;;;;;;;;;;;;;;;;;;;;;;;;;;;;;;;;;
16/05/2025;6.258,91;1.486,57;6.257,22;1.486,98;1.352,82;748,48;9.545,45;12.913.275,67;0,00;16.647,18;3.933,64;9.545,45;158.904.852,97;27.968,17;15.832.955,00;6.125.794,00;1,00;15.832.955,00;133.915,47;133.915,47;161.883,64;154.656,00;7.227,64;27.120.940,00;9.628,00;99.973,00;80,00;432.703,00;201,00;13.181.999,00;8.686,00;36.431.120,00;22.704,00;25.954.820,00;15.312,00;233.414,00;127,00;813.520,00;469,00;6.306.573,00;4.011,00;1.336.210,00;19.514,00;780.895,00;7.959,00;;#¡REF!;3.209.986,00;18.371,00;2.208.650,00;19.918,00;3.728.982,00;26.739,00;19.534,00;141,00;143.956,00;1.288,00;24.723.684,00;13.784,00;3.768.425,00;4.028,00;86.770,00;36,00;3.960.344,00;2.056,00;527.365,00;651,00;172.000,00;123,00;112.702,00;977,73;11.401.710,00;4.655,00;282.867,00;453,00;4.202,00;11.061.023,00;4.100,00;5.425.913,00;2.908,00;4.128.622,00;3.359,00;5.343.435,00;3.612,00;3.765.551,00;900,00;348.029,00;130,00;978.715,00;123,00;881.536,00;1.109,00;369.446,00;659,00;4.552.774,00;1.577,00;231.728,00;1.833,00;5.399.836,00;1.408,00;823.902,00;357,00;419.488,00;197,00;129.213,00;332,00;0,00;0,00;41.807,00;316,00;3.818.513,00;1.461,00;1.511.028,00;852,00;84.341,00;599,00;26.736,00;0,00;4.738,10;1.696,00;4.028,00;151.421,54;3.404,00;148.017,54;420.507,44;25.311,54;59.466,46;3.789,08;56.688,95;3.858,89;30.369.846,20;6.989,20;106,15;122,50;1,08;1,10;7,20;9,37;68,50;0,00;0,00;34,32;8.357,21;4.187,15;;26.651,90;59,50;;746.784,00;51,94;;842.742,00;62.924,00;121%;51,20;99%;2.238.635,00;1,00;6.528.032,00;253,00;4.707.188,00;188,00;5.308.326,00;1.885,00;0,00;0,00;0,00;0,00;340.359,00;0,00;17.383,00;0,00;0,00;0,00;0,00;0,00;0,00;417.021,30;92.591.214,00;40.689,00;44.786,00;;4.280,00;1.842,00;38.445,00;49.566,00;96.249,60;532.863,14;0,00;0,00;0,00;532.863,14;629.112,74;2.065.160,56;26.089.131,59;;;;;;;;;;;;;;;;;;;;;;;;;;;;;;;;;;;;
17/05/2025;6.262,80;1.486,57;6.261,11;1.486,98;1.352,82;748,92;9.545,45;12.913.275,67;0,00;16.651,07;3.933,64;9.545,45;158.941.927,50;37.074,53;15.969.087,00;6.188.860,00;1,00;15.969.087,00;136.132,00;136.132,00;173.206,53;164.136,00;9.070,53;27.133.158,00;12.218,00;100.043,00;70,00;432.868,00;165,00;13.190.571,00;8.572,00;36.452.264,00;21.144,00;25.969.966,00;15.146,00;233.539,00;125,00;813.985,00;465,00;6.310.129,00;3.556,00;1.356.084,00;19.874,00;788.955,00;8.060,00;;#¡REF!;3.230.468,00;20.482,00;2.228.447,00;19.797,00;3.762.227,00;33.245,00;19.678,00;144,00;145.337,00;1.381,00;24.737.342,00;13.658,00;3.772.825,00;4.400,00;86.808,00;38,00;3.962.174,00;1.830,00;527.827,00;462,00;172.012,00;12,00;113.682,00;980,00;11.406.361,00;4.651,00;283.195,00;328,00;4.323,00;11.064.766,00;3.743,00;5.428.822,00;2.909,00;4.132.283,00;3.661,00;5.346.560,00;3.125,00;3.766.535,00;984,00;348.155,00;126,00;978.875,00;160,00;882.652,00;1.116,00;370.065,00;619,00;4.554.313,00;1.539,00;233.592,00;1.864,00;5.401.500,00;1.664,00;824.283,00;381,00;419.714,00;226,00;129.488,00;275,00;0,00;0,00;42.104,00;297,00;3.820.187,00;1.674,00;1.512.169,00;1.141,00;84.948,00;607,00;26.669,00;0,00;3.008,60;1.267,00;4.400,00;164.530,93;3.493,00;161.037,93;457.207,75;36.700,31;63.976,86;4.510,40;57.207,75;518,80;30.379.332,00;9.485,80;165,78;135,63;1,28;0,15;10,44;11,87;65,75;0,00;0,00;33,16;8.234,99;4.153,19;;26.707,40;55,50;;792.880,00;46,10;;889.450,00;46.708,00;101%;37,25;81%;2.244.036,00;5.401,00;6.528.453,00;421,00;4.707.431,00;243,00;5.310.138,00;1.812,00;0,00;0,00;0,00;0,00;340.359,00;0,00;17.383,00;0,00;0,00;0,00;0,00;0,00;0,00;417.021,30;92.630.754,00;39.540,00;44.817,90;;4.280,00;1.925,00;38.459,00;49.566,00;96.008,40;579.736,54;0,00;0,00;0,00;579.736,54;675.744,94;2.119.047,60;28.208.179,19;;;;;;;;;;;;;;;;;;;;;;;;;;;;;;;;;;;;
18/05/2025;6.266,91;1.486,57;6.265,22;1.486,98;1.352,87;749,31;9.545,45;12.913.752,94;477,27;16.655,17;3.933,64;9.545,45;158.981.130,66;39.203,16;16.108.398,85;6.254.368,71;1,00;16.108.398,85;139.311,85;138.834,58;178.037,74;164.903,00;13.134,74;27.145.450,00;12.292,00;100.112,00;69,00;433.020,00;152,00;13.199.312,00;8.741,00;36.475.060,00;22.796,00;25.983.668,00;13.702,00;233.662,00;123,00;814.440,00;455,00;6.311.690,00;1.561,00;1.376.026,00;19.942,00;796.972,00;8.017,00;;#¡REF!;3.250.703,00;20.235,00;2.248.885,00;20.438,00;3.795.676,00;33.449,00;19.820,00;142,00;146.663,00;1.326,00;24.750.650,00;13.308,00;3.776.896,00;4.071,00;86.845,00;37,00;3.963.894,00;1.720,00;528.071,00;244,00;172.024,00;12,00;114.673,69;991,69;11.410.909,00;4.548,00;283.524,00;329,00;4.219,00;11.069.090,00;4.324,00;5.431.532,00;2.710,00;4.135.762,00;3.479,00;5.347.788,00;1.228,00;3.767.532,00;997,00;348.300,00;145,00;979.424,00;549,00;884.034,00;1.382,00;370.749,00;684,00;4.555.984,00;1.671,00;235.394,00;1.802,00;5.403.089,00;1.589,00;824.595,00;312,00;419.888,00;174,00;129.819,00;331,00;0,00;0,00;42.380,00;276,00;3.821.796,00;1.609,00;1.513.266,00;1.097,00;85.398,00;450,00;27.236,00;0,00;4.767,30;1.040,00;4.071,00;168.159,44;3.195,00;164.964,44;494.927,16;37.719,41;69.183,47;5.206,61;65.178,19;7.970,44;30.389.295,50;9.963,50;140,16;184,14;1,48;2,27;10,73;14,48;67,25;0,00;0,00;35,15;8.623,90;4.507,51;;26.769,70;62,30;;847.440,00;54,56;;959.978,00;70.528,00;129%;50,48;93%;2.248.636,00;4.600,00;6.528.838,00;385,00;4.708.004,00;573,00;5.312.540,00;2.402,00;0,00;0,00;0,00;0,00;340.359,00;0,00;17.383,00;0,00;0,00;0,00;0,00;0,00;0,00;417.021,30;92.670.255,00;39.501,00;44.849,80;;4.280,00;1.989,00;38.471,50;49.566,00;98.049,60;593.871,99;0,00;0,00;0,00;593.871,99;691.921,59;2.017.382,51;30.225.561,70;;;;;;;;;;;;;;;;;;;;;;;;;;;;;;;;;;;;
19/05/2025;6.271,11;1.486,57;6.269,42;1.486,98;1.352,87;749,64;9.545,45;12.913.752,94;0,00;16.659,37;3.933,64;9.545,45;159.021.183,37;40.052,71;16.244.197,62;6.313.539,00;1,00;16.244.197,62;135.798,77;135.798,77;175.851,48;166.740,00;9.111,48;27.155.956,00;10.506,00;100.190,00;78,00;433.235,00;215,00;13.208.394,00;9.082,00;36.498.028,00;22.968,00;26.000.008,00;16.340,00;233.785,00;123,00;814.895,00;455,00;6.316.308,00;4.618,00;1.396.110,00;20.084,00;805.118,00;8.146,00;;#¡REF!;3.269.283,00;18.580,00;2.270.943,00;22.058,00;3.828.146,00;32.470,00;19.979,00;159,00;148.331,00;1.668,00;24.765.302,00;14.652,00;3.781.237,00;4.341,00;86.883,00;38,00;3.966.095,00;2.201,00;528.659,00;588,00;172.117,00;93,00;115.701,32;1.027,63;11.415.808,00;4.899,00;284.056,00;532,00;4.367,00;11.073.339,00;4.249,00;5.434.514,00;2.982,00;4.139.415,00;3.653,00;5.351.871,00;4.083,00;3.768.482,00;950,00;348.428,00;128,00;979.540,00;116,00;885.268,00;1.234,00;371.482,00;733,00;4.557.552,00;1.568,00;236.890,00;1.496,00;5.404.834,00;1.745,00;824.899,00;304,00;420.165,00;277,00;130.280,00;461,00;0,00;0,00;42.689,00;309,00;3.823.561,00;1.765,00;1.514.447,00;1.181,00;85.980,00;582,00;29.574,00;0,00;5.207,50;1.668,00;4.341,00;164.634,98;3.756,50;160.878,48;525.085,75;30.158,59;74.356,41;5.172,94;72.344,53;7.166,34;30.397.523,80;8.228,30;146,06;258,81;1,47;2,04;8,58;12,09;70,75;0,00;0,00;37,29;8.770,48;4.622,63;;26.842,50;72,80;;914.256,00;66,82;;1.018.730,00;58.752,00;88%;45,49;68%;2.254.024,00;5.388,00;6.529.513,00;675,00;4.708.234,00;230,00;5.314.434,00;1.894,00;0,00;0,00;0,00;0,00;340.359,00;0,00;17.384,00;1,00;0,00;0,00;0,00;0,00;0,00;417.021,30;92.708.238,00;37.983,00;44.880,20;;4.280,00;2.062,00;38.485,25;49.566,00;106.466,40;579.162,52;0,00;0,00;0,00;579.162,52;685.628,92;2.359.976,80;32.585.538,50;;;;;;;;;;;;;;;;;;;;;;;;;;;;;;;;;;;;
20/05/2025;6.274,26;1.486,57;6.272,57;1.486,98;1.352,87;749,95;9.545,45;12.913.752,94;0,00;16.662,52;3.933,64;9.545,45;159.051.203,81;30.020,44;16.380.863,85;6.371.610,09;1,00;16.380.863,85;136.666,23;136.666,23;166.686,67;157.661,00;9.025,67;27.167.272,00;11.316,00;100.267,00;77,00;433.458,00;223,00;13.216.507,00;8.113,00;36.520.952,00;22.924,00;26.013.550,00;13.542,00;233.909,00;124,00;815.365,00;470,00;6.317.476,00;1.168,00;1.415.202,00;19.092,00;813.183,00;8.065,00;;#¡REF!;3.287.734,00;18.451,00;2.289.730,00;18.787,00;3.860.110,00;31.964,00;20.129,00;150,00;149.737,00;1.406,00;24.778.774,00;13.472,00;3.785.334,00;4.097,00;86.919,00;36,00;3.968.300,00;2.205,00;529.425,00;766,00;172.130,00;13,00;116.711,08;1.009,76;11.420.084,00;4.276,00;284.428,00;372,00;3.904,00;11.076.806,00;3.467,00;5.437.808,00;3.294,00;4.143.041,00;3.626,00;5.352.845,00;974,00;3.769.475,00;993,00;348.574,00;146,00;980.310,00;770,00;886.641,00;1.373,00;372.130,00;648,00;4.559.004,00;1.452,00;238.812,00;1.922,00;5.406.448,00;1.614,00;825.209,00;310,00;420.245,00;80,00;130.649,00;369,00;0,00;0,00;42.993,00;304,00;3.825.245,00;1.684,00;1.515.515,00;1.068,00;86.689,00;709,00;25.721,00;0,00;4.135,60;1.621,00;4.097,00;156.833,07;3.799,50;153.033,57;557.161,70;32.075,95;79.162,09;4.805,68;75.719,45;3.374,92;30.406.013,00;8.489,20;121,32;202,76;1,37;0,96;9,12;11,45;62,99;0,00;0,00;33,04;7.702,01;4.039,92;;26.901,40;58,90;;963.632,00;49,38;;1.078.230,00;59.500,00;121%;43,36;88%;2.259.407,00;5.383,00;6.530.230,00;717,00;4.708.782,00;548,00;5.317.100,00;2.666,00;0,00;0,00;0,00;0,00;340.359,00;0,00;17.385,00;1,00;0,00;0,00;0,00;0,00;0,00;417.021,30;92.747.911,00;39.673,00;44.912,20;;4.280,00;2.139,20;38.499,00;49.566,00;92.595,60;550.920,85;0,00;0,00;0,00;550.920,85;643.516,45;1.706.528,75;34.292.067,25;;;;;;;;;;;;;;;;;;;;;;;;;;;;;;;;;;;;
21/05/2025;6.278,21;1.486,57;6.276,52;1.486,98;1.352,87;750,24;9.545,45;12.913.752,94;0,00;16.666,47;3.933,64;9.545,45;159.088.946,52;37.742,71;16.526.350,31;6.433.492,26;1,00;16.526.350,31;145.486,46;145.486,46;183.229,17;164.291,00;18.938,17;27.178.858,00;11.586,00;100.343,00;76,00;433.675,00;217,00;13.224.643,00;8.136,00;36.544.080,00;23.128,00;26.028.216,00;14.666,00;234.032,00;123,00;815.823,00;458,00;6.320.946,00;3.470,00;1.434.840,00;19.638,00;821.282,00;8.099,00;;#¡REF!;3.307.747,00;20.013,00;2.309.695,00;19.965,00;3.893.383,00;33.273,00;20.284,00;155,00;151.236,00;1.499,00;24.792.660,00;13.886,00;3.789.217,00;3.883,00;86.955,00;36,00;3.970.458,00;2.158,00;530.194,00;769,00;172.142,00;12,00;117.799,29;1.088,21;11.425.148,00;5.064,00;284.941,00;513,00;4.551,00;11.080.657,00;3.851,00;5.440.447,00;2.639,00;4.146.184,00;3.143,00;5.356.094,00;3.249,00;3.770.524,00;1.049,00;348.706,00;132,00;980.400,00;90,00;887.780,00;1.139,00;372.763,00;633,00;4.560.589,00;1.585,00;240.688,00;1.876,00;5.408.010,00;1.562,00;825.604,00;395,00;420.332,00;87,00;131.110,00;461,00;0,00;0,00;43.297,00;304,00;3.826.945,00;1.700,00;1.516.617,00;1.102,00;87.372,00;683,00;26.236,00;0,00;4.315,00;1.752,00;3.883,00;173.279,17;3.766,00;169.513,17;590.862,75;33.701,05;84.055,00;4.892,91;75.719,45;0,00;30.414.954,70;8.941,70;127,08;0,92;1,39;0,00;9,59;10,98;64,59;0,00;0,00;34,57;7.938,69;4.248,96;;26.949,00;47,60;;1.000.500,00;36,87;;1.128.840,00;50.610,00;137%;26,58;72%;2.264.589,00;5.182,00;6.531.140,00;910,00;4.708.782,00;0,00;5.319.375,00;2.275,00;0,00;0,00;0,00;0,00;340.359,00;0,00;17.386,00;1,00;0,00;0,00;0,00;0,00;0,00;417.021,30;92.787.691,00;39.780,00;44.944,20;;4.280,00;2.222,00;38.508,00;49.566,00;94.449,60;610.247,41;0,00;0,00;0,00;610.247,41;704.697,01;2.001.665,01;36.293.732,26;;;;;;;;;;;;;;;;;;;;;;;;;;;;;;;;;;;;
22/05/2025;6.282,71;1.486,59;6.281,02;1.487,00;1.352,87;750,57;9.545,45;12.913.752,94;0,00;16.670,97;3.933,66;9.545,45;159.131.881,95;42.935,43;16.653.621,09;6.488.368,79;1,00;16.653.621,09;127.270,78;127.270,78;170.206,21;169.756,00;450,21;27.191.732,00;12.874,00;100.429,00;86,00;433.876,00;201,00;13.233.167,00;8.524,00;36.566.908,00;22.828,00;26.043.388,00;15.172,00;234.154,00;122,00;816.370,00;547,00;6.323.924,00;2.978,00;1.454.726,00;19.886,00;828.982,00;7.700,00;20.009,00;#¡REF!;3.327.510,00;19.763,00;2.331.764,00;22.069,00;3.926.831,00;33.448,00;20.439,00;155,00;152.840,00;1.604,00;24.807.852,00;15.192,00;3.793.589,00;4.372,00;86.997,00;42,00;3.972.695,00;2.237,00;530.804,00;610,00;172.304,00;162,00;118.772,90;973,61;11.430.235,00;5.087,00;285.467,00;526,00;4.561,00;11.084.997,00;4.340,00;5.443.760,00;3.313,00;4.149.850,00;3.666,00;5.358.716,00;2.622,00;3.771.636,00;1.112,00;348.839,00;133,00;980.500,00;100,00;889.075,00;1.295,00;373.458,00;695,00;4.562.223,00;1.634,00;242.627,00;1.939,00;5.409.672,00;1.662,00;825.958,00;354,00;420.508,00;176,00;131.596,00;486,00;0,00;0,00;43.611,00;314,00;3.828.948,00;2.003,00;1.518.001,00;1.384,00;88.103,00;731,00;27.578,00;0,00;4.343,50;1.845,00;4.372,00;159.645,71;4.166,50;155.479,21;630.787,00;39.924,25;88.605,56;4.550,56;80.213,89;4.494,44;30.424.981,20;10.026,50;137,86;109,43;1,29;1,28;11,36;13,93;66,74;0,00;0,00;35,56;8.180,84;4.358,87;;27.008,50;59,50;;1.050.320,00;49,82;;1.185.620,00;56.780,00;114%;41,73;84%;2.269.377,00;4.788,00;6.531.769,00;629,00;4.708.782,00;0,00;5.320.940,00;1.565,00;0,00;0,00;0,00;0,00;340.359,00;0,00;17.386,00;0,00;0,00;0,00;0,00;0,00;0,00;417.021,30;92.827.326,00;39.635,00;44.975,90;;4.280,00;2.354,00;38.522,93;49.566,00;99.280,80;559.725,17;0,00;0,00;0,00;559.725,17;659.005,97;2.230.561,91;38.524.294,17;;;;;;;;;;;;;;;;;;;;;;;;;;;;;;;;;;;;
23/05/2025;6.285,46;1.486,59;6.283,76;1.487,00;1.352,90;750,86;9.545,45;12.914.039,31;286,36;16.673,70;3.933,66;9.545,45;159.157.934,35;26.052,40;16.790.243,24;6.540.345,26;1,00;16.790.243,24;136.622,15;136.335,79;162.388,18;154.056,00;8.332,18;27.199.992,00;8.260,00;100.506,00;77,00;434.083,00;207,00;13.240.705,00;7.538,00;36.590.236,00;23.328,00;26.058.580,00;15.192,00;234.280,00;126,00;817.026,00;656,00;6.327.582,00;3.658,00;1.474.400,00;19.674,00;837.079,00;8.097,00;25.027,00;#¡REF!;3.347.277,00;19.767,00;2.345.827,00;14.063,00;3.961.539,00;34.708,00;20.593,00;154,00;154.062,00;1.222,00;24.819.378,00;11.526,00;3.797.962,00;4.373,00;87.037,00;40,00;3.974.957,00;2.262,00;531.624,00;820,00;172.398,00;94,00;119.805,33;1.032,43;11.432.949,00;2.714,00;285.684,00;217,00;2.497,00;11.087.446,00;2.449,00;5.446.916,00;3.156,00;4.153.503,00;3.653,00;5.361.961,00;3.245,00;3.772.786,00;1.150,00;348.971,00;132,00;980.600,00;100,00;889.926,00;851,00;374.201,00;743,00;4.563.707,00;1.484,00;244.660,00;2.033,00;5.411.038,00;1.366,00;826.428,00;470,00;420.717,00;209,00;131.908,00;312,00;0,00;0,00;43.928,00;317,00;3.830.583,00;1.635,00;1.519.019,00;1.018,00;88.928,00;825,00;20.529,00;0,00;3.791,40;1.787,00;4.373,00;152.436,78;3.908,00;148.528,78;651.641,70;20.854,70;92.659,48;4.053,92;85.763,83;5.549,94;30.430.421,70;5.440,50;116,31;143,52;1,15;1,58;5,93;8,66;60,44;0,00;0,00;29,44;7.314,66;3.562,93;;27.074,60;66,10;;1.107.600,00;57,28;;1.246.250,00;60.630,00;106%;46,65;81%;2.271.919,00;2.542,00;6.533.937,00;2.168,00;4.710.007,00;1.225,00;5.322.946,00;2.006,00;0,00;0,00;0,00;0,00;340.359,00;0,00;17.386,00;0,00;0,00;0,00;0,00;0,00;0,00;417.021,30;92.866.912,00;39.586,00;45.007,70;;4.280,00;2.400,60;38.536,00;49.566,00;73.904,40;534.703,62;0,00;0,00;0,00;534.703,62;608.608,02;1.481.539,00;40.005.833,17;;;;;;;;;;;;;;;;;;;;;;;;;;;;;;;;;;;;
24/05/2025;6.289,68;1.486,59;6.287,98;1.487,00;1.352,90;751,13;9.545,45;12.914.039,31;0,00;16.677,92;3.933,66;9.545,45;159.198.213,28;40.278,94;16.926.653,94;6.598.763,00;1,00;16.926.653,94;136.410,70;136.410,70;176.689,64;168.707,00;7.982,64;27.211.232,00;11.240,00;100.577,00;71,00;434.263,00;180,00;13.248.952,00;8.247,00;36.613.348,00;23.112,00;26.072.770,00;14.190,00;234.402,00;122,00;817.703,00;677,00;6.329.700,00;2.118,00;1.494.141,00;19.741,00;845.105,00;8.026,00;29.990,00;#¡REF!;3.367.139,00;19.862,00;2.368.185,00;22.358,00;3.997.186,00;35.647,00;20.750,00;157,00;155.473,00;1.411,00;24.833.688,00;14.310,00;3.802.183,00;4.221,00;87.077,00;40,00;3.976.918,00;1.961,00;532.032,00;408,00;172.585,00;187,00;120.811,00;1.005,67;11.437.890,00;4.941,00;286.001,00;317,00;4.624,00;11.091.810,00;4.364,00;5.449.690,00;2.774,00;4.157.022,00;3.519,00;5.363.800,00;1.839,00;3.773.906,00;1.120,00;349.101,00;130,00;980.700,00;100,00;891.263,00;1.337,00;374.856,00;655,00;4.565.306,00;1.599,00;246.717,00;2.057,00;5.412.698,00;1.660,00;826.866,00;438,00;420.842,00;125,00;132.337,00;429,00;0,00;0,00;44.230,00;302,00;3.832.426,00;1.843,00;1.520.322,00;1.303,00;89.672,00;744,00;29.360,00;0,00;4.225,20;1.589,00;4.221,00;166.654,44;3.869,50;162.784,94;685.431,80;33.790,10;97.206,23;4.546,75;89.200,45;3.436,62;30.438.899,50;8.477,80;116,69;98,75;1,29;0,98;9,61;11,88;64,64;0,00;0,00;35,02;8.031,30;4.351,12;;27.133,80;59,20;;1.157.470,00;49,87;;1.300.550,00;54.300,00;109%;44,64;90%;2.276.846,00;4.927,00;6.534.102,00;165,00;4.710.183,00;176,00;5.326.123,00;3.177,00;0,00;0,00;0,00;0,00;340.359,00;0,00;17.386,00;0,00;0,00;0,00;0,00;0,00;0,00;417.021,30;92.907.307,00;40.395,00;45.040,20;;4.280,00;2.483,00;38.552,00;49.566,00;105.696,00;586.025,77;0,00;0,00;0,00;586.025,77;691.721,77;2.325.335,00;42.331.168,17;;;;;;;;;;;;;;;;;;;;;;;;;;;;;;;;;;;;
25/05/2025;6.293,42;1.486,59;6.291,73;1.487,00;1.352,90;751,39;9.545,45;12.914.039,31;0,00;16.681,66;3.933,66;9.545,45;159.233.960,99;35.747,71;17.065.282,32;6.656.253,88;1,00;17.065.282,32;138.628,38;138.628,38;174.376,09;163.312,00;11.064,09;27.220.934,00;9.702,00;100.661,00;84,00;434.446,00;183,00;13.256.977,00;8.025,00;36.636.532,00;23.184,00;26.086.126,00;13.356,00;234.525,00;123,00;818.367,00;664,00;6.331.338,00;1.638,00;1.513.931,00;19.790,00;853.136,00;8.031,00;35.029,00;#¡REF!;3.386.260,00;19.121,00;2.388.445,00;20.260,00;4.033.336,00;36.150,00;20.901,00;151,00;156.982,00;1.509,00;24.847.412,00;13.724,00;3.806.472,00;4.289,00;87.113,00;36,00;3.978.677,00;1.759,00;532.438,00;406,00;172.603,00;18,00;121.827,03;1.016,03;11.442.241,00;4.351,00;286.078,00;77,00;4.274,00;11.095.985,00;4.175,00;5.452.663,00;2.973,00;4.160.338,00;3.316,00;5.365.317,00;1.517,00;3.774.977,00;1.071,00;349.233,00;132,00;980.827,00;127,00;892.506,00;1.243,00;375.557,00;701,00;4.566.984,00;1.678,00;248.627,00;1.910,00;5.414.292,00;1.594,00;827.237,00;371,00;420.871,00;29,00;132.827,00;490,00;0,00;0,00;44.528,00;298,00;3.834.198,00;1.772,00;1.521.564,00;1.242,00;90.212,00;540,00;30.239,00;0,00;4.029,50;1.165,00;4.289,00;164.892,59;3.489,50;161.403,09;714.221,80;28.790,00;102.774,47;5.568,24;89.950,77;750,32;30.445.932,80;7.033,30;144,32;24,98;1,58;0,21;8,19;9,99;65,54;0,00;0,00;34,56;7.731,54;4.076,93;;27.179,50;45,70;;1.192.640,00;35,17;;1.345.930,00;45.380,00;129%;31,21;89%;2.281.840,00;4.994,00;6.534.593,00;491,00;4.710.825,00;642,00;5.328.421,00;2.298,00;0,00;0,00;0,00;0,00;340.359,00;0,00;17.386,00;0,00;0,00;0,00;0,00;0,00;0,00;417.021,30;92.947.175,00;39.868,00;45.072,30;;4.280,00;2.562,00;38.565,27;49.566,00;108.860,40;581.051,12;0,00;0,00;0,00;581.051,12;689.911,52;2.007.199,71;44.338.367,88;;;;;;;;;;;;;;;;;;;;;;;;;;;;;;;;;;;;
26/05/2025;6.297,63;1.486,59;6.295,93;1.487,00;1.352,90;751,76;9.545,45;12.914.039,31;0,00;16.685,87;3.933,66;9.545,45;159.274.118,70;40.157,71;17.202.645,70;6.715.742,09;1,00;17.202.645,70;137.363,38;137.363,38;177.521,09;167.402,00;10.119,09;27.234.204,00;13.270,00;100.733,00;72,00;434.646,00;200,00;13.265.194,00;8.217,00;36.659.588,00;23.056,00;26.099.996,00;13.870,00;234.648,00;123,00;819.018,00;651,00;6.331.625,00;287,00;1.533.105,00;19.174,00;860.201,00;7.065,00;40.250,00;#¡REF!;3.406.386,00;20.126,00;2.408.252,00;19.807,00;4.069.002,00;35.666,00;21.053,00;152,00;158.458,00;1.476,00;24.861.628,00;14.216,00;3.809.848,00;3.376,00;87.154,00;41,00;3.981.160,00;2.483,00;533.217,00;779,00;172.799,00;196,00;122.875,84;1.048,81;11.447.127,00;4.886,00;286.571,00;493,00;4.393,00;11.100.004,00;4.019,00;5.455.762,00;3.099,00;4.164.254,00;3.916,00;5.365.473,00;156,00;3.776.025,00;1.048,00;349.668,00;435,00;981.545,00;718,00;893.916,00;1.410,00;376.456,00;899,00;4.568.412,00;1.428,00;250.644,00;2.017,00;5.416.018,00;1.726,00;827.591,00;354,00;420.914,00;43,00;133.279,00;452,00;0,00;0,00;44.843,00;315,00;3.835.908,00;1.710,00;1.522.687,00;1.123,00;90.955,00;743,00;27.273,00;0,00;4.040,30;2.119,00;3.376,00;167.985,79;4.009,50;163.976,29;752.536,10;38.314,30;106.790,32;4.015,85;93.497,33;3.546,56;30.456.465,80;10.533,00;107,37;265,88;1,14;1,01;10,90;13,05;64,64;0,00;0,00;34,36;7.980,65;4.242,19;;27.232,70;53,20;;1.234.670,00;42,03;;1.397.620,00;51.690,00;123%;49,03;117%;2.285.588,00;3.748,00;6.534.880,00;287,00;4.710.831,00;6,00;5.331.514,00;3.093,00;0,00;0,00;0,00;0,00;340.359,00;0,00;17.388,00;2,00;0,00;0,00;0,00;0,00;0,00;417.021,30;92.986.542,00;39.367,00;45.103,90;;4.280,00;2.638,20;38.581,00;49.566,00;98.182,80;590.314,64;0,00;0,00;0,00;590.314,64;688.497,44;2.354.176,71;46.692.544,59;;;;;;;;;;;;;;;;;;;;;;;;;;;;;;;;;;;;
27/05/2025;6.301,06;1.486,59;6.299,36;1.487,00;1.352,90;752,18;9.545,45;12.914.039,31;0,00;16.689,29;3.933,66;9.545,45;159.306.764,14;32.645,44;17.339.575,06;6.774.012,73;1,00;17.339.575,06;136.929,36;136.929,36;169.574,80;160.732,00;8.842,80;27.245.260,00;11.056,00;100.806,00;73,00;434.830,00;184,00;13.273.399,00;8.205,00;36.682.780,00;23.192,00;26.114.560,00;14.564,00;234.772,00;124,00;819.646,00;628,00;6.334.711,00;3.086,00;1.548.692,00;15.587,00;868.335,00;8.134,00;42.542,00;#¡REF!;3.427.507,00;21.121,00;2.426.634,00;18.382,00;4.103.337,00;34.335,00;21.202,00;149,00;160.020,00;1.562,00;24.875.918,00;14.290,00;3.814.271,00;4.423,00;87.191,00;37,00;3.983.369,00;2.209,00;533.907,00;690,00;172.901,00;102,00;123.910,56;1.034,72;11.451.432,00;4.305,00;287.093,00;522,00;3.783,00;11.104.080,00;4.076,00;5.458.726,00;2.964,00;4.167.512,00;3.258,00;5.368.358,00;2.885,00;3.776.998,00;973,00;349.879,00;211,00;981.632,00;87,00;894.946,00;1.030,00;377.150,00;694,00;4.569.989,00;1.577,00;252.538,00;1.894,00;5.417.727,00;1.709,00;827.946,00;355,00;420.989,00;75,00;133.727,00;448,00;0,00;0,00;45.167,00;324,00;3.837.540,00;1.632,00;1.523.697,00;1.010,00;91.718,00;763,00;20.750,00;0,00;4.120,50;1.942,00;4.423,00;159.089,30;3.823,50;155.265,80;785.577,80;33.041,70;111.071,02;4.280,70;93.673,81;176,48;30.464.711,10;8.245,30;126,13;11,70;1,22;0,05;9,40;10,67;63,59;0,00;0,00;30,70;7.864,12;3.796,64;;27.276,50;43,80;;1.266.290,00;31,62;;1.445.260,00;47.640,00;151%;35,51;112%;2.290.447,00;4.859,00;6.535.598,00;718,00;4.710.831,00;0,00;5.333.452,00;1.938,00;0,00;0,00;0,00;0,00;340.359,00;0,00;17.389,00;1,00;0,00;0,00;0,00;0,00;0,00;417.021,30;93.026.750,00;40.208,00;45.136,20;;4.280,00;2.710,50;38.596,00;49.566,00;74.700,00;558.956,88;0,00;0,00;0,00;558.956,88;633.656,88;1.917.403,71;48.609.948,30;;;;;;;;;;;;;;;;;;;;;;;;;;;;;;;;;;;;
28/05/2025;6.303,32;1.486,59;6.301,62;1.487,00;1.352,94;752,69;9.545,45;12.914.421,12;381,82;16.691,55;3.933,66;9.545,45;159.328.327,31;21.563,17;17.476.656,22;6.826.339,54;1,00;17.476.656,22;137.081,16;136.699,34;158.262,51;149.039,00;9.223,51;27.258.096,00;12.836,00;100.892,00;86,00;435.018,00;188,00;13.281.227,00;7.828,00;36.705.656,00;22.876,00;26.129.774,00;15.214,00;234.895,00;123,00;820.276,00;630,00;6.338.060,00;3.349,00;1.560.434,00;11.742,00;876.230,00;7.895,00;42.666,00;#¡REF!;3.446.473,00;18.966,00;2.445.760,00;19.126,00;4.129.982,00;26.645,00;21.367,00;165,00;161.186,00;1.166,00;24.889.724,00;13.806,00;3.818.852,00;4.581,00;87.228,00;37,00;3.985.408,00;2.039,00;534.648,00;741,00;172.914,00;13,00;124.966,84;1.056,28;11.455.715,00;4.283,00;287.607,00;514,00;3.769,00;11.107.610,00;3.530,00;5.462.177,00;3.451,00;4.171.061,00;3.549,00;5.371.175,00;2.817,00;3.777.997,00;999,00;349.998,00;119,00;981.721,00;89,00;896.027,00;1.081,00;377.788,00;638,00;4.571.666,00;1.677,00;254.249,00;1.711,00;5.419.332,00;1.605,00;828.318,00;372,00;421.285,00;296,00;133.980,00;253,00;0,00;0,00;45.490,00;323,00;3.839.070,00;1.530,00;1.524.593,00;896,00;92.525,00;807,00;26.628,00;0,00;3.362,40;1.898,00;4.581,00;148.421,11;3.679,50;144.741,61;824.718,44;39.140,64;116.980,96;5.909,94;100.165,18;6.491,37;30.475.143,40;10.432,30;157,75;213,42;1,68;1,85;11,13;14,66;62,09;0,00;0,00;34,01;7.557,91;4.139,87;;27.341,60;65,10;;1.323.890,00;57,60;;1.483.920,00;38.660,00;67%;42,51;74%;2.295.358,00;4.911,00;6.536.308,00;710,00;4.711.228,00;397,00;5.335.282,00;1.830,00;0,00;0,00;0,00;0,00;340.359,00;0,00;17.389,00;0,00;0,00;0,00;0,00;0,00;0,00;417.021,30;93.065.650,00;38.900,00;45.167,70;;4.280,00;2.843,10;38.610,00;49.566,00;95.860,80;521.069,81;0,00;0,00;0,00;521.069,81;616.930,61;1.992.854,52;50.602.802,82;;;;;;;;;;;;;;;;;;;;;;;;;;;;;;;;;;;;
29/05/2025;6.305,42;1.486,59;6.303,72;1.487,00;1.352,95;753,17;9.545,45;12.914.516,58;95,45;16.693,64;3.933,66;9.545,45;159.348.277,30;19.949,99;17.613.841,36;6.876.837,73;1,00;17.613.841,36;137.185,14;137.089,69;157.039,68;147.755,00;9.284,68;27.269.478,00;11.382,00;100.964,00;72,00;435.224,00;206,00;13.289.466,00;8.239,00;36.728.600,00;22.944,00;26.144.010,00;14.236,00;235.026,00;131,00;820.815,00;539,00;6.340.325,00;2.265,00;1.574.574,00;14.140,00;884.287,00;8.057,00;44.026,00;#¡REF!;3.463.248,00;16.775,00;2.468.046,00;22.286,00;4.153.317,00;23.335,00;21.521,00;154,00;162.791,00;1.605,00;24.904.142,00;14.418,00;3.822.119,00;3.267,00;87.267,00;39,00;3.987.601,00;2.193,00;535.458,00;810,00;172.929,00;15,00;126.007,33;1.040,49;11.460.799,00;5.084,00;288.005,00;398,00;4.686,00;11.112.108,00;4.498,00;5.465.250,00;3.073,00;4.174.398,00;3.337,00;5.373.052,00;1.877,00;3.779.086,00;1.089,00;350.127,00;129,00;981.807,00;86,00;897.361,00;1.334,00;378.466,00;678,00;4.573.286,00;1.620,00;255.961,00;1.712,00;5.421.028,00;1.696,00;828.705,00;387,00;421.486,00;201,00;134.435,00;455,00;0,00;0,00;45.810,00;320,00;3.840.779,00;1.709,00;1.525.641,00;1.048,00;93.236,00;711,00;28.966,00;0,00;3.786,50;1.762,00;3.267,00;148.224,18;3.836,50;144.387,68;858.556,10;33.837,66;122.733,81;5.752,85;102.486,70;2.321,52;30.483.943,60;8.800,20;155,79;97,51;1,64;0,66;9,62;11,92;64,64;0,00;0,00;32,26;7.956,17;3.970,70;;27.396,50;54,90;;1.369.470,00;45,58;;1.526.910,00;42.990,00;94%;33,36;73%;2.296.885,00;1.527,00;6.536.308,00;0,00;4.712.044,00;816,00;5.337.320,00;2.038,00;0,00;0,00;0,00;0,00;340.359,00;0,00;17.389,00;0,00;0,00;0,00;0,00;0,00;0,00;417.021,30;93.104.550,00;38.900,00;45.199,70;;4.280,00;2.910,00;38.633,00;49.566,00;104.277,60;519.795,63;0,00;0,00;0,00;519.795,63;624.073,23;2.448.409,90;53.051.212,72;;;;;;;;;;;;;;;;;;;;;;;;;;;;;;;;;;;;
30/05/2025;6.307,86;1.486,59;6.306,16;1.487,00;1.352,95;753,62;9.545,45;12.914.516,58;0,00;16.696,08;3.933,66;9.545,45;159.371.577,75;23.300,44;17.752.839,98;6.930.588,23;1,00;17.752.839,98;138.998,62;138.998,62;162.299,06;152.630,00;9.669,06;27.279.898,00;10.420,00;101.043,00;79,00;435.442,00;218,00;13.297.707,00;8.241,00;36.751.424,00;22.824,00;26.159.824,00;15.814,00;235.148,00;122,00;821.429,00;614,00;6.344.456,00;4.131,00;1.594.990,00;20.416,00;892.319,00;8.032,00;49.849,00;#¡REF!;3.482.349,00;19.101,00;2.487.293,00;19.247,00;4.177.986,00;24.669,00;21.683,00;162,00;164.317,00;1.526,00;24.916.040,00;11.898,00;3.822.934,00;815,00;87.305,00;38,00;3.989.998,00;2.397,00;536.268,00;810,00;172.949,00;20,00;127.045,92;1.038,59;11.465.333,00;4.534,00;288.387,00;382,00;4.152,00;11.116.312,00;4.204,00;5.467.863,00;2.613,00;4.178.028,00;3.630,00;5.376.657,00;3.605,00;3.780.081,00;995,00;350.254,00;127,00;981.892,00;85,00;898.490,00;1.129,00;379.108,00;642,00;4.574.762,00;1.476,00;257.570,00;1.609,00;5.422.693,00;1.665,00;829.084,00;379,00;421.764,00;278,00;134.850,00;415,00;0,00;0,00;46.128,00;318,00;3.842.705,00;1.926,00;1.526.949,00;1.308,00;94.017,00;781,00;26.531,00;0,00;3.587,30;1.826,00;815,00;156.070,76;4.223,50;151.847,26;889.035,10;30.479,00;129.255,21;6.521,40;106.135,85;3.649,15;30.491.927,80;7.984,20;155,79;195,32;1,85;1,04;8,67;11,56;64,64;0,00;0,00;29,91;7.999,56;3.701,53;;27.477,70;81,20;;1.445.500,00;76,03;;1.579.200,00;52.290,00;69%;45,92;60%;2.301.300,00;4.415,00;6.536.888,00;580,00;4.712.688,00;644,00;5.339.395,00;2.075,00;0,00;0,00;0,00;0,00;340.359,00;0,00;17.389,00;0,00;0,00;0,00;0,00;0,00;0,00;417.021,30;93.148.753,00;44.203,00;45.231,60;;4.280,00;2.972,00;38.642,00;49.566,00;95.511,60;546.650,15;0,00;0,00;0,00;546.650,15;642.161,75;2.085.005,39;55.136.218,11;;;;;;;;;;;;;;;;;;;;;;;;;;;;;;;;;;;;
31/05/2025;6.310,23;1.486,59;6.308,53;1.487,00;1.352,98;754,03;9.545,45;12.914.802,94;286,36;16.698,44;3.933,66;9.545,45;159.394.133,64;22.555,90;17.887.988,00;6.982.565,00;1,00;17.887.988,00;135.148,02;134.861,66;157.417,55;150.495,00;6.922,55;27.289.436,00;9.538,00;101.110,00;67,00;435.597,00;155,00;13.305.735,00;8.028,00;36.774.360,00;22.936,00;26.175.188,00;15.364,00;235.271,00;123,00;821.969,00;540,00;6.349.487,00;5.031,00;1.615.291,00;20.301,00;900.367,00;8.048,00;55.669,00;#¡REF!;3.500.986,00;18.637,00;2.505.614,00;18.321,00;4.202.172,00;24.186,00;21.835,00;152,00;166.026,00;1.709,00;24.929.224,00;13.184,00;3.826.972,00;4.038,00;87.341,00;36,00;3.991.932,00;1.934,00;536.718,00;450,00;172.966,00;17,00;128.017,00;971,08;11.470.092,00;4.759,00;288.530,00;143,00;4.616,00;11.120.401,00;4.089,00;5.469.804,00;1.941,00;4.180.410,00;2.382,00;5.381.029,00;4.372,00;3.781.088,00;1.007,00;350.359,00;105,00;981.979,00;87,00;899.766,00;1.276,00;379.616,00;508,00;4.576.193,00;1.431,00;259.189,00;1.619,00;5.424.311,00;1.618,00;829.432,00;348,00;422.119,00;355,00;135.276,00;426,00;0,00;0,00;46.436,00;308,00;3.844.356,00;1.651,00;1.528.041,00;1.092,00;94.599,00;582,00;24.945,00;0,00;3.397,30;1.150,00;4.038,00;148.832,25;3.508,00;145.324,25;909.384,44;20.349,34;134.358,53;5.103,32;108.657,20;2.521,35;30.499.052,80;7.125,00;165,65;238,92;1,45;0,72;5,79;7,96;63,54;0,00;0,00;21,66;7.743,30;2.639,60;;27.566,70;89,00;;1.514.272,00;68,77;;1.618.375,90;39.175,90;57%;5,97;9%;2.305.707,00;4.407,00;6.537.748,00;860,00;4.712.870,00;182,00;5.342.139,00;2.744,00;0,00;0,00;0,00;0,00;340.359,00;0,00;17.390,00;1,00;0,00;0,00;0,00;0,00;0,00;417.021,30;93.185.191,00;36.438,00;45.263,40;;4.280,00;3.105,00;38.651,00;49.566,00;89.802,00;523.167,32;0,00;0,00;0,00;523.167,32;612.969,32;1.954.286,00;57.090.504,11;;;;;;;;;;;;;;;;;;;;;;;;;;;;;;;;;;;;
01/06/2025;6.314,44;1.486,59;6.312,74;1.487,00;1.352,98;754,31;9.545,45;12.914.802,94;0,00;16.702,65;3.933,66;9.545,45;159.434.300,90;40.167,25;18.024.954,00;7.040.326,00;1,00;18.024.954,00;136.966,00;136.966,00;177.133,25;168.594,00;8.539,25;27.301.628,00;12.192,00;101.173,00;63,00;435.716,00;119,00;13.314.209,00;8.474,00;36.797.284,00;22.924,00;26.190.292,00;15.104,00;235.393,00;122,00;822.501,00;532,00;6.352.863,00;3.376,00;1.636.409,00;21.118,00;908.492,00;8.125,00;61.558,00;#¡REF!;3.520.880,00;19.894,00;2.525.504,00;19.890,00;4.237.382,00;35.210,00;21.978,00;143,00;168.004,00;1.978,00;24.943.012,00;13.788,00;3.831.115,00;4.143,00;87.376,00;35,00;3.993.426,00;1.494,00;536.728,00;10,00;172.978,00;12,00;129.016,00;999,00;11.474.457,00;4.365,00;288.532,00;2,00;4.363,00;11.124.523,00;4.122,00;5.473.165,00;3.361,00;4.184.000,00;3.590,00;5.383.935,00;2.906,00;3.782.092,00;1.004,00;350.459,00;100,00;982.097,00;118,00;900.896,00;1.130,00;380.283,00;667,00;4.577.786,00;1.593,00;260.830,00;1.641,00;5.426.176,00;1.865,00;829.806,00;374,00;422.367,00;248,00;135.845,00;569,00;0,00;0,00;46.738,00;302,00;3.846.171,00;1.815,00;1.529.327,00;1.286,00;95.213,00;614,00;27.078,00;0,00;3.766,40;556,00;4.143,00;168.667,85;3.478,00;165.189,85;45.914,53;45.914,53;6.275,12;6.275,12;4.903,25;4.903,25;30.508.998,70;9.945,90;128,49;139,48;1,78;1,39;13,06;16,24;66,74;0,00;0,00;36,27;8.263,09;4.490,59;;27.631,60;64,90;;73.616,00;73,62;;50.130,00;50.130,00;68%;64,91;88%;2.309.780,00;4.073,00;6.539.521,00;1.773,00;4.713.232,00;362,00;5.343.702,00;1.563,00;0,00;0,00;0,00;0,00;340.359,00;0,00;17.390,00;0,00;0,00;0,00;0,00;0,00;0,00;417.021,00;93.225.010,00;39.819,00;45.295,30;;4.280,00;3.167,00;38.665,00;49.566,00;97.480,80;594.683,47;0,00;0,00;0,00;594.683,47;692.164,27;2.299.685,00;2.299.685,00;;;;;;;;;;;;;;;;;;;;;;;;;;;;;;;;;;;;
02/06/2025;6.317,96;1.486,59;6.316,25;1.487,00;1.352,98;754,57;9.545,45;12.914.802,94;0,00;16.706,17;3.933,66;9.545,45;159.467.881,79;33.580,89;18.163.000,00;7.095.586,00;1,00;18.163.000,00;138.046,00;138.046,00;171.626,89;162.035,00;9.591,89;27.312.668,00;11.040,00;101.240,00;67,00;435.917,00;201,00;13.322.399,00;8.190,00;36.820.352,00;23.068,00;26.204.724,00;14.432,00;235.518,00;125,00;823.060,00;559,00;6.355.160,00;2.297,00;1.657.113,00;20.704,00;916.661,00;8.169,00;67.505,00;#¡REF!;3.540.923,00;20.043,00;2.541.685,00;16.181,00;4.271.981,00;34.599,00;22.135,00;157,00;169.788,00;1.784,00;24.956.790,00;13.778,00;3.835.831,00;4.716,00;87.417,00;41,00;3.995.304,00;1.878,00;536.961,00;233,00;173.083,00;105,00;130.004,00;988,00;11.478.331,00;3.874,00;288.545,00;13,00;3.861,00;11.128.820,00;4.297,00;5.476.085,00;2.920,00;4.187.330,00;3.330,00;5.386.049,00;2.114,00;3.783.054,00;962,00;350.571,00;112,00;982.547,00;450,00;902.159,00;1.263,00;380.985,00;702,00;4.579.525,00;1.739,00;262.552,00;1.722,00;5.427.671,00;1.495,00;830.154,00;348,00;422.435,00;68,00;136.378,00;533,00;0,00;0,00;47.023,00;285,00;3.847.977,00;1.806,00;1.530.594,00;1.267,00;95.697,00;484,00;22.002,00;0,00;3.577,80;910,00;4.716,00;162.423,09;3.514,00;158.909,09;78.939,53;33.025,00;11.451,81;5.176,69;6.592,91;1.689,66;30.517.516,00;8.517,30;136,19;120,56;1,47;0,48;9,39;11,35;64,59;0,00;0,00;29,08;7.990,46;3.597,50;;27.680,20;48,60;;110.352,00;36,74;;91.934,00;41.804,00;114%;33,43;91%;2.315.072,00;5.292,00;6.540.032,00;511,00;4.715.492,00;2.260,00;5.345.821,00;2.119,00;0,00;0,00;0,00;0,00;340.359,00;0,00;17.390,00;0,00;0,00;0,00;0,00;0,00;0,00;417.021,00;93.264.512,00;39.502,00;45.327,50;;4.280,00;3.248,00;38.678,00;49.566,00;79.207,20;572.072,74;0,00;0,00;0,00;572.072,74;651.279,94;1.917.148,00;4.216.833,00;;;;;;;;;;;;;;;;;;;;;;;;;;;;;;;;;;;;
03/06/2025;6.320,73;1.486,60;6.319,02;1.487,01;1.352,99;754,93;9.545,45;12.914.898,40;95,45;16.708,93;3.933,66;9.545,45;159.494.217,69;26.335,90;18.301.879,19;7.151.009,00;1,00;18.301.879,19;138.879,19;138.783,74;165.119,63;154.191,00;10.928,63;27.322.866,00;10.198,00;101.312,00;72,00;436.124,00;207,00;13.330.273,00;7.874,00;36.843.356,00;23.004,00;26.215.266,00;10.542,00;235.641,00;123,00;823.629,00;569,00;6.355.470,00;310,00;1.677.256,00;20.143,00;924.780,00;8.119,00;75.428,00;#¡REF!;3.560.576,00;19.653,00;2.558.019,00;16.334,00;4.304.342,00;32.361,00;22.288,00;153,00;171.074,00;1.286,00;24.970.872,00;14.082,00;3.839.796,00;3.965,00;87.453,00;36,00;3.997.701,00;2.397,00;537.606,00;645,00;173.321,00;238,00;131.089,58;1.085,58;11.482.868,00;4.537,00;289.080,00;535,00;4.002,00;11.133.012,00;4.192,00;5.479.208,00;3.123,00;4.188.369,00;1.039,00;5.386.247,00;198,00;3.784.113,00;1.059,00;350.707,00;136,00;983.437,00;890,00;903.567,00;1.408,00;381.424,00;439,00;4.581.182,00;1.657,00;264.237,00;1.685,00;5.429.228,00;1.557,00;830.484,00;330,00;422.465,00;30,00;136.747,00;369,00;0,00;0,00;47.335,00;312,00;3.849.694,00;1.717,00;1.531.702,00;1.108,00;96.409,00;712,00;21.029,00;0,00;3.145,90;1.987,00;3.965,00;156.021,73;3.939,50;152.082,23;108.221,05;29.281,52;16.277,79;4.825,98;9.693,25;3.100,34;30.525.172,80;7.656,80;128,82;226,68;1,37;0,88;8,33;10,58;64,83;0,00;0,00;29,96;7.671,37;3.545,18;;27.732,10;51,90;;151.296,00;40,94;;129.894,00;37.960,00;93%;26,17;64%;2.319.808,00;4.736,00;6.540.594,00;562,00;4.715.512,00;20,00;5.347.850,00;2.029,00;0,00;0,00;0,00;0,00;340.359,00;0,00;17.391,00;1,00;0,00;0,00;0,00;0,00;0,00;417.021,00;93.304.328,00;39.816,00;45.358,70;;4.280,00;3.335,00;38.692,00;49.566,00;75.704,40;547.496,04;0,00;0,00;0,00;547.496,04;623.200,44;1.621.260,42;5.838.093,42;;;;;;;;;;;;;;;;;;;;;;;;;;;;;;;;;;;;
04/06/2025;6.323,55;1.486,60;6.321,85;1.487,01;1.353,02;755,35;9.545,45;12.915.184,76;286,36;16.711,75;3.933,66;9.545,45;159.521.154,95;26.937,26;18.439.337,30;7.207.493,55;1,00;18.439.337,30;137.458,11;137.171,75;164.109,01;154.666,00;9.443,01;27.332.424,00;9.558,00;101.401,00;89,00;436.314,00;190,00;13.337.912,00;7.639,00;36.866.392,00;23.036,00;26.228.790,00;13.524,00;235.765,00;124,00;824.178,00;549,00;6.357.122,00;1.652,00;1.697.538,00;20.282,00;932.918,00;8.138,00;84.097,00;#¡REF!;3.580.606,00;20.030,00;2.572.289,00;14.270,00;4.338.831,00;34.489,00;22.440,00;152,00;172.493,00;1.419,00;24.982.710,00;11.838,00;3.843.189,00;3.393,00;87.495,00;42,00;4.000.235,00;2.534,00;538.379,00;773,00;173.598,00;277,00;132.141,99;1.052,41;11.485.713,00;2.845,00;289.463,00;383,00;2.462,00;11.135.489,00;2.477,00;5.482.644,00;3.436,00;4.192.274,00;3.905,00;5.387.538,00;1.291,00;3.785.104,00;991,00;350.814,00;107,00;983.744,00;307,00;904.451,00;884,00;382.210,00;786,00;4.582.630,00;1.448,00;266.005,00;1.768,00;5.430.857,00;1.629,00;830.803,00;319,00;422.656,00;191,00;137.130,00;383,00;0,00;0,00;47.640,00;305,00;3.851.360,00;1.666,00;1.532.755,00;1.053,00;97.174,00;765,00;21.311,00;0,00;2.892,70;1.982,00;3.393,00;155.841,31;4.003,00;151.838,31;135.346,90;27.125,85;19.974,77;3.696,98;12.123,69;2.430,44;30.532.277,80;7.105,00;100,43;144,85;1,05;0,69;7,71;9,46;59,44;0,00;0,00;28,24;7.414,33;3.522,56;;27.782,30;50,20;;191.248,00;39,95;;177.380,00;47.486,00;119%;36,86;92%;2.324.956,00;5.148,00;6.541.285,00;691,00;4.715.540,00;28,00;5.349.963,00;2.113,00;0,00;0,00;0,00;0,00;340.359,00;0,00;17.391,00;0,00;0,00;0,00;0,00;0,00;0,00;417.021,30;93.344.582,00;40.254,00;45.391,00;;4.280,00;3.397,00;38.705,00;49.566,00;76.719,60;546.617,90;0,00;0,00;0,00;546.617,90;623.337,50;1.515.502,65;7.353.596,07;;;;;;;;;;;;;;;;;;;;;;;;;;;;;;;;;;;;
05/06/2025;6.327,07;1.486,60;6.325,36;1.487,01;1.353,02;755,76;9.545,45;12.915.184,76;0,00;16.715,13;3.933,66;9.545,45;159.553.400,43;32.245,48;18.574.156,62;7.263.811,99;1,00;18.574.156,62;134.819,32;134.819,32;167.064,80;160.003,00;7.061,80;27.342.402,00;9.978,00;101.473,00;72,00;436.499,00;185,00;13.345.913,00;8.001,00;36.889.420,00;23.028,00;26.243.228,00;14.438,00;235.887,00;122,00;824.709,00;531,00;6.360.198,00;3.076,00;1.717.663,00;20.125,00;941.119,00;8.201,00;92.784,00;8.687,00;3.600.370,00;19.764,00;2.589.720,00;17.431,00;4.372.779,00;33.948,00;22.595,00;155,00;173.611,00;1.118,00;24.996.000,00;13.290,00;3.846.665,00;3.476,00;87.531,00;36,00;4.002.847,00;2.612,00;539.229,00;850,00;173.815,00;217,00;133.158,62;1.016,63;11.490.152,00;4.439,00;289.932,00;469,00;3.970,00;11.139.366,00;3.877,00;5.485.672,00;3.028,00;4.195.816,00;3.542,00;5.390.430,00;2.892,00;3.786.032,00;928,00;350.929,00;115,00;984.171,00;427,00;905.591,00;1.140,00;382.845,00;635,00;4.583.782,00;1.152,00;267.711,00;1.706,00;5.432.375,00;1.518,00;831.143,00;340,00;422.719,00;63,00;137.404,00;274,00;0,00;0,00;47.961,00;321,00;3.853.185,00;1.825,00;1.533.951,00;1.196,00;97.926,00;752,00;23.887,00;88.031,00;3.213,30;2.067,00;3.476,00;70.277,50;4.204,00;66.073,50;163.713,94;28.367,04;22.455,62;2.480,85;12.419,50;295,81;30.539.805,70;7.527,90;67,20;218,00;0,71;0,08;8,07;8,86;61,93;0,00;0,00;29,37;7.785,32;3.692,15;;27.815,70;33,40;;212.144,00;20,90;;226.051,00;48.671,00;233%;23,14;111%;2.329.946,00;4.990,00;6.542.177,00;892,00;4.715.665,00;125,00;5.351.349,00;1.386,00;0,00;0,00;0,00;0,00;340.359,00;0,00;17.391,00;0,00;0,00;0,00;0,00;0,00;0,00;417.021,30;93.384.231,00;39.649,00;45.423,10;;4.280,00;3.462,00;38.728,00;49.566,00;85.993,20;237.864,62;0,00;0,00;0,00;237.864,62;323.857,82;1.711.518,52;9.065.114,59;;;;;;;;;;;;;;;;;;;;;;;;;;;;;;;;;;;;
06/06/2025;6.331,18;1.486,60;6.329,47;1.487,01;1.353,02;756,16;9.545,45;12.915.184,76;0,00;16.719,37;3.933,66;9.545,45;159.593.929,46;40.529,03;18.713.268,04;7.323.961,24;1,00;18.713.268,04;139.111,42;139.111,42;179.640,45;167.593,00;12.047,45;27.354.262,00;11.860,00;101.545,00;72,00;436.717,00;218,00;13.354.086,00;8.173,00;36.912.496,00;23.076,00;26.258.082,00;14.854,00;236.008,00;121,00;825.180,00;471,00;6.362.499,00;2.301,00;1.738.349,00;20.686,00;949.243,00;8.124,00;101.394,00;8.610,00;3.619.816,00;19.446,00;2.611.451,00;21.731,00;4.405.640,00;32.861,00;22.741,00;146,00;175.075,00;1.464,00;25.010.906,00;14.906,00;3.851.062,00;4.397,00;87.567,00;36,00;4.005.577,00;2.730,00;540.083,00;854,00;173.964,00;149,00;134.229,94;1.071,32;11.494.938,00;4.786,00;290.165,00;233,00;4.553,00;11.143.831,00;4.465,00;5.488.563,00;2.891,00;4.199.239,00;3.423,00;5.392.545,00;2.115,00;3.787.029,00;997,00;351.060,00;131,00;984.651,00;480,00;907.059,00;1.468,00;383.539,00;694,00;4.585.574,00;1.792,00;269.419,00;1.708,00;5.434.084,00;1.709,00;831.472,00;329,00;422.790,00;71,00;137.902,00;498,00;0,00;0,00;48.282,00;321,00;3.855.260,00;2.075,00;1.535.414,00;1.463,00;98.547,00;621,00;28.111,00;90.772,00;3.386,50;1.707,00;4.397,00;79.377,95;4.382,00;74.995,95;199.398,88;35.684,94;28.300,65;5.845,03;14.470,27;2.050,77;30.549.143,70;9.338,00;182,81;254,10;1,66;0,58;10,15;12,39;55,93;0,00;0,00;32,56;8.011,80;4.664,12;;27.862,50;46,80;;246.832,00;34,69;;270.450,00;44.399,00;128%;35,35;102%;2.355.009,00;25.063,00;6.542.177,00;0,00;4.716.282,00;617,00;5.352.838,00;1.489,00;0,00;0,00;0,00;0,00;340.359,00;0,00;17.392,00;1,00;0,00;0,00;0,00;0,00;0,00;417.021,30;93.423.540,00;39.309,00;45.454,30;;4.280,00;3.510,00;38.739,00;49.566,00;101.199,60;269.985,41;0,00;0,00;0,00;269.985,41;371.185,01;2.305.932,89;11.371.047,48;;;;;;;;;;;;;;;;;;;;;;;;;;;;;;;;;;;;
07/06/2025;6.332,87;1.486,60;6.331,16;1.487,01;1.353,10;756,60;9.545,45;12.915.948,40;763,64;16.721,05;3.939,66;9.545,45;159.609.918,09;15.988,63;18.848.840,74;7.375.013,26;1,00;18.848.840,74;135.572,70;134.809,06;150.797,69;144.587,00;6.210,69;27.362.152,00;7.890,00;101.617,00;72,00;436.895,00;178,00;13.361.526,00;7.440,00;36.935.580,00;23.084,00;26.272.400,00;14.318,00;236.131,00;123,00;825.633,00;453,00;6.365.428,00;2.929,00;1.758.802,00;20.453,00;957.328,00;8.085,00;110.119,00;8.725,00;3.631.847,00;12.031,00;2.627.263,00;15.812,00;4.437.335,00;31.695,00;22.878,00;137,00;176.605,00;1.530,00;25.022.770,00;11.864,00;3.855.656,00;4.594,00;87.604,00;37,00;4.007.566,00;1.989,00;540.636,00;553,00;174.174,00;210,00;135.311,66;1.081,72;11.498.569,00;3.631,00;290.217,00;52,00;3.579,00;11.147.872,00;4.041,00;5.488.846,00;283,00;4.202.760,00;3.521,00;5.395.097,00;2.552,00;3.788.049,00;1.020,00;351.184,00;124,00;984.854,00;203,00;908.009,00;950,00;384.083,00;544,00;4.587.124,00;1.550,00;271.092,00;1.673,00;5.435.687,00;1.603,00;831.859,00;387,00;422.976,00;186,00;138.425,00;523,00;0,00;0,00;48.583,00;301,00;3.857.034,00;1.774,00;1.536.653,00;1.239,00;99.151,00;604,00;20.155,00;76.348,00;2.595,30;1.268,00;4.594,00;65.992,39;3.673,50;62.318,89;220.062,28;20.663,40;34.015,09;5.714,44;17.101,41;2.631,14;30.554.613,50;5.469,80;163,29;196,40;1,63;0,75;5,88;8,25;57,64;0,00;0,00;26,65;7.221,43;3.338,85;;27.928,70;66,20;;306.144,00;59,31;;320.650,00;50.200,00;85%;17,30;29%;2.338.586,00;0,00;6.542.177,00;0,00;4.716.570,00;288,00;5.356.472,00;3.634,00;0,00;0,00;0,00;0,00;340.359,00;0,00;17.392,00;0,00;0,00;0,00;0,00;0,00;0,00;417.021,30;93.463.292,00;39.752,00;45.486,10;;4.280,00;3.684,00;38.753,00;49.566,00;72.558,00;224.348,01;0,00;0,00;0,00;224.348,01;296.906,01;1.807.616,34;13.178.663,82;;;;;;;;;;;;;;;;;;;;;;;;;;;;;;;;;;;;
08/06/2025;6.332,94;1.486,62;6.331,23;1.487,03;1.355,00;757,07;9.545,45;12.934.084,75;18.136,36;16.721,12;3.933,68;9.545,45;159.610.567,18;649,09;18.987.371,53;7.416.008,15;1,00;18.987.371,53;138.530,79;120.394,44;121.043,53;113.579,00;7.464,53;27.367.278,00;5.126,00;101.690,00;73,00;437.053,00;158,00;13.367.769,00;6.243,00;36.958.612,00;23.032,00;26.286.904,00;14.504,00;236.253,00;122,00;826.088,00;455,00;6.370.171,00;4.743,00;1.778.357,00;19.555,00;965.335,00;8.007,00;118.786,00;8.667,00;3.640.499,00;8.652,00;2.632.549,00;5.286,00;4.461.178,00;23.843,00;23.010,00;132,00;177.753,00;1.148,00;25.030.108,00;7.338,00;3.860.030,00;4.374,00;87.640,00;36,00;4.010.057,00;2.491,00;541.413,00;777,00;174.398,00;224,00;136.287,28;975,62;11.498.906,00;337,00;290.220,00;3,00;334,00;11.149.111,00;1.239,00;5.489.047,00;201,00;4.205.982,00;3.222,00;5.399.265,00;4.168,00;3.789.077,00;1.028,00;351.303,00;119,00;984.935,00;81,00;908.476,00;467,00;384.627,00;544,00;4.588.143,00;1.019,00;272.746,00;1.654,00;5.436.976,00;1.289,00;832.188,00;329,00;423.279,00;303,00;138.695,00;270,00;0,00;0,00;48.874,00;291,00;3.858.719,00;1.685,00;1.537.828,00;1.175,00;99.706,00;555,00;8.504,00;54.455,00;1.271,60;1.459,00;4.374,00;59.483,93;3.776,50;55.707,43;228.781,08;8.718,80;39.022,79;5.007,70;21.157,98;4.056,57;30.557.400,30;2.786,80;114,66;216,67;1,42;1,15;2,48;5,06;52,10;0,00;0,00;21,30;6.007,36;2.455,98;;28.003,40;74,70;;374.912,00;68,77;;366.456,00;45.806,00;67%;1,74;3%;2.339.430,00;844,00;6.544.837,00;2.660,00;4.716.891,00;321,00;5.357.164,00;692,00;0,00;0,00;0,00;0,00;340.359,00;0,00;17.392,00;0,00;0,00;0,00;0,00;0,00;0,00;417.021,30;93.502.791,00;39.499,00;45.518,10;;4.280,00;3.762,00;38.765,80;49.566,00;30.614,40;200.546,73;0,00;0,00;0,00;200.546,73;231.161,13;707.117,40;13.885.781,22;;;;;;;;;;;;;;;;;;;;;;;;;;;;;;;;;;;;
09/06/2025;6.334,99;1.486,62;6.333,28;1.487,03;1.355,05;757,50;9.545,45;12.934.562,02;477,27;16.723,16;3.933,68;9.545,45;159.630.058,99;19.491,81;19.123.876,14;7.466.325,71;1,00;19.123.876,14;136.504,61;136.027,34;155.519,15;146.432,00;9.087,15;27.378.022,00;10.744,00;101.759,00;69,00;437.240,00;187,00;13.375.597,00;7.828,00;36.981.724,00;23.112,00;26.301.266,00;14.362,00;236.375,00;122,00;826.522,00;434,00;6.373.822,00;3.651,00;1.798.915,00;20.558,00;973.437,00;8.102,00;127.573,00;8.787,00;3.652.769,00;12.270,00;2.650.603,00;18.054,00;4.486.574,00;25.396,00;23.147,00;137,00;179.158,00;1.405,00;25.044.216,00;14.108,00;3.864.463,00;4.433,00;87.680,00;40,00;4.012.693,00;2.636,00;542.262,00;849,00;174.674,00;276,00;137.350,16;1.062,88;11.503.101,00;4.195,00;290.222,00;2,00;4.193,00;11.152.879,00;3.768,00;5.492.161,00;3.114,00;4.209.745,00;3.763,00;5.402.611,00;3.346,00;3.790.154,00;1.077,00;351.409,00;106,00;985.016,00;81,00;909.416,00;940,00;385.301,00;674,00;4.588.877,00;734,00;274.347,00;1.601,00;5.438.668,00;1.692,00;832.570,00;382,00;423.416,00;137,00;139.109,00;414,00;0,00;0,00;49.202,00;328,00;3.860.585,00;1.866,00;1.539.101,00;1.273,00;100.417,00;711,00;24.724,00;72.609,00;2.887,90;1.561,00;4.433,00;74.028,25;4.223,00;69.805,25;261.650,40;32.869,32;42.218,94;3.196,15;22.090,11;932,13;30.565.813,50;8.413,20;83,41;88,24;0,91;0,27;9,35;10,52;60,98;0,00;0,00;29,77;7.695,08;3.756,68;;28.052,10;48,70;;416.560,00;41,65;;412.708,00;46.252,00;111%;4,17;10%;2.344.176,00;4.746,00;6.545.239,00;402,00;4.716.907,00;16,00;5.358.170,00;1.006,00;0,00;0,00;0,00;0,00;340.359,00;0,00;17.392,00;0,00;0,00;0,00;0,00;0,00;0,00;417.021,30;93.542.669,00;39.878,00;45.549,90;;4.280,00;3.842,30;38.780,00;49.566,00;89.006,40;251.298,89;0,00;0,00;0,00;251.298,89;340.305,29;1.997.324,10;15.883.105,32;;;;;;;;;;;;;;;;;;;;;;;;;;;;;;;;;;;;
10/06/2025;6.337,93;1.486,32;6.336,22;1.487,03;1.355,05;757,86;9.545,45;12.934.562,02;0,00;16.726,10;3.933,68;9.545,45;159.658.113,06;28.054,08;19.261.057,00;7.520.677,07;1,00;19.261.057,00;137.180,86;137.180,86;165.234,94;155.717,00;9.517,94;27.388.910,00;10.888,00;101.832,00;73,00;437.411,00;171,00;13.383.455,00;7.858,00;37.004.828,00;23.104,00;26.315.100,00;13.834,00;236.497,00;122,00;826.951,00;429,00;6.376.724,00;2.902,00;1.819.265,00;20.350,00;981.412,00;7.975,00;136.365,00;8.792,00;3.672.091,00;19.322,00;2.670.153,00;19.550,00;4.512.811,00;26.237,00;23.287,00;140,00;180.502,00;1.344,00;25.058.790,00;14.574,00;3.868.953,00;4.490,00;87.718,00;38,00;4.015.290,00;2.597,00;542.999,00;737,00;174.972,00;298,00;138.424,29;1.074,13;11.507.552,00;4.451,00;290.224,00;2,00;4.449,00;11.156.942,00;4.063,00;5.495.465,00;3.304,00;4.213.088,00;3.343,00;5.405.321,00;2.710,00;3.791.152,00;998,00;351.514,00;105,00;985.262,00;246,00;910.683,00;1.267,00;385.930,00;629,00;4.589.826,00;949,00;275.921,00;1.574,00;5.440.298,00;1.630,00;832.932,00;362,00;423.485,00;69,00;139.506,00;397,00;0,00;0,00;49.524,00;322,00;3.862.479,00;1.894,00;1.540.392,00;1.291,00;101.104,00;687,00;26.256,00;81.876,00;2.867,10;1.466,00;4.490,00;74.535,84;4.201,50;70.334,34;295.642,00;33.991,60;47.021,98;4.803,04;22.849,32;759,21;30.574.404,70;8.591,20;119,72;54,30;1,37;0,22;9,67;11,25;62,98;0,00;0,00;29,52;7.604,42;3.564,35;;28.094,90;42,80;;449.712,00;33,15;;462.444,00;49.736,00;150%;13,80;42%;2.348.984,00;4.808,00;6.545.967,00;728,00;4.717.339,00;432,00;5.359.920,00;1.750,00;0,00;0,00;0,00;0,00;340.359,00;0,00;17.393,00;1,00;0,00;0,00;0,00;0,00;0,00;417.021,30;93.582.479,00;39.810,00;45.581,80;;4.280,00;3.901,00;38.794,00;49.566,00;94.521,60;253.203,62;0,00;0,00;0,00;253.203,62;347.725,22;2.104.580,90;17.987.686,22;;;;;;;;;;;;;;;;;;;;;;;;;;;;;;;;;;;;
11/06/2025;6.339,83;1.486,62;6.338,12;1.487,03;1.355,07;758,27;9.545,45;12.934.752,93;190,91;16.727,98;3.933,68;9.545,45;159.676.058,51;17.945,45;19.397.990,00;7.573.460,56;1,00;19.397.990,00;136.933,00;136.742,09;154.687,54;146.545,00;8.142,54;27.399.018,00;10.108,00;101.908,00;76,00;437.595,00;184,00;13.390.746,00;7.291,00;37.027.808,00;22.980,00;26.324.564,00;9.464,00;236.620,00;123,00;827.400,00;449,00;6.377.044,00;320,00;1.839.139,00;19.874,00;989.488,00;8.076,00;145.116,00;8.751,00;3.691.232,00;19.141,00;2.686.553,00;16.400,00;4.542.146,00;29.335,00;23.425,00;138,00;181.693,00;1.191,00;25.070.742,00;11.952,00;3.869.658,00;705,00;87.758,00;40,00;4.017.982,00;2.692,00;543.795,00;796,00;175.192,00;220,00;139.511,00;1.086,71;11.511.717,00;4.165,00;290.288,00;64,00;4.101,00;11.161.001,00;4.059,00;5.498.710,00;3.245,00;4.213.990,00;902,00;5.405.545,00;224,00;3.792.270,00;1.118,00;351.667,00;153,00;986.292,00;1.030,00;912.174,00;1.491,00;386.296,00;366,00;4.590.587,00;761,00;277.694,00;1.773,00;5.441.588,00;1.290,00;833.307,00;375,00;423.503,00;18,00;139.891,00;385,00;0,00;0,00;49.834,00;310,00;3.864.299,00;1.820,00;1.541.620,00;1.228,00;101.851,00;747,00;20.859,00;81.703,00;2.130,20;1.529,00;705,00;68.620,34;4.223,00;64.397,34;323.561,00;27.919,00;50.431,62;3.409,64;26.342,82;3.493,50;30.581.953,40;7.548,70;82,74;260,52;0,97;0,99;7,94;9,90;56,59;0,00;0,00;26,11;7.106,45;3.278,84;;28.140,80;45,90;;480.800,00;31,09;;511.366,00;48.922,00;157%;34,55;111%;2.352.817,00;3.833,00;6.547.728,00;1.761,00;4.717.581,00;242,00;5.360.540,00;620,00;0,00;0,00;0,00;0,00;340.359,00;0,00;17.394,00;1,00;0,00;0,00;0,00;0,00;0,00;417.021,30;93.622.683,00;40.204,00;45.614,10;;4.280,00;3.985,20;38.810,00;49.566,00;75.092,40;231.830,41;0,00;0,00;0,00;231.830,41;306.922,81;1.649.223,52;19.636.909,74;;;;;;;;;;;;;;;;;;;;;;;;;;;;;;;;;;;;
12/06/2025;6.341,45;1.486,62;6.339,73;1.487,03;1.355,08;758,68;9.545,45;12.934.848,39;95,45;16.729,59;3.933,68;9.545,45;159.691.436,23;15.377,72;19.534.379,74;7.626.022,83;1,00;19.534.379,74;136.389,74;136.294,29;151.672,01;143.996,00;7.676,01;27.407.890,00;8.872,00;102.008,00;100,00;437.807,00;212,00;13.397.149,00;6.403,00;37.050.680,00;22.872,00;26.334.792,00;10.228,00;236.743,00;123,00;827.849,00;449,00;6.379.959,00;2.915,00;1.858.631,00;19.492,00;997.604,00;8.116,00;153.930,00;8.814,00;3.710.907,00;19.675,00;2.701.018,00;14.465,00;4.572.657,00;30.511,00;23.559,00;134,00;182.515,00;822,00;25.082.220,00;11.478,00;3.872.334,00;2.676,00;87.799,00;41,00;4.020.552,00;2.570,00;544.677,00;882,00;175.303,00;111,00;140.575,48;1.064,48;11.515.705,00;3.988,00;290.560,00;272,00;3.716,00;11.165.409,00;4.408,00;5.500.082,00;1.372,00;4.214.151,00;161,00;5.407.977,00;2.432,00;3.793.207,00;937,00;351.792,00;125,00;986.831,00;539,00;913.393,00;1.219,00;386.490,00;194,00;4.591.354,00;767,00;279.320,00;1.626,00;5.442.773,00;1.185,00;833.644,00;337,00;423.761,00;258,00;140.062,00;171,00;0,00;0,00;50.144,00;310,00;3.866.089,00;1.790,00;1.542.802,00;1.182,00;102.508,00;657,00;16.444,00;81.581,00;1.067,90;1.714,00;2.676,00;64.633,11;4.042,00;60.591,11;345.416,53;21.855,53;53.676,09;3.244,47;32.120,42;5.777,60;30.588.349,40;6.396,00;87,48;269,36;0,92;1,64;6,22;8,78;53,10;0,00;0,00;22,89;6.258,45;2.697,85;;28.207,10;66,30;;538.112,00;57,31;;564.814,00;53.448,00;93%;32,86;57%;2.357.246,00;4.429,00;6.548.080,00;352,00;4.717.807,00;226,00;5.361.357,00;817,00;0,00;0,00;0,00;0,00;340.359,00;0,00;17.395,00;1,00;0,00;0,00;0,00;0,00;0,00;417.021,30;93.661.886,00;39.203,00;45.645,70;;4.280,00;4.070,00;38.825,00;49.566,00;59.198,40;218.127,98;0,00;0,00;0,00;218.127,98;277.326,38;1.265.420,08;20.902.329,82;;;;;;;;;;;;;;;;;;;;;;;;;;;;;;;;;;;;
13/06/2025;6.343,18;1.486,62;6.341,47;1.487,03;1.355,10;759,21;9.545,45;12.935.039,30;190,91;16.731,30;3.933,98;9.545,45;159.707.806,68;16.370,45;19.670.070,00;7.679.986,93;1,00;19.670.070,00;135.690,26;135.499,35;151.869,80;143.390,00;8.479,80;27.415.430,00;7.540,00;102.087,00;79,00;437.991,00;184,00;13.404.045,00;6.896,00;37.073.700,00;23.020,00;26.344.260,00;9.468,00;236.866,00;123,00;828.286,00;437,00;6.382.256,00;2.297,00;1.878.440,00;19.809,00;1.005.346,00;7.742,00;162.696,00;8.766,00;3.730.035,00;19.128,00;2.714.143,00;13.125,00;4.604.193,00;31.536,00;23.700,00;141,00;183.914,00;1.399,00;25.095.088,00;12.868,00;3.875.812,00;3.478,00;87.842,00;43,00;4.023.311,00;2.759,00;545.460,00;783,00;175.596,00;293,00;141.616,29;1.040,81;11.518.634,00;2.929,00;291.047,00;487,00;2.442,00;11.169.516,00;4.107,00;5.503.116,00;3.034,00;4.214.318,00;167,00;5.409.950,00;1.973,00;3.794.221,00;1.014,00;351.916,00;124,00;987.485,00;654,00;914.415,00;1.022,00;386.740,00;250,00;4.591.893,00;539,00;280.929,00;1.609,00;5.444.141,00;1.368,00;833.980,00;336,00;423.915,00;154,00;140.487,00;425,00;0,00;0,00;50.458,00;314,00;3.867.885,00;1.796,00;1.543.985,00;1.183,00;103.211,00;703,00;16.531,00;80.297,00;1.652,70;2.000,00;3.478,00;64.442,10;4.192,50;60.249,60;362.295,84;16.879,31;55.241,69;1.565,60;37.951,29;5.830,87;30.593.515,60;5.166,20;40,12;272,00;0,45;1,66;4,80;6,90;54,29;0,00;0,00;25,13;6.676,21;3.090,31;;28.263,30;56,20;;582.176,00;44,06;;622.412,00;57.598,00;131%;9,27;21%;2.361.019,00;3.773,00;6.548.399,00;319,00;4.719.534,00;1.727,00;5.362.934,00;1.577,00;0,00;0,00;0,00;0,00;340.359,00;0,00;17.396,00;1,00;0,00;0,00;0,00;0,00;0,00;417.021,30;93.702.019,00;40.133,00;45.678,90;;4.280,00;4.180,00;38.840,00;49.566,00;59.511,60;216.898,55;0,00;0,00;0,00;216.898,55;276.410,15;1.023.453,17;21.925.782,99;;;;;;;;;;;;;;;;;;;;;;;;;;;;;;;;;;;;
14/06/2025;6.344,34;1.486,65;6.342,63;1.487,06;1.355,23;759,61;9.545,45;12.936.280,20;1.240,91;16.732,37;3.933,71;9.545,45;159.718.029,85;10.223,18;19.800.940,00;7.729.749,00;1,00;19.800.940,00;130.870,00;129.629,09;139.852,27;132.515,00;7.337,27;27.421.618,00;6.188,00;102.156,00;69,00;438.159,00;168,00;13.409.716,00;5.671,00;37.095.916,00;22.216,00;26.354.342,00;10.082,00;236.989,00;123,00;828.724,00;438,00;6.385.033,00;2.777,00;1.898.176,00;19.736,00;1.013.438,00;8.092,00;171.477,00;8.781,00;3.749.503,00;19.468,00;2.723.763,00;9.620,00;4.634.661,00;30.468,00;23.848,00;148,00;184.965,00;1.051,00;25.104.154,00;9.066,00;3.879.539,00;3.727,00;87.879,00;37,00;4.025.521,00;2.210,00;545.988,00;528,00;175.726,00;130,00;142.648,20;1.031,91;11.521.162,00;2.528,00;291.193,00;146,00;2.382,00;11.171.629,00;2.113,00;5.503.802,00;686,00;4.215.067,00;749,00;5.412.321,00;2.371,00;3.795.298,00;1.077,00;352.034,00;118,00;987.960,00;475,00;915.105,00;690,00;386.957,00;217,00;4.592.544,00;651,00;282.418,00;1.489,00;5.445.303,00;1.162,00;834.299,00;319,00;424.123,00;208,00;140.723,00;236,00;0,00;0,00;50.758,00;300,00;3.869.775,00;1.890,00;1.545.318,00;1.333,00;103.845,00;634,00;11.349,00;76.429,00;-432,30;1.242,00;3.727,00;58.886,57;3.929,00;54.957,57;374.721,22;12.425,38;57.215,57;1.973,88;41.236,64;3.285,35;30.597.519,60;4.004,00;57,22;204,81;0,56;0,93;3,53;5,03;44,15;0,00;0,00;19,63;5.488,44;2.440,27;;28.319,30;56,00;;626.384,00;44,21;;675.900,00;53.488,00;121%;20,54;46%;2.366.189,00;5.170,00;6.548.726,00;327,00;4.720.416,00;882,00;5.364.252,00;1.318,00;0,00;0,00;0,00;0,00;340.359,00;0,00;17.397,00;1,00;0,00;0,00;0,00;0,00;0,00;417.021,30;93.740.375,00;38.356,00;45.710,00;;4.280,00;4.321,00;38.855,00;49.566,00;40.856,40;197.847,25;0,00;0,00;0,00;197.847,25;238.703,65;742.688,64;22.668.471,63;;;;;;;;;;;;;;;;;;;;;;;;;;;;;;;;;;;;
15/06/2025;6.345,74;1.486,65;6.344,02;1.487,06;1.355,30;759,97;9.545,45;12.936.948,39;668,18;16.733,71;3.933,71;9.545,45;159.730.782,57;12.752,72;19.934.155,62;7.779.921,18;1,00;19.934.155,62;133.215,62;132.547,44;145.300,16;138.098,00;7.202,16;27.429.796,00;8.178,00;102.227,00;71,00;438.323,00;164,00;13.415.580,00;5.864,00;37.118.556,00;22.640,00;26.367.542,00;13.200,00;237.111,00;122,00;829.151,00;427,00;6.388.208,00;3.175,00;1.917.750,00;19.574,00;1.021.536,00;8.098,00;180.290,00;8.813,00;3.769.029,00;19.526,00;2.732.942,00;9.179,00;4.666.038,00;31.377,00;23.985,00;137,00;185.874,00;909,00;25.112.714,00;8.560,00;3.883.488,00;3.949,00;87.926,00;47,00;4.027.307,00;1.786,00;546.247,00;259,00;175.816,00;90,00;143.631,91;983,71;11.523.940,00;2.778,00;291.644,00;451,00;2.327,00;11.173.987,00;2.358,00;5.503.981,00;179,00;4.218.422,00;3.355,00;5.415.009,00;2.688,00;3.796.463,00;1.165,00;352.133,00;99,00;988.056,00;96,00;915.882,00;777,00;387.398,00;441,00;4.593.447,00;903,00;284.126,00;1.708,00;5.446.569,00;1.266,00;834.628,00;329,00;424.389,00;266,00;140.892,00;169,00;0,00;0,00;51.038,00;280,00;3.871.527,00;1.752,00;1.546.557,00;1.239,00;104.211,00;366,00;12.182,00;76.993,00;118,30;1.227,00;3.949,00;63.012,86;3.291,00;59.721,86;395.682,03;20.960,81;61.555,85;4.340,28;48.709,91;7.473,27;30.603.447,00;5.927,40;105,11;210,26;1,23;2,13;5,96;9,32;47,15;0,00;0,00;20,26;5.806,89;2.495,18;;28.385,70;66,40;;685.984,00;59,60;;726.458,00;50.558,00;85%;29,32;49%;2.370.276,00;4.087,00;6.549.552,00;826,00;4.720.417,00;1,00;5.365.662,00;1.410,00;0,00;0,00;0,00;0,00;340.359,00;0,00;17.397,00;0,00;0,00;0,00;0,00;0,00;0,00;417.021,30;93.778.745,00;38.370,00;45.742,20;;4.280,00;4.390,00;38.868,21;49.566,00;43.855,20;214.998,69;0,00;0,00;0,00;214.998,69;258.853,89;1.000.565,00;23.669.036,63;;;;;;;;;;;;;;;;;;;;;;;;;;;;;;;;;;;;
16/06/2025;6.348,89;1.486,65;6.347,17;1.487,06;1.355,30;760,32;9.545,45;12.936.948,39;0,00;16.736,86;3.933,71;9.545,45;159.760.860,29;30.077,71;20.069.594,49;7.835.855,24;1,00;20.069.594,49;135.438,87;135.438,87;165.516,58;158.454,00;7.062,58;27.441.650,00;11.854,00;102.309,00;82,00;438.543,00;220,00;13.422.775,00;7.195,00;37.141.612,00;23.056,00;26.380.632,00;13.090,00;237.235,00;124,00;829.588,00;437,00;6.389.945,00;1.737,00;1.938.284,00;20.534,00;1.029.650,00;8.114,00;189.013,00;8.723,00;3.788.076,00;19.047,00;2.750.414,00;17.472,00;4.699.400,00;33.362,00;24.127,00;142,00;187.536,00;1.662,00;25.125.558,00;12.844,00;3.887.392,00;3.904,00;87.963,00;37,00;4.029.816,00;2.509,00;547.010,00;763,00;176.079,00;263,00;144.651,32;1.019,41;11.528.407,00;4.467,00;291.923,00;279,00;4.188,00;11.178.273,00;4.286,00;5.504.904,00;923,00;4.222.184,00;3.762,00;5.416.496,00;1.487,00;3.797.537,00;1.074,00;352.251,00;118,00;988.403,00;347,00;917.193,00;1.311,00;387.939,00;541,00;4.594.200,00;753,00;285.603,00;1.477,00;5.448.082,00;1.513,00;835.017,00;389,00;424.503,00;114,00;141.430,00;538,00;0,00;0,00;51.347,00;309,00;3.873.299,00;1.772,00;1.547.742,00;1.185,00;104.833,00;622,00;22.660,00;86.718,00;1.817,40;1.742,00;3.904,00;71.335,18;3.957,50;67.377,68;431.227,70;35.545,67;65.055,62;3.499,77;54.149,06;5.439,15;30.613.031,50;9.584,50;87,51;248,37;1,00;1,55;10,11;12,65;57,49;0,00;0,00;26,22;6.962,87;3.175,62;;28.433,60;47,90;;721.376,00;35,39;;778.434,00;51.976,00;147%;5,57;16%;2.374.684,00;4.408,00;6.550.185,00;633,00;4.720.561,00;144,00;5.366.179,00;517,00;0,00;0,00;0,00;0,00;340.359,00;0,00;17.399,00;2,00;0,00;0,00;0,00;0,00;0,00;417.021,30;93.817.260,00;38.515,00;45.772,40;;4.280,00;4.475,00;38.883,00;49.566,00;81.576,00;242.559,66;0,00;0,00;0,00;242.559,66;324.135,66;1.937.572,60;25.606.609,23;;;;;;;;;;;;;;;;;;;;;;;;;;;;;;;;;;;;
17/06/2025;6.352,41;1.486,65;6.350,69;1.487,06;1.355,30;760,67;9.545,45;12.936.948,39;0,00;16.740,38;3.933,71;9.545,45;159.794.450,73;33.590,44;20.206.991,29;7.893.352,70;1,00;20.206.991,29;137.396,80;137.396,80;170.987,24;160.888,00;10.099,24;27.453.286,00;11.636,00;102.408,00;99,00;438.758,00;215,00;13.430.353,00;7.578,00;37.164.672,00;23.060,00;26.394.614,00;13.982,00;237.361,00;126,00;830.019,00;431,00;6.391.850,00;1.905,00;1.958.760,00;20.476,00;1.037.772,00;8.122,00;197.769,00;8.756,00;3.807.569,00;19.493,00;2.768.302,00;17.888,00;4.731.747,00;32.347,00;24.267,00;140,00;189.193,00;1.657,00;25.139.986,00;14.428,00;3.891.463,00;4.071,00;87.999,00;36,00;4.032.439,00;2.623,00;547.926,00;916,00;176.226,00;147,00;145.690,09;1.038,77;11.533.367,00;4.960,00;292.450,00;527,00;4.433,00;11.182.158,00;3.885,00;5.507.928,00;3.024,00;4.225.724,00;3.540,00;5.418.196,00;1.700,00;3.798.573,00;1.036,00;352.382,00;131,00;988.961,00;558,00;918.497,00;1.304,00;388.664,00;725,00;4.595.356,00;1.156,00;287.306,00;1.703,00;5.449.656,00;1.574,00;835.467,00;450,00;424.589,00;86,00;141.903,00;473,00;0,00;0,00;51.655,00;308,00;3.874.934,00;1.635,00;1.548.790,00;1.048,00;105.510,00;677,00;24.621,00;86.606,00;2.157,60;2.021,00;4.071,00;76.131,64;3.931,50;72.200,14;465.661,03;34.433,33;69.173,85;4.118,23;55.916,52;1.767,46;30.622.195,50;9.164,00;111,80;125,59;1,17;0,50;9,79;11,47;58,83;0,00;0,00;27,89;7.388,10;3.502,53;;28.480,40;46,80;;757.312,00;35,94;;823.696,00;45.262,00;126%;2,27;6%;2.379.667,00;4.983,00;6.551.286,00;1.101,00;4.721.342,00;781,00;5.367.443,00;1.264,00;0,00;0,00;0,00;0,00;340.359,00;0,00;17.401,00;2,00;0,00;0,00;0,00;0,00;0,00;417.021,30;93.855.770,00;38.510,00;45.802,40;;4.280,00;4.558,00;38.898,00;49.566,00;88.635,60;259.920,50;0,00;0,00;0,00;259.920,50;348.556,10;2.062.908,66;27.669.517,89;;;;;;;;;;;;;;;;;;;;;;;;;;;;;;;;;;;;
18/06/2025;6.354,89;1.486,65;6.353,17;1.487,06;1.355,31;761,01;9.545,45;12.937.043,84;95,45;16.742,84;3.933,71;9.545,45;159.817.970,71;23.519,99;20.344.942,21;7.951.781,95;1,00;20.344.942,21;137.950,92;137.855,47;161.375,45;152.309,00;9.066,45;27.462.008,00;8.722,00;102.479,00;71,00;438.980,00;222,00;13.438.503,00;8.150,00;37.187.780,00;23.108,00;26.409.836,00;15.222,00;237.485,00;124,00;830.437,00;418,00;6.395.425,00;3.575,00;1.979.167,00;20.407,00;1.045.882,00;8.110,00;206.568,00;8.799,00;3.826.329,00;18.760,00;2.786.542,00;18.240,00;4.757.585,00;25.838,00;24.419,00;152,00;190.563,00;1.370,00;25.153.848,00;13.862,00;3.895.625,00;4.162,00;88.036,00;37,00;4.034.808,00;2.369,00;548.867,00;941,00;176.251,00;25,00;146.773,54;1.083,45;11.538.057,00;4.690,00;292.980,00;530,00;4.160,00;11.186.097,00;3.939,00;5.510.637,00;2.709,00;4.228.664,00;2.940,00;5.421.443,00;3.247,00;3.799.508,00;935,00;352.519,00;137,00;989.634,00;673,00;919.699,00;1.202,00;389.269,00;605,00;4.596.806,00;1.450,00;288.909,00;1.603,00;5.451.212,00;1.556,00;835.854,00;387,00;424.744,00;155,00;142.281,00;378,00;0,00;0,00;51.963,00;308,00;3.876.748,00;1.814,00;1.550.033,00;1.243,00;106.187,00;677,00;24.480,00;79.747,00;2.724,50;1.914,00;4.162,00;72.827,95;3.983,50;68.844,45;488.836,06;23.175,03;73.258,63;4.084,78;58.955,00;3.038,48;30.628.456,90;6.261,40;108,58;177,35;1,16;0,86;6,59;8,62;64,98;0,00;0,00;31,00;7.890,92;3.765,01;;28.533,50;53,10;;799.184,00;41,87;;884.348,00;60.652,00;145%;3,89;9%;2.381.605,00;1.938,00;6.553.420,00;2.134,00;4.721.589,00;247,00;5.370.054,00;2.611,00;0,00;0,00;0,00;0,00;340.359,00;0,00;17.402,00;1,00;0,00;0,00;0,00;0,00;0,00;417.021,30;93.897.173,00;41.403,00;45.836,20;;4.280,00;4.635,00;38.913,00;49.566,00;88.128,00;247.840,04;0,00;0,00;0,00;247.840,04;335.968,04;1.893.676,18;29.563.194,07;;;;;;;;;;;;;;;;;;;;;;;;;;;;;;;;;;;;
19/06/2025;6.357,86;1.486,65;6.356,14;1.487,06;1.355,31;751,40;9.545,45;12.937.043,84;0,00;16.745,81;3.933,71;9.545,45;159.846.301,61;28.330,90;20.481.560,79;8.012.798,83;1,00;20.481.560,79;136.618,58;136.618,58;164.949,48;156.056,00;8.893,48;27.473.408,00;11.400,00;102.552,00;73,00;439.192,00;212,00;13.446.345,00;7.842,00;37.210.876,00;23.096,00;26.423.556,00;13.720,00;237.619,00;134,00;830.864,00;427,00;6.398.398,00;2.973,00;1.999.649,00;20.482,00;1.053.993,00;8.111,00;215.388,00;8.820,00;3.845.124,00;18.795,00;2.807.340,00;20.798,00;4.783.236,00;25.651,00;24.563,00;144,00;191.972,00;1.409,00;25.168.120,00;14.272,00;3.899.792,00;4.167,00;88.073,00;37,00;4.037.258,00;2.450,00;549.792,00;925,00;176.292,00;41,00;147.822,25;1.048,71;11.543.128,00;5.071,00;293.507,00;527,00;4.544,00;11.190.287,00;4.190,00;5.513.471,00;2.834,00;4.231.181,00;2.517,00;5.423.960,00;2.517,00;3.800.510,00;1.002,00;352.641,00;122,00;990.008,00;374,00;920.966,00;1.267,00;389.852,00;583,00;4.598.048,00;1.242,00;290.742,00;1.833,00;5.452.618,00;1.406,00;836.294,00;440,00;424.986,00;242,00;142.701,00;420,00;0,00;0,00;52.278,00;315,00;3.878.508,00;1.760,00;1.551.221,00;1.188,00;106.874,00;687,00;27.038,00;82.175,00;2.341,20;1.920,00;4.167,00;74.346,28;3.987,00;70.359,28;522.078,06;33.242,00;76.582,58;3.323,95;63.181,08;4.226,08;30.637.191,10;8.734,20;80,95;184,38;0,95;1,20;9,45;11,60;61,98;0,00;0,00;28,54;7.550,82;3.476,93;;28.596,80;63,30;;855.184,00;56,00;;946.498,00;62.150,00;111%;0,58;1%;2.382.455,00;850,00;6.553.690,00;270,00;4.721.642,00;53,00;5.371.441,00;1.387,00;0,00;0,00;0,00;0,00;340.359,00;0,00;17.403,00;1,00;0,00;0,00;0,00;0,00;0,00;417.021,30;93.937.008,00;39.835,00;45.868,10;;4.280,00;4.705,30;39.009,00;49.566,00;97.336,80;253.293,39;0,00;0,00;0,00;253.293,39;350.630,19;2.075.959,81;31.639.153,88;;;;;;;;;;;;;;;;;;;;;;;;;;;;;;;;;;;;
20/06/2025;6.360,18;1.486,65;6.358,46;1.487,06;1.355,34;761,78;9.545,45;12.937.330,20;286,36;16.748,13;3.933,71;9.545,45;159.868.418,42;22.116,81;20.619.131,44;8.071.727,23;1,00;20.619.131,44;137.570,65;137.284,29;159.401,09;148.819,00;10.582,09;27.482.358,00;8.950,00;102.636,00;84,00;439.386,00;194,00;13.453.611,00;7.266,00;37.233.964,00;23.088,00;26.437.716,00;14.160,00;237.750,00;131,00;831.293,00;429,00;6.401.733,00;3.335,00;2.020.012,00;20.363,00;1.061.954,00;7.961,00;224.156,00;8.768,00;3.864.379,00;19.255,00;2.822.254,00;14.914,00;4.811.395,00;28.159,00;24.701,00;138,00;193.453,00;1.481,00;25.180.784,00;12.664,00;3.904.111,00;4.319,00;88.121,00;48,00;4.039.638,00;2.380,00;550.727,00;935,00;176.322,00;30,00;148.853,01;1.030,76;11.546.441,00;3.313,00;293.837,00;330,00;2.983,00;11.193.265,00;2.978,00;5.516.516,00;3.045,00;4.234.168,00;2.987,00;5.426.860,00;2.900,00;3.801.451,00;941,00;352.759,00;118,00;990.264,00;256,00;921.935,00;969,00;390.532,00;680,00;4.599.376,00;1.328,00;292.517,00;1.775,00;5.454.218,00;1.600,00;836.672,00;378,00;425.211,00;225,00;143.143,00;442,00;0,00;0,00;52.587,00;309,00;3.880.329,00;1.821,00;1.552.438,00;1.217,00;107.639,00;765,00;21.082,00;79.057,00;1.692,50;1.724,00;4.319,00;72.608,59;4.085,00;68.523,59;545.825,40;23.747,34;81.404,98;4.822,40;66.058,31;2.877,23;30.643.612,00;6.420,90;124,04;147,92;1,37;0,82;6,75;8,94;56,54;0,00;0,00;26,24;6.940,79;3.221,19;;28.661,50;64,70;;911.504,00;56,32;;1.003.930,00;57.432,00;102%;-1,15;-2%;2.386.878,00;4.423,00;6.555.438,00;1.748,00;4.722.340,00;698,00;5.373.800,00;2.359,00;0,00;0,00;0,00;0,00;340.359,00;0,00;17.403,00;0,00;0,00;0,00;0,00;0,00;0,00;417.021,30;93.976.602,00;39.594,00;45.899,90;;4.280,00;4.806,00;38.940,00;49.566,00;75.895,20;246.684,94;0,00;0,00;0,00;246.684,94;322.580,14;1.671.262,51;33.310.416,39;;;;;;;;;;;;;;;;;;;;;;;;;;;;;;;;;;;;
21/06/2025;6.362,86;1.486,65;6.361,14;1.487,06;1.355,36;762,20;9.545,45;12.937.521,11;190,91;16.750,78;3.933,71;9.545,45;159.893.713,86;25.295,44;20.755.993,02;8.129.951,91;1,00;20.755.993,02;136.861,58;136.670,67;161.966,11;152.708,00;9.258,11;27.494.548,00;12.190,00;102.699,00;63,00;439.576,00;190,00;13.461.810,00;8.199,00;37.257.008,00;23.044,00;26.454.352,00;16.636,00;237.804,00;54,00;831.838,00;545,00;6.406.500,00;4.767,00;2.040.892,00;20.880,00;1.070.320,00;8.366,00;232.939,00;8.783,00;3.874.096,00;9.717,00;2.843.939,00;21.685,00;4.837.452,00;26.057,00;24.838,00;137,00;195.085,00;1.632,00;25.195.084,00;14.300,00;3.908.403,00;4.292,00;88.159,00;38,00;4.041.844,00;2.206,00;551.298,00;571,00;176.352,00;30,00;149.869,55;1.016,54;11.550.796,00;4.355,00;293.842,00;5,00;4.350,00;11.197.396,00;4.131,00;5.519.894,00;3.378,00;4.237.950,00;3.782,00;5.431.038,00;4.178,00;3.802.394,00;943,00;352.872,00;113,00;990.371,00;107,00;923.171,00;1.236,00;391.258,00;726,00;4.600.803,00;1.427,00;294.178,00;1.661,00;5.455.935,00;1.717,00;837.055,00;383,00;425.521,00;310,00;143.677,00;534,00;0,00;0,00;52.889,00;302,00;3.882.016,00;1.687,00;1.553.587,00;1.149,00;108.354,00;715,00;29.662,00;74.608,00;2.497,50;1.151,00;4.292,00;79.417,61;3.807,00;75.610,61;583.619,80;37.794,40;86.340,79;4.935,81;72.902,41;6.844,10;30.653.468,40;9.856,40;122,90;246,78;1,40;1,95;10,75;14,10;65,03;0,00;0,00;31,98;8.004,03;3.936,17;;28.745,50;84,00;;989.792,00;78,29;;1.066.350,00;62.420,00;80%;-10,82;-14%;2.391.394,00;4.516,00;6.556.839,00;1.401,00;4.722.340,00;0,00;5.375.505,00;1.705,00;0,00;0,00;0,00;0,00;340.359,00;0,00;17.403,00;0,00;0,00;0,00;0,00;0,00;0,00;417.021,30;94.016.178,00;39.576,00;45.931,80;;4.280,00;4.875,00;38.955,00;49.566,00;106.783,20;272.198,21;0,00;0,00;0,00;272.198,21;378.981,41;2.488.381,01;35.798.797,40;;;;;;;;;;;;;;;;;;;;;;;;;;;;;;;;;;;;
22/06/2025;6.363,62;1.486,65;6.361,90;1.487,06;1.357,07;762,56;9.545,45;12.953.843,83;16.322,72;16.751,53;3.933,71;9.545,45;159.900.920,67;7.206,81;20.887.799,51;8.172.220,98;1,00;20.887.799,51;131.806,49;115.483,77;122.690,59;116.981,00;5.709,59;27.503.112,00;8.564,00;102.766,00;67,00;439.748,00;172,00;13.467.523,00;5.713,00;37.279.780,00;22.772,00;26.467.814,00;13.462,00;237.858,00;54,00;832.383,00;545,00;6.410.117,00;3.617,00;2.061.430,00;20.538,00;1.078.711,00;8.391,00;241.746,00;8.807,00;3.884.910,00;10.814,00;2.855.712,00;11.773,00;4.851.413,00;13.961,00;24.973,00;135,00;196.713,00;1.628,00;25.204.468,00;9.384,00;3.912.574,00;4.171,00;88.194,00;35,00;4.043.331,00;1.487,00;551.308,00;10,00;176.364,00;12,00;150.798,87;929,32;11.553.135,00;2.339,00;293.844,00;2,00;2.337,00;11.199.534,00;2.138,00;5.520.695,00;801,00;4.239.985,00;2.035,00;5.434.203,00;3.165,00;3.803.321,00;927,00;353.023,00;151,00;991.214,00;843,00;923.996,00;825,00;391.579,00;321,00;4.602.020,00;1.217,00;296.018,00;1.840,00;5.457.297,00;1.362,00;837.395,00;340,00;425.752,00;231,00;144.199,00;522,00;0,00;0,00;53.179,00;290,00;3.883.652,00;1.636,00;1.554.721,00;1.134,00;108.921,00;567,00;15.131,00;53.746,00;-323,90;569,00;4.171,00;64.528,49;3.236,50;61.291,99;604.675,70;21.055,90;88.993,77;2.652,98;76.521,73;3.619,32;30.659.373,00;5.904,60;91,77;207,11;0,75;1,03;5,99;7,77;43,69;0,00;0,00;21,20;5.356,52;2.599,18;;28.808,90;63,40;;1.046.110,00;56,32;;1.124.064,00;57.714,00;102%;5,18;9%;2.393.950,00;2.556,00;6.556.969,00;130,00;4.722.917,00;577,00;5.377.412,00;1.907,00;0,00;0,00;0,00;0,00;340.359,00;0,00;17.406,00;3,00;0,00;0,00;0,00;0,00;0,00;417.021,30;94.054.686,00;38.508,00;45.963,40;;4.280,00;4.945,00;38.967,00;49.566,00;54.471,60;220.651,15;0,00;0,00;0,00;220.651,15;275.122,75;1.354.701,83;37.153.499,23;;;;;;;;;;;;;;;;;;;;;;;;;;;;;;;;;;;;
23/06/2025;6.364,79;1.486,65;6.363,07;1.487,06;1.358,82;762,89;9.545,45;12.970.548,37;16.704,54;16.752,71;3.933,71;9.545,45;159.912.117,49;11.196,81;21.023.316,90;8.217.938,67;1,00;21.023.316,90;135.517,39;118.812,85;130.009,67;121.771,00;8.238,67;27.509.736,00;6.624,00;102.809,00;43,00;439.917,00;169,00;13.472.765,00;5.242,00;37.302.936,00;23.156,00;26.479.998,00;12.184,00;237.913,00;55,00;832.919,00;536,00;6.413.314,00;3.197,00;2.080.939,00;19.509,00;1.087.065,00;8.354,00;250.562,00;8.816,00;3.903.042,00;18.132,00;2.866.759,00;11.047,00;4.868.018,00;16.605,00;25.106,00;133,00;197.664,00;951,00;25.213.740,00;9.272,00;3.916.633,00;4.059,00;88.234,00;40,00;4.045.671,00;2.340,00;552.172,00;864,00;176.450,00;86,00;151.755,60;956,73;11.555.310,00;2.175,00;293.846,00;2,00;2.173,00;11.201.480,00;1.946,00;5.522.120,00;1.425,00;4.241.566,00;1.581,00;5.437.216,00;3.013,00;3.804.224,00;903,00;353.148,00;125,00;991.658,00;444,00;924.830,00;834,00;392.048,00;469,00;4.603.258,00;1.238,00;297.779,00;1.761,00;5.458.461,00;1.164,00;837.732,00;337,00;425.815,00;63,00;144.351,00;152,00;0,00;0,00;53.473,00;294,00;3.885.123,00;1.471,00;1.555.675,00;954,00;109.384,00;463,00;14.374,00;62.954,00;-449,40;1.488,00;4.059,00;61.958,07;3.398,00;58.560,07;618.413,80;13.738,10;92.453,84;3.460,07;77.147,53;625,80;30.663.702,90;4.329,90;100,44;217,41;0,98;0,18;3,91;5,07;44,29;0,00;0,00;19,92;5.166,07;2.323,51;;28.847,40;38,50;;1.072.590,00;26,48;;1.182.920,00;58.856,00;222%;1,10;4%;2.398.138,00;4.188,00;6.558.502,00;1.533,00;4.724.468,00;1.551,00;5.378.425,00;1.013,00;0,00;0,00;0,00;0,00;340.359,00;0,00;17.407,00;1,00;0,00;0,00;0,00;0,00;0,00;417.021,30;94.094.187,00;39.501,00;45.995,50;;4.280,00;5.017,00;38.978,00;49.566,00;51.746,40;210.816,24;0,00;0,00;0,00;210.816,24;262.562,64;1.060.731,85;38.214.231,08;;;;;;;;;;;;;;;;;;;;;;;;;;;;;;;;;;;;
24/06/2025;6.368,70;1.486,65;6.366,98;1.487,06;1.358,82;763,16;9.545,45;12.970.548,37;0,00;16.756,61;3.933,71;9.545,45;159.949.392,47;37.274,98;21.160.892,56;8.277.510,10;1,00;21.160.892,56;137.575,66;137.575,66;174.850,64;166.164,00;8.686,64;27.521.892,00;12.156,00;102.894,00;85,00;440.117,00;200,00;13.480.892,00;8.127,00;37.326.124,00;23.188,00;26.495.136,00;15.138,00;237.955,00;42,00;833.431,00;512,00;6.416.852,00;3.538,00;2.102.075,00;21.136,00;1.095.377,00;8.312,00;259.314,00;8.752,00;3.922.701,00;19.659,00;2.887.928,00;21.169,00;4.899.641,00;31.623,00;25.238,00;132,00;199.444,00;1.780,00;25.227.708,00;13.968,00;3.920.472,00;3.839,00;88.270,00;36,00;4.048.141,00;2.470,00;552.800,00;628,00;176.600,00;150,00;152.779,09;1.023,49;11.559.483,00;4.173,00;293.848,00;2,00;4.171,00;11.205.768,00;4.288,00;5.525.053,00;2.933,00;4.245.128,00;3.562,00;5.440.385,00;3.169,00;3.805.127,00;903,00;353.257,00;109,00;991.809,00;151,00;926.027,00;1.197,00;392.692,00;644,00;4.604.803,00;1.545,00;299.615,00;1.836,00;5.460.065,00;1.604,00;838.074,00;342,00;425.998,00;183,00;144.831,00;480,00;0,00;0,00;53.790,00;317,00;3.887.144,00;2.021,00;1.557.118,00;1.443,00;109.960,00;576,00;28.123,00;89.515,00;2.412,40;1.292,00;3.839,00;77.792,24;4.149,00;73.643,24;655.116,40;36.702,60;97.478,23;5.024,39;81.124,91;3.977,38;30.673.250,40;9.547,50;132,50;178,06;1,43;1,13;10,44;13,00;67,25;0,00;0,00;29,80;7.868,16;3.486,56;;28.902,60;55,20;;1.119.340,00;46,75;;1.237.490,00;54.570,00;117%;-81,71;-175%;2.398.457,00;319,00;6.558.955,00;453,00;4.724.924,00;456,00;5.382.251,00;3.826,00;0,00;0,00;0,00;0,00;340.359,00;0,00;17.408,00;1,00;0,00;0,00;0,00;0,00;0,00;417.021,30;94.134.231,00;40.044,00;46.026,90;;4.280,00;5.089,00;38.992,00;49.566,00;101.242,80;265.115,67;0,00;0,00;0,00;265.115,67;366.358,47;2.172.279,55;40.386.510,63;;;;;;;;;;;;;;;;;;;;;;;;;;;;;;;;;;;;
25/06/2025;6.373,07;1.486,99;6.371,35;1.487,40;1.358,83;763,52;9.545,45;12.970.643,82;95,45;16.760,97;3.934,05;9.545,45;159.991.001,09;41.608,62;21.289.862,23;8.334.014,01;1,00;21.289.862,23;128.969,67;128.874,22;170.482,83;160.452,00;10.030,83;27.533.802,00;11.910,00;102.975,00;81,00;440.316,00;199,00;13.488.944,00;8.052,00;37.344.748,00;18.624,00;26.509.256,00;14.120,00;238.021,00;66,00;833.937,00;506,00;6.418.310,00;1.458,00;2.122.862,00;20.787,00;1.103.673,00;8.296,00;268.084,00;8.770,00;3.943.047,00;20.346,00;2.908.392,00;20.464,00;4.931.352,00;31.711,00;25.387,00;149,00;200.936,00;1.492,00;25.242.146,00;14.438,00;3.924.651,00;4.179,00;88.308,00;38,00;4.050.626,00;2.485,00;553.743,00;943,00;176.829,00;229,00;153.816,61;1.037,52;11.563.944,00;4.461,00;293.850,00;2,00;4.459,00;11.209.815,00;4.047,00;5.528.374,00;3.321,00;4.248.762,00;3.634,00;5.441.564,00;1.179,00;3.806.136,00;1.009,00;353.394,00;137,00;992.578,00;769,00;927.437,00;1.410,00;393.336,00;644,00;4.606.323,00;1.520,00;301.218,00;1.603,00;5.461.582,00;1.517,00;838.457,00;383,00;426.132,00;134,00;145.228,00;397,00;0,00;0,00;54.102,00;312,00;3.889.178,00;2.034,00;1.558.530,00;1.412,00;110.755,00;795,00;30.666,00;89.587,00;-2.283,30;1.680,00;4.179,00;77.320,13;4.383,50;72.936,63;695.003,30;39.886,90;102.815,27;5.337,04;84.603,58;3.478,67;30.682.640,70;9.390,30;140,97;233,87;1,52;0,99;11,34;13,85;66,44;0,00;0,00;32,43;7.687,70;3.752,44;;28.959,30;56,70;;1.163.740,00;44,40;;1.294.010,00;56.520,00;127%;69,22;156%;2.401.132,00;2.675,00;6.559.187,00;232,00;4.724.924,00;0,00;5.385.210,00;2.959,00;0,00;0,00;0,00;0,00;340.359,00;0,00;17.410,00;2,00;0,00;0,00;0,00;0,00;0,00;417.021,30;94.171.556,00;37.325,00;46.058,10;;4.280,00;5.175,00;39.012,00;49.566,00;110.397,60;262.571,88;0,00;0,00;0,00;262.571,88;372.969,48;2.122.018,63;42.508.529,26;;;;;;;;;;;;;;;;;;;;;;;;;;;;;;;;;;;;
26/06/2025;6.375,91;1.486,99;6.374,19;1.487,40;1.358,84;763,90;9.545,45;12.970.739,28;95,45;16.763,81;3.934,05;9.545,45;160.018.081,53;27.080,44;21.427.540,16;8.391.492,51;1,00;21.427.540,16;137.677,93;137.582,48;164.662,92;154.699,00;9.963,92;27.543.722,00;9.920,00;103.058,00;83,00;440.544,00;228,00;13.496.170,00;7.226,00;37.366.660,00;21.912,00;26.521.748,00;12.492,00;238.152,00;131,00;834.461,00;524,00;6.420.188,00;1.878,00;2.143.509,00;20.647,00;1.111.940,00;8.267,00;276.839,00;8.755,00;3.961.196,00;18.149,00;2.925.326,00;16.934,00;4.965.169,00;33.817,00;25.527,00;140,00;202.269,00;1.333,00;25.255.748,00;13.602,00;3.928.942,00;4.291,00;88.345,00;37,00;4.053.389,00;2.763,00;554.656,00;913,00;177.072,00;243,00;154.818,26;1.001,65;11.567.872,00;3.928,00;293.852,00;2,00;3.926,00;11.213.738,00;3.923,00;5.530.992,00;2.618,00;4.251.735,00;2.973,00;5.443.144,00;1.580,00;3.807.168,00;1.032,00;353.501,00;107,00;992.672,00;94,00;928.413,00;976,00;393.913,00;577,00;4.607.631,00;1.308,00;303.075,00;1.857,00;5.463.102,00;1.520,00;838.810,00;353,00;426.276,00;144,00;145.566,00;338,00;0,00;0,00;54.416,00;314,00;3.891.204,00;2.026,00;1.559.919,00;1.389,00;111.436,00;681,00;25.642,00;85.922,00;128,60;1.682,00;4.291,00;72.639,32;4.402,50;68.236,82;719.435,10;24.431,80;105.818,59;3.003,32;86.263,31;1.659,73;30.689.919,30;7.278,60;86,04;102,83;0,85;0,47;6,95;8,27;58,00;0,00;0,00;24,91;7.032,28;3.020,24;;29.009,40;50,10;;1.203.810,00;40,07;;1.346.870,00;52.860,00;132%;3,89;10%;2.402.947,00;1.815,00;6.559.535,00;348,00;4.725.241,00;317,00;5.385.496,00;286,00;0,00;0,00;0,00;0,00;340.359,00;0,00;17.410,00;0,00;0,00;0,00;0,00;0,00;0,00;417.021,30;94.211.840,00;40.284,00;46.090,00;;4.280,00;5.260,00;39.027,00;49.566,00;92.311,20;245.652,54;0,00;0,00;0,00;245.652,54;337.963,74;1.532.056,57;44.040.585,83;;;;;;;;;;;;;;;;;;;;;;;;;;;;;;;;;;;;
27/06/2025;6.379,58;1.486,99;6.377,86;1.487,40;1.358,84;764,25;9.545,45;12.970.739,28;0,00;16.767,47;3.934,05;9.545,45;160.053.036,97;34.955,44;21.563.109,00;8.451.684,00;1,00;21.563.109,00;135.568,84;135.568,84;170.524,28;163.780,00;6.744,28;27.553.972,00;10.250,00;103.130,00;72,00;440.748,00;204,00;13.504.541,00;8.371,00;37.389.536,00;22.876,00;26.536.882,00;15.134,00;238.277,00;125,00;834.986,00;525,00;6.423.145,00;2.957,00;2.164.073,00;20.564,00;1.120.232,00;8.292,00;285.628,00;8.789,00;3.981.116,00;19.920,00;2.942.919,00;17.593,00;5.000.927,00;35.758,00;25.676,00;149,00;203.629,00;1.360,00;25.269.062,00;13.314,00;3.933.221,00;4.279,00;88.380,00;35,00;4.056.077,00;2.688,00;555.608,00;952,00;177.314,00;242,00;155.803,00;984,74;11.571.208,00;3.336,00;294.082,00;230,00;3.106,00;11.217.606,00;3.868,00;5.533.913,00;2.921,00;4.255.405,00;3.670,00;5.445.726,00;2.582,00;3.808.149,00;981,00;353.685,00;184,00;993.193,00;521,00;929.457,00;1.044,00;394.693,00;780,00;4.609.078,00;1.447,00;304.784,00;1.709,00;5.464.558,00;1.456,00;839.211,00;401,00;426.460,00;184,00;145.913,00;347,00;0,00;0,00;54.711,00;295,00;3.893.153,00;1.949,00;1.561.275,00;1.356,00;112.103,00;667,00;27.297,00;90.352,00;2.166,80;1.949,00;4.279,00;71.777,48;4.255,00;67.522,48;748.091,44;28.656,34;110.524,49;4.705,90;90.091,13;3.827,82;30.697.667,10;7.747,80;114,24;224,57;1,34;1,09;8,15;10,58;70,00;0,00;0,00;31,71;8.003,83;3.625,73;;29.080,20;70,80;;1.267.020,00;63,21;;1.407.320,00;60.450,00;96%;32,96;52%;2.403.804,00;857,00;6.560.283,00;748,00;4.725.817,00;576,00;5.388.214,00;2.718,00;0,00;0,00;0,00;0,00;340.359,00;0,00;17.412,00;2,00;0,00;0,00;0,00;0,00;0,00;417.021,30;94.251.885,00;40.045,00;46.121,80;;4.280,00;5.311,00;39.035,00;49.566,00;98.269,20;243.080,92;0,00;0,00;0,00;243.080,92;341.350,12;1.743.619,00;45.784.204,83;;;;;;;;;;;;;;;;;;;;;;;;;;;;;;;;;;;;
28/06/2025;6.381,42;1.486,99;6.379,70;1.487,40;1.358,84;764,61;9.545,45;12.970.739,28;0,00;16.769,31;3.934,05;9.545,45;160.070.581,50;17.544,54;21.703.124,00;8.505.262,00;1,00;21.703.124,00;140.015,00;140.015,00;157.559,54;146.618,00;10.941,54;27.563.176,00;9.204,00;103.201,00;71,00;440.911,00;163,00;13.511.913,00;7.372,00;37.412.264,00;22.728,00;26.548.026,00;11.144,00;238.403,00;126,00;835.513,00;527,00;6.423.451,00;306,00;2.184.522,00;20.449,00;1.128.536,00;8.304,00;294.391,00;8.763,00;3.997.877,00;16.761,00;2.960.558,00;17.639,00;5.029.094,00;28.167,00;25.815,00;139,00;204.874,00;1.245,00;25.282.216,00;13.154,00;3.937.401,00;4.180,00;88.425,00;45,00;4.058.247,00;2.170,00;556.133,00;525,00;177.435,00;121,00;156.815,57;1.012,57;11.576.074,00;4.866,00;294.560,00;478,00;4.388,00;11.221.399,00;3.793,00;5.535.839,00;1.926,00;4.257.576,00;2.171,00;5.445.922,00;196,00;3.809.241,00;1.092,00;354.532,00;847,00;993.366,00;173,00;930.655,00;1.198,00;395.680,00;987,00;4.609.982,00;904,00;306.709,00;1.925,00;5.465.957,00;1.399,00;839.580,00;369,00;426.487,00;27,00;146.245,00;332,00;0,00;0,00;55.002,00;291,00;3.895.177,00;2.024,00;1.562.750,00;1.475,00;112.737,00;634,00;21.918,00;79.634,00;977,00;1.651,00;4.180,00;71.117,54;4.034,00;67.083,54;773.543,44;25.452,00;112.372,28;1.847,79;93.034,92;2.943,79;30.704.200,20;6.533,10;47,83;215,50;0,53;0,84;7,24;8,60;61,00;0,00;0,00;26,67;7.146,83;3.124,69;;29.123,00;42,80;;1.292.880,00;25,86;;1.466.870,00;59.550,00;230%;-1,75;-7%;2.408.695,00;4.891,00;6.560.804,00;521,00;4.725.987,00;170,00;5.389.552,00;1.338,00;0,00;0,00;0,00;0,00;340.359,00;0,00;17.415,00;3,00;0,00;0,00;0,00;0,00;0,00;417.021,30;94.291.904,00;40.019,00;46.153,50;;4.280,00;5.393,00;39.049,00;49.566,00;78.904,80;241.500,73;0,00;0,00;0,00;241.500,73;320.405,53;1.669.207,85;47.453.412,68;;;;;;;;;;;;;;;;;;;;;;;;;;;;;;;;;;;;
29/06/2025;6.382,00;1.486,99;6.380,28;1.487,40;1.358,94;765,00;9.545,45;12.971.693,82;954,54;16.769,82;3.934,05;9.545,45;160.075.440,14;4.858,63;21.832.783,52;8.549.766,19;1,00;21.832.783,52;129.659,52;128.704,98;133.563,61;126.507,00;7.056,61;27.571.812,00;8.636,00;103.271,00;70,00;441.054,00;143,00;13.518.991,00;7.078,00;37.434.652,00;22.388,00;26.559.160,00;11.134,00;238.542,00;139,00;836.044,00;531,00;6.425.840,00;2.389,00;2.204.661,00;20.139,00;1.136.831,00;8.295,00;303.215,00;8.824,00;4.005.921,00;8.044,00;2.975.980,00;15.422,00;5.050.642,00;21.548,00;25.940,00;125,00;206.130,00;1.256,00;25.294.334,00;12.118,00;3.941.834,00;4.433,00;88.460,00;35,00;4.059.710,00;1.463,00;556.143,00;10,00;177.448,00;13,00;157.779,78;964,21;11.579.552,00;3.478,00;295.032,00;472,00;3.006,00;11.225.655,00;4.256,00;5.537.756,00;1.917,00;4.258.987,00;1.411,00;5.448.104,00;2.182,00;3.810.221,00;980,00;354.780,00;248,00;993.467,00;101,00;931.609,00;954,00;396.069,00;389,00;4.611.122,00;1.140,00;308.570,00;1.861,00;5.467.232,00;1.275,00;839.927,00;347,00;426.569,00;82,00;146.574,00;329,00;0,00;0,00;55.287,00;285,00;3.896.956,00;1.779,00;1.564.004,00;1.254,00;113.268,00;531,00;20.855,00;62.133,00;302,70;1.026,00;4.433,00;65.668,91;3.326,50;62.342,41;797.257,50;23.714,06;115.817,73;3.445,45;93.521,24;486,32;30.710.258,70;6.058,50;93,59;35,72;0,98;0,14;6,74;7,86;59,00;0,00;0,00;24,22;6.784,43;2.785,07;;29.163,30;40,30;;1.319.070,00;26,19;;1.522.950,00;56.080,00;214%;-3,19;-12%;2.413.285,00;4.590,00;6.561.256,00;452,00;4.726.013,00;26,00;5.391.902,00;2.350,00;0,00;0,00;0,00;0,00;340.359,00;0,00;17.416,00;1,00;0,00;0,00;0,00;0,00;0,00;417.021,30;94.330.441,00;38.537,00;46.185,40;;4.280,00;5.450,00;39.061,00;49.566,00;75.078,00;224.432,67;0,00;0,00;0,00;224.432,67;299.510,67;1.439.986,93;48.893.399,61;;;;;;;;;;;;;;;;;;;;;;;;;;;;;;;;;;;;
30/06/2025;6.382,75;1.486,99;6.381,03;1.487,40;1.359,34;765,37;9.545,45;12.975.512,00;3.818,18;16.770,49;3.934,05;9.545,45;160.081.883,32;6.443,18;21.960.108,57;8.593.098,18;1,00;21.960.108,57;127.325,05;123.506,87;129.950,05;120.688,00;9.262,05;27.580.300,00;8.488,00;103.355,00;84,00;441.253,00;199,00;13.525.688,00;6.697,00;37.456.304,00;21.652,00;26.571.142,00;11.982,00;238.668,00;126,00;836.577,00;533,00;6.428.337,00;2.497,00;2.224.350,00;19.689,00;1.145.164,00;8.333,00;311.991,00;8.776,00;4.013.910,00;7.989,00;2.987.977,00;11.997,00;5.071.852,00;21.210,00;26.075,00;135,00;207.037,00;907,00;25.305.318,00;10.984,00;3.946.552,00;4.718,00;88.497,00;37,00;4.061.852,00;2.142,00;556.852,00;709,00;177.561,00;113,00;158.762,49;982,71;11.581.976,00;2.424,00;295.499,00;467,00;1.957,00;11.229.546,00;3.891,00;5.539.153,00;1.397,00;4.260.436,00;1.449,00;5.450.243,00;2.139,00;3.811.148,00;927,00;354.862,00;82,00;993.694,00;227,00;932.710,00;1.101,00;396.492,00;423,00;4.612.549,00;1.427,00;310.333,00;1.763,00;5.468.514,00;1.282,00;840.261,00;334,00;426.752,00;183,00;146.745,00;171,00;0,00;0,00;55.570,00;283,00;3.898.609,00;1.653,00;1.565.106,00;1.102,00;113.648,00;380,00;18.044,00;58.305,00;-872,90;1.822,00;4.718,00;65.977,95;3.387,00;62.590,95;810.581,90;13.324,40;118.424,23;2.606,50;97.340,09;3.818,85;30.716.368,20;6.109,50;101,26;180,88;0,74;1,09;3,79;5,62;56,00;0,00;0,00;23,57;6.574,59;2.767,20;;29.221,90;58,60;;1.367.696,00;48,63;;1.576.878,90;53.928,90;111%;-32,03;-66%;2.417.900,00;4.615,00;6.563.192,00;1.936,00;4.726.563,00;550,00;5.393.916,00;2.014,00;0,00;0,00;0,00;0,00;340.359,00;0,00;17.417,00;1,00;0,00;0,00;0,00;0,00;0,00;417.021,30;94.369.945,00;39.504,00;46.217,50;;4.280,00;5.529,00;39.074,00;49.566,00;64.958,40;225.327,42;0,00;0,00;0,00;225.327,42;290.285,82;1.077.261,96;49.970.661,57;;;;;;;;;;;;;;;;;;;;;;;;;;;;;;;;;;;;
01/07/2025;6.384,85;1.486,99;6.383,12;1.487,40;1.359,36;765,78;9.545,45;12.975.702,91;190,91;16.772,58;3.934,05;9.545,45;160.101.814,22;19.930,90;22.094.916,53;8.645.716,99;1,00;22.094.916,53;134.807,96;134.617,05;154.547,95;147.535,00;7.012,95;27.591.760,00;11.460,00;103.435,00;80,00;441.480,00;227,00;13.534.120,00;8.432,00;37.479.148,00;22.844,00;26.586.432,00;15.290,00;238.795,00;127,00;837.121,00;544,00;6.431.925,00;3.588,00;2.245.110,00;20.760,00;1.153.514,00;8.350,00;320.760,00;8.769,00;4.022.314,00;8.404,00;3.008.889,00;20.912,00;5.096.669,00;24.817,00;26.219,00;144,00;208.544,00;1.507,00;25.319.934,00;14.616,00;3.950.721,00;4.169,00;88.533,00;36,00;4.064.504,00;2.652,00;557.700,00;848,00;177.816,00;255,00;159.773,00;1.010,51;11.586.749,00;4.773,00;295.974,00;475,00;4.298,00;11.233.642,00;4.096,00;5.542.463,00;3.310,00;4.264.004,00;3.568,00;5.453.338,00;3.095,00;3.812.079,00;931,00;355.008,00;146,00;994.148,00;454,00;933.928,00;1.218,00;397.167,00;675,00;4.614.016,00;1.467,00;312.004,00;1.671,00;5.470.136,00;1.622,00;840.605,00;344,00;427.011,00;259,00;147.153,00;408,00;0,00;0,00;55.864,00;294,00;3.900.324,00;1.715,00;1.566.222,00;1.116,00;114.248,00;600,00;28.610,00;71.252,00;1.983,70;2.122,00;4.169,00;75.021,25;3.935,00;71.086,25;44.610,43;44.610,43;5.596,64;5.596,64;5.060,72;5.060,72;30.725.221,00;8.852,80;109,39;172,47;1,59;1,44;12,69;15,72;71,00;0,00;0,00;37,18;7.943,82;4.159,88;;29.292,30;70,40;;68.624,00;68,62;;56.798,00;56.798,00;83%;14,03;20%;2.419.181,00;1.281,00;6.564.665,00;1.473,00;4.727.294,00;731,00;5.396.930,00;3.014,00;0,00;0,00;0,00;0,00;340.359,00;0,00;17.418,00;1,00;0,00;0,00;0,00;0,00;0,00;417.021,30;94.407.227,00;37.282,00;46.249,00;;4.280,00;5.614,00;39.098,00;49.566,00;102.996,00;255.910,50;0,00;0,00;0,00;255.910,50;358.906,50;2.433.227,57;2.433.227,57;;;;;;;;;;;;;;;;;;;;;;;;;;;;;;;;;;;;
02/07/2025;6.385,96;1.486,99;6.384,23;1.487,40;1.359,67;766,23;9.545,45;12.978.662,00;2.959,09;16.773,67;3.934,05;9.545,45;160.112.218,76;10.404,54;22.233.347,00;8.695.698,00;1,00;22.233.347,00;138.430,47;135.471,38;145.875,92;135.359,00;10.516,92;27.599.860,00;8.100,00;103.525,00;90,00;441.680,00;200,00;13.541.876,00;7.756,00;37.501.904,00;22.756,00;26.603.310,00;16.878,00;238.917,00;122,00;837.751,00;630,00;6.437.191,00;5.266,00;2.265.518,00;20.408,00;1.161.868,00;8.354,00;329.593,00;8.833,00;4.031.989,00;9.675,00;3.022.239,00;13.350,00;5.121.447,00;24.778,00;26.357,00;138,00;209.879,00;1.335,00;25.331.592,00;11.658,00;3.955.153,00;4.432,00;88.576,00;43,00;4.067.113,00;2.609,00;558.543,00;843,00;178.117,00;301,00;160.835,00;1.062,00;11.589.571,00;2.822,00;296.252,00;278,00;2.544,00;11.235.181,00;1.539,00;5.545.501,00;3.038,00;4.267.656,00;3.652,00;5.457.946,00;4.608,00;3.813.037,00;958,00;355.122,00;114,00;994.258,00;110,00;934.721,00;793,00;397.900,00;733,00;4.615.483,00;1.467,00;313.574,00;1.570,00;5.471.577,00;1.441,00;840.946,00;341,00;427.359,00;348,00;147.402,00;249,00;0,00;0,00;56.162,00;298,00;3.902.112,00;1.788,00;1.567.369,00;1.147,00;115.126,00;878,00;22.004,00;64.990,00;1.133,60;2.052,00;4.432,00;73.268,32;4.268,50;68.999,82;64.776,39;20.165,96;9.584,10;3.987,46;9.334,49;4.273,77;30.731.075,50;5.854,50;102,55;253,10;1,13;1,22;5,74;8,09;65,00;0,00;0,00;26,87;7.636,13;3.156,66;;29.378,40;86,10;;151.072,00;82,45;;119.518,00;62.720,00;76%;-0,12;0%;2.421.854,00;2.673,00;6.565.923,00;1.258,00;4.728.626,00;1.332,00;5.398.850,00;1.920,00;0,00;0,00;0,00;0,00;340.359,00;0,00;17.418,00;0,00;0,00;0,00;0,00;0,00;0,00;417.021,30;94.446.931,00;39.704,00;46.280,90;;4.280,00;5.683,80;39.101,00;49.566,00;79.214,40;248.399,36;0,00;0,00;0,00;248.399,36;327.613,76;1.605.373,00;4.038.600,57;;;;;;;;;;;;;;;;;;;;;;;;;;;;;;;;;;;;
03/07/2025;6.388,32;1.486,99;6.386,59;1.487,40;1.359,68;766,60;9.545,45;12.978.757,46;95,45;16.776,02;3.934,05;9.545,45;160.134.669,65;22.450,90;22.369.227,84;8.751.388,19;1,00;22.369.227,84;135.880,84;135.785,39;158.236,28;150.895,00;7.341,28;27.610.526,00;10.666,00;103.599,00;74,00;441.855,00;175,00;13.549.830,00;7.954,00;37.524.780,00;22.876,00;26.616.862,00;13.552,00;239.041,00;124,00;838.437,00;686,00;6.437.545,00;354,00;2.286.545,00;21.027,00;1.170.214,00;8.346,00;338.336,00;8.743,00;4.051.023,00;19.034,00;3.040.536,00;18.297,00;5.144.800,00;23.353,00;26.490,00;133,00;211.581,00;1.702,00;25.345.728,00;14.136,00;3.959.545,00;4.392,00;88.611,00;35,00;4.069.614,00;2.501,00;559.358,00;815,00;178.328,00;211,00;161.816,16;981,16;11.593.988,00;4.417,00;296.589,00;337,00;4.080,00;11.239.035,00;3.854,00;5.548.106,00;2.605,00;4.270.886,00;3.230,00;5.458.180,00;234,00;3.814.047,00;1.010,00;355.740,00;618,00;994.573,00;315,00;935.975,00;1.254,00;398.899,00;999,00;4.617.066,00;1.583,00;314.939,00;1.365,00;5.473.196,00;1.619,00;841.281,00;335,00;427.393,00;34,00;147.804,00;402,00;0,00;0,00;56.461,00;299,00;3.904.057,00;1.945,00;1.568.686,00;1.317,00;115.952,00;826,00;25.142,00;77.773,00;1.401,10;2.049,00;4.392,00;72.621,18;4.320,50;68.300,68;98.400,02;33.623,63;13.189,09;3.604,99;12.260,85;2.926,36;30.739.632,60;8.557,10;106,52;188,03;1,03;0,83;9,56;11,42;63,93;0,00;0,00;29,83;7.708,70;3.596,91;;29.428,90;50,50;;190.208,00;39,14;;171.832,00;52.314,00;134%;1,23;3%;2.424.690,00;2.836,00;6.566.279,00;356,00;4.728.901,00;275,00;5.401.851,00;3.001,00;0,00;0,00;0,00;0,00;340.359,00;0,00;17.418,00;0,00;0,00;0,00;0,00;0,00;0,00;417.021,30;94.486.766,00;39.835,00;46.312,60;;4.280,00;5.765,00;39.115,00;49.566,00;90.511,20;245.882,46;0,00;0,00;0,00;245.882,46;336.393,66;1.739.514,86;5.778.115,43;;;;;;;;;;;;;;;;;;;;;;;;;;;;;;;;;;;;
04/07/2025;6.392,30;1.486,99;6.390,57;1.487,40;1.359,70;766,95;9.545,45;12.978.948,37;190,91;16.779,99;3.934,05;9.545,45;160.172.574,64;37.904,98;22.504.971,00;8.812.415,00;1,00;22.504.971,00;135.743,16;135.552,25;173.457,23;165.443,00;8.014,23;27.623.226,00;12.700,00;103.673,00;74,00;442.044,00;189,00;13.558.043,00;8.213,00;37.547.720,00;22.940,00;26.632.852,00;15.990,00;239.165,00;124,00;839.091,00;654,00;6.441.068,00;3.523,00;2.306.041,00;19.496,00;1.177.879,00;7.665,00;346.340,00;8.004,00;4.070.535,00;19.512,00;3.063.080,00;22.544,00;5.174.350,00;29.550,00;26.642,00;152,00;213.019,00;1.438,00;25.360.226,00;14.498,00;3.963.927,00;4.382,00;88.646,00;35,00;4.072.045,00;2.431,00;560.212,00;854,00;178.470,00;142,00;162.818,00;1.001,84;11.598.932,00;4.944,00;296.880,00;291,00;4.653,00;11.243.084,00;4.049,00;5.551.052,00;2.946,00;4.274.597,00;3.711,00;5.461.322,00;3.142,00;3.814.968,00;921,00;355.870,00;130,00;994.728,00;155,00;937.218,00;1.243,00;399.557,00;658,00;4.618.599,00;1.533,00;316.662,00;1.723,00;5.474.791,00;1.595,00;841.605,00;324,00;427.580,00;187,00;148.139,00;335,00;0,00;0,00;56.764,00;303,00;3.906.022,00;1.965,00;1.570.032,00;1.346,00;116.703,00;751,00;30.450,00;87.275,00;1.659,40;1.941,00;4.382,00;78.199,83;4.234,50;73.965,33;139.565,92;41.165,90;19.184,14;5.995,05;14.636,78;2.375,93;30.750.009,70;10.377,10;144,91;135,32;1,71;0,68;11,71;14,09;67,54;0,00;0,00;30,99;8.412,35;3.859,92;;29.493,60;64,70;;245.248,00;55,04;;213.440,00;41.608,00;76%;-0,75;-1%;2.429.210,00;4.520,00;6.566.769,00;490,00;4.729.646,00;745,00;5.404.875,00;3.024,00;0,00;0,00;0,00;0,00;340.359,00;0,00;17.425,00;7,00;0,00;0,00;0,00;0,00;0,00;417.021,30;94.526.378,00;39.612,00;46.344,00;;4.280,00;5.840,00;39.132,00;49.566,00;109.620,00;266.275,20;0,00;0,00;0,00;266.275,20;375.895,20;2.386.646,00;8.164.761,43;;;;;;;;;;;;;;;;;;;;;;;;;;;;;;;;;;;;
05/07/2025;6.395,48;1.486,99;6.393,75;1.487,40;1.360,16;767,44;9.545,45;12.983.339,27;4.390,91;16.783,17;3.934,05;9.545,45;160.202.948,26;30.373,62;22.639.023,00;8.868.091,00;1,00;22.639.023,00;134.052,00;129.661,09;160.034,71;151.059,00;8.975,71;27.633.832,00;10.606,00;103.742,00;69,00;442.197,00;153,00;13.565.993,00;7.950,00;37.570.116,00;22.396,00;26.647.276,00;14.424,00;239.289,00;124,00;839.709,00;618,00;6.443.964,00;2.896,00;2.322.799,00;16.758,00;1.183.858,00;5.979,00;353.208,00;6.868,00;4.087.266,00;16.731,00;3.083.895,00;20.815,00;5.201.599,00;27.249,00;26.791,00;149,00;214.465,00;1.446,00;25.374.356,00;14.130,00;3.968.193,00;4.266,00;88.681,00;35,00;4.074.299,00;2.254,00;560.699,00;487,00;178.640,00;170,00;163.778,00;960,00;11.603.663,00;4.731,00;297.152,00;272,00;4.459,00;11.247.289,00;4.205,00;5.553.777,00;2.725,00;4.277.718,00;3.121,00;5.463.879,00;2.557,00;3.815.859,00;891,00;355.963,00;93,00;994.816,00;88,00;938.354,00;1.136,00;400.212,00;655,00;4.620.036,00;1.437,00;318.543,00;1.881,00;5.476.171,00;1.380,00;841.917,00;312,00;427.748,00;168,00;148.477,00;338,00;0,00;0,00;57.047,00;283,00;3.908.151,00;2.129,00;1.571.632,00;1.600,00;117.386,00;683,00;28.635,00;77.642,00;803,40;1.547,00;4.266,00;75.776,31;4.222,00;71.554,31;171.548,50;31.982,58;23.491,42;4.307,28;16.816,54;2.179,76;30.758.046,80;8.037,10;112,01;60,03;1,23;0,62;9,10;10,94;67,00;0,00;0,00;28,48;7.459,63;3.170,90;;29.542,60;49,00;;285.104,00;39,86;;253.752,00;40.312,00;101%;-4,09;-10%;2.430.333,00;1.123,00;6.567.011,00;242,00;4.729.744,00;98,00;5.405.341,00;466,00;0,00;0,00;0,00;0,00;340.359,00;0,00;17.425,00;0,00;0,00;0,00;0,00;0,00;0,00;417.021,30;94.565.630,00;39.252,00;46.375,60;;4.280,00;5.911,00;39.144,00;49.566,00;103.086,00;257.595,53;0,00;0,00;0,00;257.595,53;360.681,53;2.250.504,00;10.415.265,43;;;;;;;;;;;;;;;;;;;;;;;;;;;;;;;;;;;;
06/07/2025;6.399,18;1.486,99;6.397,45;1.487,40;1.360,16;767,74;9.545,45;12.983.339,27;0,00;16.786,88;3.934,05;9.545,45;160.238.275,97;35.327,71;22.780.028,02;8.929.628,04;1,00;22.780.028,02;141.005,02;141.005,02;176.332,73;164.371,00;11.961,73;27.645.216,00;11.384,00;103.807,00;65,00;442.346,00;149,00;13.573.871,00;7.878,00;37.593.072,00;22.956,00;26.663.142,00;15.866,00;239.411,00;122,00;840.405,00;696,00;6.447.394,00;3.430,00;2.343.695,00;20.896,00;1.192.159,00;8.301,00;361.945,00;8.737,00;4.106.079,00;18.813,00;3.102.455,00;18.560,00;5.237.607,00;36.008,00;26.927,00;136,00;215.990,00;1.525,00;25.386.366,00;12.010,00;3.971.843,00;3.650,00;88.716,00;35,00;4.075.915,00;1.616,00;560.933,00;234,00;178.666,00;26,00;164.740,23;962,23;11.606.438,00;2.775,00;297.154,00;2,00;2.773,00;11.250.959,00;3.670,00;5.556.919,00;3.142,00;4.281.647,00;3.929,00;5.467.077,00;3.198,00;3.816.782,00;923,00;356.055,00;92,00;994.901,00;85,00;939.277,00;923,00;400.862,00;650,00;4.621.662,00;1.626,00;320.299,00;1.756,00;5.477.753,00;1.582,00;842.288,00;371,00;427.842,00;94,00;148.884,00;407,00;0,00;0,00;57.334,00;287,00;3.910.224,00;2.073,00;1.573.206,00;1.574,00;117.981,00;595,00;29.730,00;90.419,00;1.241,80;958,00;3.650,00;80.063,93;3.763,00;76.300,93;204.904,30;33.355,80;29.892,72;6.401,30;16.816,54;0,00;30.766.780,90;8.734,10;160,78;0,87;1,82;0,00;9,49;11,31;65,00;0,00;0,00;28,62;7.512,35;3.307,75;;29.592,20;49,60;;325.920,00;40,82;;294.780,00;41.028,00;101%;-3,90;-10%;2.434.003,00;3.670,00;6.568.590,00;1.579,00;4.729.744,00;0,00;5.408.116,00;2.775,00;0,00;0,00;0,00;0,00;340.359,00;0,00;17.425,00;0,00;0,00;0,00;0,00;0,00;0,00;417.021,30;94.605.515,00;39.885,00;46.407,00;;4.280,00;5.980,00;39.154,65;49.566,00;107.028,00;274.683,35;0,00;0,00;0,00;274.683,35;381.711,35;1.992.418,28;12.407.683,71;;;;;;;;;;;;;;;;;;;;;;;;;;;;;;;;;;;;
07/07/2025;6.401,86;1.486,99;6.400,13;1.487,40;1.360,17;768,12;9.545,45;12.983.434,73;95,45;16.789,54;3.934,05;9.545,45;160.263.743,23;25.467,26;22.916.587,74;8.981.350,93;1,00;22.916.587,74;136.559,72;136.464,27;161.931,53;155.340,00;6.591,53;27.655.242,00;10.026,00;103.903,00;96,00;442.545,00;199,00;13.581.265,00;7.394,00;37.615.880,00;22.808,00;26.677.762,00;14.620,00;239.534,00;123,00;841.143,00;738,00;6.450.377,00;2.983,00;2.364.024,00;20.329,00;1.200.472,00;8.313,00;370.780,00;8.835,00;4.125.496,00;19.417,00;3.117.640,00;15.185,00;5.272.230,00;34.623,00;27.068,00;141,00;217.269,00;1.279,00;25.397.304,00;10.938,00;3.973.739,00;1.896,00;88.751,00;35,00;4.078.325,00;2.410,00;561.754,00;821,00;178.867,00;201,00;165.644,25;904,02;11.608.652,00;2.214,00;297.442,00;288,00;1.926,00;11.255.179,00;4.220,00;5.559.780,00;2.861,00;4.285.176,00;3.529,00;5.469.730,00;2.653,00;3.817.707,00;925,00;356.145,00;90,00;994.984,00;83,00;939.985,00;708,00;401.437,00;575,00;4.623.220,00;1.558,00;322.164,00;1.865,00;5.479.101,00;1.348,00;842.618,00;330,00;428.005,00;163,00;149.206,00;322,00;0,00;0,00;57.637,00;303,00;3.912.057,00;1.833,00;1.574.458,00;1.252,00;118.591,00;610,00;21.600,00;86.373,00;558,80;2.048,00;1.896,00;71.055,73;3.951,00;67.104,73;233.472,39;28.568,09;34.306,12;4.413,40;18.928,32;2.111,78;30.774.121,30;7.340,40;109,54;56,63;1,26;0,60;8,13;9,98;62,00;0,00;0,00;26,58;7.316,81;3.136,79;;29.643,20;51,00;;378.768,00;52,85;;337.289,00;42.509,00;80%;-1,17;-2%;2.436.337,00;2.334,00;6.569.365,00;775,00;4.729.744,00;0,00;5.411.131,00;3.015,00;0,00;0,00;0,00;0,00;340.359,00;0,00;17.425,00;0,00;0,00;0,00;0,00;0,00;0,00;417.021,30;94.646.635,00;41.120,00;46.439,90;;4.280,00;6.061,00;39.170,00;49.566,00;77.760,00;241.577,01;0,00;0,00;0,00;241.577,01;319.337,01;1.494.823,01;13.902.506,72;;;;;;;;;;;;;;;;;;;;;;;;;;;;;;;;;;;;
08/07/2025;6.405,52;1.486,99;6.403,79;1.487,40;1.360,17;768,51;9.545,45;12.983.434,73;0,00;16.793,21;3.934,05;9.545,45;160.298.698,67;34.955,44;23.054.565,70;9.035.863,86;1,00;23.054.565,70;137.977,96;137.977,96;172.933,40;162.684,00;10.249,40;27.667.102,00;11.860,00;103.983,00;80,00;442.729,00;184,00;13.589.241,00;7.976,00;37.639.052,00;23.172,00;26.691.134,00;13.372,00;239.663,00;129,00;841.856,00;713,00;6.452.477,00;2.100,00;2.384.399,00;20.375,00;1.208.757,00;8.285,00;379.553,00;8.773,00;4.144.296,00;18.800,00;3.135.643,00;18.003,00;5.307.480,00;35.250,00;27.204,00;136,00;218.568,00;1.299,00;25.411.180,00;13.876,00;3.977.759,00;4.020,00;88.786,00;35,00;4.080.792,00;2.467,00;562.596,00;842,00;179.110,00;243,00;166.672,02;1.027,77;11.613.042,00;4.390,00;297.895,00;453,00;3.937,00;11.259.012,00;3.833,00;5.562.748,00;2.968,00;4.288.241,00;3.065,00;5.471.473,00;1.743,00;3.818.655,00;948,00;356.245,00;100,00;995.331,00;347,00;941.133,00;1.148,00;402.194,00;757,00;4.624.127,00;907,00;323.864,00;1.700,00;5.480.586,00;1.485,00;842.949,00;331,00;428.189,00;184,00;149.535,00;329,00;0,00;0,00;57.937,00;300,00;3.913.899,00;1.842,00;1.575.653,00;1.195,00;119.419,00;828,00;25.778,00;89.111,00;1.447,60;2.251,00;4.020,00;76.103,80;4.203,50;71.900,30;268.792,63;35.320,24;38.329,09;4.022,97;24.561,22;5.632,90;30.783.548,70;9.427,40;100,63;235,54;1,14;1,60;10,05;12,79;66,00;0,00;0,00;27,97;7.614,27;3.226,84;;29.700,40;57,20;;416.544,00;37,78;;379.074,00;41.785,00;111%;1,82;5%;2.441.418,00;5.081,00;6.569.654,00;289,00;4.730.127,00;383,00;5.411.324,00;193,00;0,00;0,00;0,00;0,00;340.359,00;0,00;17.425,00;0,00;0,00;0,00;0,00;0,00;0,00;417.021,30;94.686.853,00;40.218,00;46.472,10;;4.280,00;6.156,60;39.185,00;49.566,00;92.800,80;258.841,07;0,00;0,00;0,00;258.841,07;351.641,87;1.794.242,04;15.696.748,76;;;;;;;;;;;;;;;;;;;;;;;;;;;;;;;;;;;;
09/07/2025;6.408,99;1.486,99;6.407,26;1.487,40;1.360,17;768,91;9.545,45;12.983.434,73;0,00;16.796,67;3.934,05;9.545,45;160.331.792,74;33.094,08;23.191.335,48;9.090.296,78;1,00;23.191.335,48;136.769,78;136.769,78;169.863,86;161.335,00;8.528,86;27.676.684,00;9.582,00;104.076,00;93,00;442.946,00;217,00;13.597.255,00;8.014,00;37.662.440,00;23.388,00;26.705.088,00;13.954,00;239.797,00;134,00;842.585,00;729,00;6.453.461,00;984,00;2.404.777,00;20.378,00;1.217.119,00;8.362,00;388.335,00;8.782,00;4.162.775,00;18.479,00;3.154.007,00;18.364,00;5.343.730,00;36.250,00;27.336,00;132,00;219.851,00;1.283,00;25.424.106,00;12.926,00;3.980.806,00;3.047,00;88.821,00;35,00;4.083.080,00;2.288,00;563.194,00;598,00;179.331,00;221,00;167.693,93;1.021,91;11.617.610,00;4.568,00;298.411,00;516,00;4.052,00;11.262.670,00;3.658,00;5.565.662,00;2.914,00;4.291.441,00;3.200,00;5.472.190,00;717,00;3.819.738,00;1.083,00;356.374,00;129,00;996.257,00;926,00;942.569,00;1.436,00;402.857,00;663,00;4.625.466,00;1.339,00;325.663,00;1.799,00;5.482.107,00;1.521,00;843.338,00;389,00;428.318,00;129,00;149.846,00;311,00;0,00;0,00;58.237,00;300,00;3.915.646,00;1.747,00;1.576.749,00;1.096,00;120.087,00;668,00;24.819,00;90.237,00;1.649,50;2.064,00;3.047,00;72.866,36;3.859,00;69.007,36;295.353,34;26.560,71;43.290,63;4.961,54;28.032,77;3.471,55;30.790.450,60;6.901,90;117,43;228,23;1,41;0,99;7,55;9,95;68,00;0,00;0,00;29,01;7.740,38;3.302,18;;29.752,50;52,10;;457.600,00;41,06;;421.680,00;42.606,00;104%;3,72;9%;2.446.036,00;4.618,00;6.569.949,00;295,00;4.730.233,00;106,00;5.414.391,00;3.067,00;0,00;0,00;0,00;0,00;340.359,00;0,00;17.425,00;0,00;0,00;0,00;0,00;0,00;0,00;417.021,30;94.726.532,00;39.679,00;46.504,50;;4.280,00;6.241,60;39.199,00;49.566,00;89.348,40;248.426,48;0,00;0,00;0,00;248.426,48;337.774,88;2.026.319,69;17.723.068,45;;;;;;;;;;;;;;;;;;;;;;;;;;;;;;;;;;;;
10/07/2025;6.412,44;1.486,99;6.410,71;1.487,40;1.360,17;769,35;9.545,45;12.983.434,73;0,00;16.800,12;3.934,05;9.545,45;160.364.705,45;32.912,71;23.329.745,79;9.144.337,57;1,00;23.329.745,79;138.410,31;138.410,31;171.323,02;161.329,00;9.994,02;27.687.538,00;10.854,00;104.152,00;76,00;443.161,00;215,00;13.605.041,00;7.786,00;37.685.732,00;23.292,00;26.720.164,00;15.076,00;239.926,00;129,00;843.288,00;703,00;6.457.771,00;4.310,00;2.424.785,00;20.008,00;1.225.177,00;8.058,00;397.078,00;8.743,00;4.181.407,00;18.632,00;3.173.296,00;19.289,00;5.378.392,00;34.662,00;27.474,00;138,00;221.193,00;1.342,00;25.435.836,00;11.730,00;3.981.630,00;824,00;88.857,00;36,00;4.085.420,00;2.340,00;563.878,00;684,00;179.478,00;147,00;168.728,10;1.034,17;11.622.725,00;5.115,00;298.929,00;518,00;4.597,00;11.266.663,00;3.993,00;5.567.697,00;2.035,00;4.293.511,00;2.070,00;5.475.931,00;3.741,00;3.820.758,00;1.020,00;356.467,00;93,00;996.371,00;114,00;943.818,00;1.249,00;403.469,00;612,00;4.627.107,00;1.641,00;327.421,00;1.758,00;5.483.533,00;1.426,00;843.747,00;409,00;428.621,00;303,00;150.188,00;342,00;0,00;0,00;58.532,00;295,00;3.917.381,00;1.735,00;1.577.797,00;1.048,00;120.977,00;890,00;20.356,00;89.384,00;1.247,50;2.052,00;824,00;77.815,52;4.090,00;73.725,52;327.106,47;31.753,13;47.481,77;4.191,14;35.117,36;7.084,59;30.798.788,90;8.338,30;127,46;223,61;1,19;2,01;9,03;12,24;66,00;0,00;0,00;29,06;7.613,17;3.352,10;;29.830,50;78,00;;530.048,00;72,45;;467.732,00;46.052,00;64%;4,67;6%;2.448.778,00;2.742,00;6.571.160,00;1.211,00;4.732.009,00;1.776,00;5.415.221,00;830,00;0,00;0,00;0,00;0,00;340.359,00;0,00;17.426,00;1,00;0,00;0,00;0,00;0,00;0,00;417.021,30;94.765.268,00;38.736,00;46.534,80;;4.280,00;6.321,00;39.214,00;49.566,00;73.281,60;265.411,88;0,00;0,00;0,00;265.411,88;338.693,48;2.044.178,91;19.767.247,36;;;;;;;;;;;;;;;;;;;;;;;;;;;;;;;;;;;;
11/07/2025;6.416,20;1.486,99;6.414,47;1.487,40;1.360,17;769,72;9.545,45;12.983.434,73;0,00;16.803,88;3.934,05;9.545,45;160.400.634,53;35.929,07;23.464.442,00;9.199.504,00;1,00;23.464.442,00;134.696,21;134.696,21;170.625,28;164.704,00;5.921,28;27.698.166,00;10.628,00;104.236,00;84,00;443.372,00;211,00;13.613.349,00;8.308,00;37.709.048,00;23.316,00;26.734.648,00;14.484,00;240.053,00;127,00;843.978,00;690,00;6.459.125,00;1.354,00;2.445.057,00;20.272,00;1.233.248,00;8.071,00;405.853,00;8.775,00;4.199.426,00;18.019,00;3.192.349,00;19.053,00;5.415.214,00;36.822,00;27.611,00;137,00;222.616,00;1.423,00;25.449.638,00;13.802,00;3.984.994,00;3.364,00;88.892,00;35,00;4.087.870,00;2.450,00;564.671,00;793,00;179.706,00;228,00;169.730,00;1.001,90;11.627.245,00;4.520,00;299.436,00;507,00;4.013,00;11.270.812,00;4.149,00;5.570.664,00;2.967,00;4.296.868,00;3.357,00;5.477.074,00;1.143,00;3.821.802,00;1.044,00;356.769,00;302,00;996.968,00;597,00;945.172,00;1.354,00;404.260,00;791,00;4.628.629,00;1.522,00;329.230,00;1.809,00;5.485.040,00;1.507,00;844.145,00;398,00;428.707,00;86,00;150.557,00;369,00;0,00;0,00;58.827,00;295,00;3.919.182,00;1.801,00;1.578.969,00;1.172,00;121.699,00;722,00;26.161,00;90.740,00;1.731,70;2.218,00;3.364,00;72.571,58;4.043,00;68.528,58;357.155,13;30.048,66;52.552,57;5.070,80;38.258,88;3.141,52;30.806.814,70;8.025,80;128,83;197,37;1,44;0,89;8,55;10,88;65,93;0,00;0,00;30,62;8.056,39;3.741,65;;29.892,30;61,80;;583.616,00;53,57;;514.896,00;47.164,00;88%;12,15;23%;2.452.562,00;3.784,00;6.572.684,00;1.524,00;4.734.540,00;2.531,00;5.417.176,00;1.955,00;0,00;0,00;0,00;0,00;340.359,00;0,00;17.426,00;0,00;0,00;0,00;0,00;0,00;0,00;417.021,30;94.804.881,00;39.613,00;46.566,20;;4.280,00;6.405,00;39.231,00;49.566,00;94.179,60;246.702,90;0,00;0,00;0,00;246.702,90;340.882,50;2.070.423,00;21.837.670,36;;;;;;;;;;;;;;;;;;;;;;;;;;;;;;;;;;;;
12/07/2025;6.418,87;1.486,99;6.417,14;1.487,40;1.360,17;770,14;9.545,45;12.983.434,73;0,00;16.806,55;3.934,05;9.545,45;160.426.101,79;25.467,26;23.603.373,00;9.251.626,00;1,00;23.603.373,00;138.931,00;138.931,00;164.398,26;153.913,00;10.485,26;27.710.052,00;11.886,00;104.310,00;74,00;443.548,00;176,00;13.621.430,00;8.081,00;37.732.228,00;23.180,00;26.748.366,00;13.718,00;240.180,00;127,00;844.633,00;655,00;6.459.815,00;690,00;2.465.519,00;20.462,00;1.241.324,00;8.076,00;414.606,00;8.753,00;4.216.688,00;17.262,00;3.210.864,00;18.515,00;5.442.657,00;27.443,00;27.742,00;131,00;224.131,00;1.515,00;25.463.004,00;13.366,00;3.988.804,00;3.810,00;88.927,00;35,00;4.090.008,00;2.138,00;565.240,00;569,00;179.808,00;102,00;170.737,00;1.007,00;11.631.412,00;4.167,00;299.749,00;313,00;3.854,00;11.274.635,00;3.823,00;5.573.589,00;2.925,00;4.300.324,00;3.456,00;5.477.633,00;559,00;3.822.799,00;997,00;356.954,00;185,00;997.582,00;614,00;946.497,00;1.325,00;404.957,00;697,00;4.630.244,00;1.615,00;331.145,00;1.915,00;5.486.634,00;1.594,00;844.499,00;354,00;428.747,00;40,00;150.928,00;371,00;0,00;0,00;59.128,00;301,00;3.921.034,00;1.852,00;1.580.236,00;1.267,00;122.385,00;686,00;26.066,00;80.049,00;1.316,30;1.639,00;3.810,00;77.583,96;3.908,00;73.675,96;392.762,00;35.606,87;57.342,82;4.790,25;39.940,79;1.681,91;30.816.055,00;9.240,30;118,52;121,44;1,36;0,48;10,13;11,97;64,83;0,00;0,00;29,05;7.844,29;3.514,99;;29.944,70;52,40;;624.304,00;40,69;;565.660,00;50.764,00;125%;16,73;41%;2.456.545,00;3.983,00;6.573.053,00;369,00;4.734.963,00;423,00;5.419.962,00;2.786,00;0,00;0,00;0,00;0,00;340.359,00;0,00;17.432,00;6,00;0,00;0,00;0,00;0,00;0,00;417.021,30;94.844.827,00;39.946,00;46.597,90;;4.280,00;6.489,00;39.247,00;49.566,00;93.837,60;265.233,46;0,00;0,00;0,00;265.233,46;359.071,06;1.935.684,00;23.773.354,36;;;;;;;;;;;;;;;;;;;;;;;;;;;;;;;;;;;;
13/07/2025;6.423,01;1.486,99;6.421,28;1.487,40;1.360,17;770,47;9.545,45;12.983.434,73;0,00;16.810,70;3.934,05;9.545,45;160.465.648,59;39.546,80;23.742.267,60;9.309.775,37;1,00;23.742.267,60;138.894,60;138.894,60;178.441,40;166.883,00;11.558,40;27.723.466,00;13.414,00;104.376,00;66,00;443.669,00;121,00;13.629.688,00;8.258,00;37.755.520,00;23.292,00;26.764.420,00;16.054,00;240.308,00;128,00;845.330,00;697,00;6.463.304,00;3.489,00;2.486.061,00;20.542,00;1.249.412,00;8.088,00;423.370,00;8.764,00;4.237.949,00;21.261,00;3.233.578,00;22.714,00;5.470.481,00;27.824,00;27.879,00;137,00;225.565,00;1.434,00;25.476.528,00;13.524,00;3.992.590,00;3.786,00;88.962,00;35,00;4.091.729,00;1.721,00;565.491,00;251,00;179.849,00;41,00;171.699,00;962,00;11.636.127,00;4.715,00;299.786,00;37,00;4.678,00;11.278.599,00;3.964,00;5.576.918,00;3.329,00;4.304.117,00;3.793,00;5.480.899,00;3.266,00;3.823.697,00;898,00;357.078,00;124,00;997.697,00;115,00;947.669,00;1.172,00;405.659,00;702,00;4.631.840,00;1.596,00;332.982,00;1.837,00;5.488.457,00;1.823,00;844.822,00;323,00;428.834,00;87,00;151.228,00;300,00;0,00;0,00;59.414,00;286,00;3.922.769,00;1.735,00;1.581.449,00;1.213,00;122.921,00;536,00;30.493,00;88.651,00;1.563,50;1.026,00;3.786,00;83.414,90;3.417,50;79.997,40;435.374,40;42.612,40;62.268,21;4.925,39;39.940,79;0,00;30.827.037,80;10.982,80;122,33;0,92;1,40;0,00;12,12;13,52;66,13;0,00;0,00;31,37;8.062,66;3.824,67;;29.986,50;41,80;;653.840,00;29,54;;610.256,00;44.596,00;151%;10,28;35%;2.459.502,00;2.957,00;6.573.209,00;156,00;4.735.232,00;269,00;5.420.849,00;887,00;0,00;0,00;0,00;0,00;340.359,00;0,00;17.432,00;0,00;0,00;0,00;0,00;0,00;0,00;417.021,30;94.884.630,00;39.803,00;46.629,50;;4.280,00;6.565,00;39.262,00;49.566,00;109.774,80;287.990,64;0,00;0,00;0,00;287.990,64;397.765,44;2.633.700,84;26.407.055,20;;;;;;;;;;;;;;;;;;;;;;;;;;;;;;;;;;;;
14/07/2025;6.428,29;1.486,99;6.426,55;1.487,40;1.360,17;770,93;9.545,45;12.983.434,73;0,00;16.815,96;3.934,05;9.545,45;160.515.905,38;50.256,79;23.879.555,30;9.374.242,04;1,00;23.879.555,30;137.287,70;137.287,70;187.544,49;178.035,00;9.509,49;27.737.732,00;14.266,00;104.453,00;77,00;443.854,00;185,00;13.637.948,00;8.260,00;37.778.676,00;23.156,00;26.780.232,00;15.812,00;240.437,00;129,00;845.928,00;598,00;6.466.775,00;3.471,00;2.506.724,00;20.663,00;1.257.610,00;8.198,00;432.190,00;8.820,00;4.268.047,00;30.098,00;3.257.605,00;24.027,00;5.497.482,00;27.001,00;28.019,00;140,00;227.022,00;1.457,00;25.491.280,00;14.752,00;3.996.451,00;3.861,00;88.997,00;35,00;4.094.215,00;2.486,00;566.279,00;788,00;180.057,00;208,00;172.759,63;1.060,63;11.641.034,00;4.907,00;300.309,00;523,00;4.384,00;11.283.042,00;4.443,00;5.579.981,00;3.063,00;4.307.943,00;3.826,00;5.483.810,00;2.911,00;3.824.670,00;973,00;357.173,00;95,00;997.812,00;115,00;948.833,00;1.164,00;406.373,00;714,00;4.633.474,00;1.634,00;334.760,00;1.778,00;5.490.100,00;1.643,00;845.206,00;384,00;429.146,00;312,00;151.597,00;369,00;0,00;0,00;59.720,00;306,00;3.924.659,00;1.890,00;1.582.688,00;1.239,00;123.584,00;663,00;31.844,00;98.144,00;1.362,30;2.117,00;3.861,00;82.060,19;4.102,00;77.958,19;480.474,34;45.099,94;69.131,93;6.863,72;46.776,09;6.835,30;30.838.864,30;11.826,50;161,32;175,89;1,95;1,94;12,83;16,72;65,18;0,00;0,00;29,66;8.172,08;3.718,69;;30.053,70;67,20;;714.512,00;60,67;;653.552,00;43.296,00;71%;8,55;14%;2.462.121,00;2.619,00;6.573.603,00;394,00;4.735.234,00;2,00;5.421.827,00;978,00;0,00;0,00;0,00;0,00;340.359,00;0,00;17.432,00;0,00;0,00;0,00;0,00;0,00;0,00;417.021,30;94.924.408,00;39.778,00;46.661,00;;4.280,00;6.642,00;39.276,00;49.566,00;114.638,40;280.649,50;0,00;0,00;0,00;280.649,50;395.287,90;2.535.588,84;28.942.644,04;;;;;;;;;;;;;;;;;;;;;;;;;;;;;;;;;;;;
15/07/2025;6.431,71;1.486,99;6.429,97;1.487,40;1.360,17;771,15;9.545,45;12.983.434,73;0,00;16.819,38;3.934,05;9.545,45;160.548.531,73;32.626,35;24.016.624,44;9.432.084,39;1,00;24.016.624,44;137.069,14;137.069,14;169.695,49;160.921,00;8.774,49;27.747.352,00;9.620,00;104.527,00;74,00;444.060,00;206,00;13.645.677,00;7.729,00;37.801.884,00;23.208,00;26.794.426,00;14.194,00;240.572,00;135,00;846.533,00;605,00;6.470.594,00;3.819,00;2.527.190,00;20.466,00;1.265.794,00;8.184,00;440.964,00;8.774,00;4.298.007,00;29.960,00;3.274.385,00;16.780,00;5.523.472,00;25.990,00;28.160,00;141,00;228.586,00;1.564,00;25.504.254,00;12.974,00;3.999.817,00;3.366,00;89.033,00;36,00;4.096.692,00;2.477,00;567.122,00;843,00;180.221,00;164,00;173.775,90;1.016,27;11.644.329,00;3.295,00;300.801,00;492,00;2.803,00;11.287.342,00;4.300,00;5.582.599,00;2.618,00;4.311.427,00;3.484,00;5.487.134,00;3.324,00;3.825.616,00;946,00;357.276,00;103,00;997.897,00;85,00;949.638,00;805,00;407.046,00;673,00;4.634.184,00;710,00;336.608,00;1.848,00;5.491.518,00;1.418,00;845.563,00;357,00;429.403,00;257,00;151.992,00;395,00;0,00;0,00;60.021,00;301,00;3.926.483,00;1.824,00;1.583.854,00;1.166,00;124.332,00;748,00;22.935,00;89.688,00;819,50;2.104,00;3.366,00;73.717,99;4.111,50;69.606,49;506.404,22;25.929,88;71.837,97;2.706,04;54.304,90;7.528,81;30.845.577,40;6.713,10;60,46;212,42;0,77;2,14;7,37;10,29;61,88;0,00;0,00;27,57;7.347,83;3.273,75;;30.117,50;63,80;;769.696,00;55,18;;701.610,00;48.058,00;87%;6,79;12%;2.464.163,00;2.042,00;6.574.033,00;430,00;4.735.413,00;179,00;5.423.609,00;1.782,00;0,00;0,00;0,00;0,00;340.359,00;0,00;17.432,00;0,00;0,00;0,00;0,00;0,00;0,00;417.021,30;94.964.175,00;39.767,00;46.692,70;;4.280,00;6.742,00;39.290,10;49.566,00;82.566,00;250.583,36;0,00;0,00;0,00;250.583,36;333.149,36;1.599.800,00;30.542.444,04;;;;;;;;;;;;;;;;;;;;;;;;;;;;;;;;;;;;
16/07/2025;6.434,21;1.486,99;6.432,47;1.487,40;1.360,19;771,54;9.545,45;12.983.625,64;190,91;16.821,87;3.934,05;9.545,45;160.572.357,17;23.825,44;24.154.144,89;9.487.061,80;1,00;24.154.144,89;137.520,45;137.329,54;161.154,98;153.000,00;8.154,98;27.755.346,00;7.994,00;104.612,00;85,00;444.247,00;187,00;13.653.669,00;7.992,00;37.825.116,00;23.232,00;26.809.934,00;15.508,00;240.702,00;130,00;847.141,00;608,00;6.475.363,00;4.769,00;2.539.639,00;12.449,00;1.273.959,00;8.165,00;441.566,00;602,00;4.326.084,00;28.077,00;3.289.980,00;15.595,00;5.553.263,00;29.791,00;28.302,00;142,00;229.770,00;1.184,00;25.516.616,00;12.362,00;4.003.582,00;3.765,00;89.073,00;40,00;4.099.115,00;2.423,00;567.858,00;736,00;180.382,00;161,00;174.837,56;1.061,66;11.647.203,00;2.874,00;301.282,00;481,00;2.393,00;11.290.845,00;3.503,00;5.585.814,00;3.215,00;4.314.967,00;3.540,00;5.491.343,00;4.209,00;3.826.575,00;959,00;357.413,00;137,00;998.002,00;105,00;950.455,00;817,00;407.755,00;709,00;4.635.002,00;818,00;338.339,00;1.731,00;5.492.851,00;1.333,00;845.914,00;351,00;429.693,00;290,00;152.259,00;267,00;0,00;0,00;60.316,00;295,00;3.928.445,00;1.962,00;1.585.179,00;1.325,00;124.985,00;653,00;23.640,00;82.230,00;1.036,50;1.986,00;3.765,00;72.137,48;4.121,50;68.015,98;527.089,70;20.685,48;75.580,27;3.742,30;63.433,42;9.128,52;30.851.175,00;5.597,60;112,28;254,90;1,06;2,60;5,88;9,54;64,00;0,00;0,00;29,54;7.765,07;3.584,07;;30.187,50;70,00;;835.056,00;65,36;;750.700,00;49.090,00;75%;3,70;6%;2.466.392,00;2.229,00;6.574.405,00;372,00;4.735.892,00;479,00;5.425.338,00;1.729,00;0,00;0,00;0,00;0,00;340.359,00;0,00;17.433,00;1,00;0,00;0,00;0,00;0,00;0,00;417.021,30;95.004.565,00;40.390,00;46.724,90;;4.280,00;6.822,00;39.305,00;49.566,00;85.104,00;244.857,54;0,00;0,00;0,00;244.857,54;329.961,54;1.679.948,29;32.222.392,33;;;;;;;;;;;;;;;;;;;;;;;;;;;;;;;;;;;;
17/07/2025;6.437,14;1.486,99;6.435,40;1.487,40;1.360,19;771,89;9.545,45;12.983.625,64;0,00;16.824,80;3.934,05;9.545,45;160.600.315,80;27.958,62;24.292.169,05;9.544.692,54;1,00;24.292.169,05;138.024,16;138.024,16;165.982,78;157.523,00;8.459,78;27.764.362,00;9.016,00;104.703,00;91,00;444.455,00;208,00;13.661.412,00;7.743,00;37.848.348,00;23.232,00;26.824.736,00;14.802,00;240.837,00;135,00;847.750,00;609,00;6.479.247,00;3.884,00;2.551.338,00;11.699,00;1.282.070,00;8.111,00;441.690,00;124,00;4.355.778,00;29.694,00;3.303.246,00;13.266,00;5.590.056,00;36.793,00;28.430,00;128,00;230.834,00;1.064,00;25.527.894,00;11.278,00;4.006.866,00;3.284,00;89.109,00;36,00;4.101.546,00;2.431,00;568.721,00;863,00;180.572,00;190,00;175.850,00;1.012,44;11.650.295,00;3.092,00;301.808,00;526,00;2.566,00;11.292.915,00;2.070,00;5.589.173,00;3.359,00;4.318.346,00;3.379,00;5.494.699,00;3.356,00;3.827.542,00;967,00;357.561,00;148,00;998.384,00;382,00;951.360,00;905,00;408.475,00;720,00;4.635.871,00;869,00;340.049,00;1.710,00;5.494.170,00;1.319,00;846.263,00;349,00;429.970,00;277,00;152.493,00;234,00;0,00;0,00;60.619,00;303,00;3.930.287,00;1.842,00;1.586.406,00;1.227,00;125.743,00;758,00;23.545,00;87.988,00;715,70;2.188,00;3.284,00;71.807,08;4.118,50;67.688,58;551.886,90;24.797,20;79.044,43;3.464,16;71.670,80;8.237,38;30.857.621,50;6.446,50;80,59;229,16;0,99;2,34;7,05;10,38;58,74;0,00;0,00;26,09;7.513,90;3.337,38;;30.259,30;71,80;;899.280,00;64,22;;799.752,00;49.052,00;76%;5,70;9%;2.468.133,00;1.741,00;6.575.427,00;1.022,00;4.736.423,00;531,00;5.427.251,00;1.913,00;0,00;0,00;0,00;0,00;340.359,00;0,00;17.433,00;0,00;0,00;0,00;0,00;0,00;0,00;417.021,30;95.044.418,00;39.853,00;46.756,70;;4.280,00;6.899,20;39.313,00;49.566,00;84.762,00;243.678,90;0,00;0,00;0,00;243.678,90;328.440,90;1.462.358,19;33.684.750,52;;;;;;;;;;;;;;;;;;;;;;;;;;;;;;;;;;;;
18/07/2025;6.440,11;1.487,00;6.438,36;1.487,41;1.360,20;772,24;9.545,45;12.983.721,09;95,45;16.827,76;3.934,05;9.545,45;160.628.541,69;28.225,90;24.427.940,00;9.600.788,00;1,00;24.427.940,00;135.770,95;135.675,50;163.901,39;158.015,00;5.886,39;27.773.806,00;9.444,00;104.790,00;87,00;444.674,00;219,00;13.668.943,00;7.531,00;37.871.560,00;23.212,00;26.840.254,00;15.518,00;240.962,00;125,00;848.365,00;615,00;6.483.906,00;4.659,00;2.563.047,00;11.709,00;1.289.548,00;7.478,00;441.824,00;134,00;4.385.608,00;29.830,00;3.316.100,00;12.854,00;5.625.495,00;35.439,00;28.567,00;137,00;232.340,00;1.506,00;25.540.372,00;12.478,00;4.010.935,00;4.069,00;89.153,00;44,00;4.104.110,00;2.564,00;569.639,00;918,00;180.745,00;173,00;176.893,00;1.043,00;11.653.209,00;2.914,00;302.124,00;316,00;2.598,00;11.295.610,00;2.695,00;5.592.290,00;3.117,00;4.321.514,00;3.168,00;5.498.786,00;4.087,00;3.828.500,00;958,00;357.701,00;140,00;998.507,00;123,00;952.286,00;926,00;409.218,00;743,00;4.637.004,00;1.133,00;341.659,00;1.610,00;5.495.589,00;1.419,00;846.640,00;377,00;430.270,00;300,00;152.895,00;402,00;0,00;0,00;60.915,00;296,00;3.932.223,00;1.936,00;1.587.724,00;1.318,00;126.458,00;715,00;19.802,00;85.735,00;404,40;2.022,00;4.069,00;71.670,99;4.229,00;67.441,99;579.420,00;27.533,10;83.167,57;4.123,14;80.350,70;8.679,90;30.864.710,30;7.088,80;111,98;219,81;1,17;2,47;7,83;11,47;59,93;0,00;0,00;28,13;7.394,88;3.471,02;;30.338,60;79,30;;972.320,00;73,04;;844.536,00;44.784,00;61%;6,80;9%;2.471.183,00;3.050,00;6.576.260,00;833,00;4.736.808,00;385,00;5.428.930,00;1.679,00;0,00;0,00;0,00;0,00;340.359,00;0,00;17.433,00;0,00;0,00;0,00;0,00;0,00;0,00;417.021,30;95.084.215,00;39.797,00;46.788,30;;4.280,00;6.882,00;39.329,00;49.566,00;71.287,20;242.791,17;0,00;0,00;0,00;242.791,17;314.078,37;1.718.004,00;35.402.754,52;;;;;;;;;;;;;;;;;;;;;;;;;;;;;;;;;;;;
19/07/2025;6.443,62;1.487,00;6.441,88;1.487,41;1.360,20;772,57;9.545,45;12.983.721,09;0,00;16.831,27;3.934,05;9.545,45;160.662.084,40;33.542,71;24.565.618,00;9.657.367,00;1,00;24.565.618,00;137.678,00;137.678,00;171.220,71;162.246,00;8.974,71;27.785.342,00;11.536,00;104.864,00;74,00;444.870,00;196,00;13.677.176,00;8.233,00;37.894.748,00;23.188,00;26.853.784,00;13.530,00;241.090,00;128,00;848.981,00;616,00;6.484.835,00;929,00;2.575.127,00;12.080,00;1.297.722,00;8.174,00;441.959,00;135,00;4.414.339,00;28.731,00;3.334.119,00;18.019,00;5.658.586,00;33.091,00;28.709,00;142,00;233.658,00;1.318,00;25.554.210,00;13.838,00;4.014.768,00;3.833,00;89.189,00;36,00;4.106.394,00;2.284,00;570.210,00;571,00;180.928,00;183,00;177.898,00;1.005,00;11.657.577,00;4.368,00;302.415,00;291,00;4.077,00;11.299.716,00;4.106,00;5.595.343,00;3.053,00;4.325.063,00;3.549,00;5.499.565,00;779,00;3.829.517,00;1.017,00;357.868,00;167,00;999.342,00;835,00;953.748,00;1.462,00;409.841,00;623,00;4.638.415,00;1.411,00;343.415,00;1.756,00;5.496.935,00;1.346,00;847.000,00;360,00;430.323,00;53,00;153.263,00;368,00;0,00;0,00;61.211,00;296,00;3.934.117,00;1.894,00;1.589.060,00;1.336,00;127.103,00;645,00;25.246,00;88.150,00;1.037,50;1.661,00;3.833,00;76.539,21;3.977,00;72.562,21;615.050,00;35.630,00;88.148,39;4.980,82;81.256,43;905,73;30.873.745,00;9.034,70;135,28;158,26;1,42;0,26;10,13;11,81;65,13;0,00;0,00;31,03;8.106,83;3.862,35;;30.383,50;44,90;;1.003.710,00;31,39;;890.828,00;46.292,00;147%;11,18;36%;2.475.044,00;3.861,00;6.576.747,00;487,00;4.737.418,00;610,00;5.430.985,00;2.055,00;0,00;0,00;0,00;0,00;340.359,00;0,00;17.436,00;3,00;0,00;0,00;0,00;0,00;0,00;417.021,30;95.123.750,00;39.535,00;46.819,60;;4.280,00;6.948,00;39.345,00;49.566,00;90.885,60;261.223,96;0,00;0,00;0,00;261.223,96;352.109,56;2.035.279,00;37.438.033,52;;;;;;;;;;;;;;;;;;;;;;;;;;;;;;;;;;;;
20/07/2025;6.447,74;1.487,00;6.446,00;1.487,41;1.360,20;772,96;9.545,45;12.983.721,09;0,00;16.835,39;3.934,05;9.545,45;160.701.392,57;39.308,16;24.705.917,96;9.716.288,59;1,00;24.705.917,96;140.299,96;140.299,96;179.608,12;167.041,00;12.567,12;27.796.680,00;11.338,00;104.941,00;77,00;445.035,00;165,00;13.685.413,00;8.237,00;37.918.176,00;23.428,00;26.869.136,00;15.352,00;241.223,00;133,00;849.584,00;603,00;6.486.796,00;1.961,00;2.586.796,00;11.669,00;1.305.384,00;7.662,00;442.096,00;137,00;4.443.176,00;28.837,00;3.355.030,00;20.911,00;5.692.073,00;33.487,00;28.843,00;134,00;235.086,00;1.428,00;25.567.992,00;13.782,00;4.018.582,00;3.814,00;89.224,00;35,00;4.108.200,00;1.806,00;570.511,00;301,00;180.967,00;39,00;178.888,65;990,65;11.662.266,00;4.689,00;302.473,00;58,00;4.631,00;11.303.474,00;3.758,00;5.598.738,00;3.395,00;4.328.712,00;3.649,00;5.502.900,00;3.335,00;3.830.447,00;930,00;357.997,00;129,00;999.465,00;123,00;954.965,00;1.217,00;410.612,00;771,00;4.639.978,00;1.563,00;345.166,00;1.751,00;5.498.504,00;1.569,00;847.350,00;350,00;430.409,00;86,00;153.679,00;416,00;0,00;0,00;61.505,00;294,00;3.935.916,00;1.799,00;1.590.311,00;1.251,00;127.801,00;698,00;28.736,00;91.034,00;1.234,90;1.001,00;3.814,00;82.524,22;3.694,00;78.830,22;650.250,94;35.200,94;93.137,67;4.989,28;81.794,70;538,27;30.882.551,70;8.806,70;166,49;87,01;1,42;0,15;10,01;11,58;67,13;0,00;0,00;32,26;7.897,41;3.795,18;;30.430,10;46,60;;1.041.100,00;37,39;;936.322,00;45.494,00;122%;14,71;39%;2.478.961,00;3.917,00;6.577.720,00;973,00;4.737.791,00;373,00;5.432.780,00;1.795,00;0,00;0,00;0,00;0,00;340.359,00;0,00;17.436,00;0,00;0,00;0,00;0,00;0,00;0,00;417.021,30;95.163.910,00;40.160,00;46.851,60;;4.280,00;7.025,30;39.358,63;49.566,00;103.449,60;283.788,80;0,00;0,00;0,00;283.788,80;387.238,40;2.413.153,93;39.851.187,45;;;;;;;;;;;;;;;;;;;;;;;;;;;;;;;;;;;;
21/07/2025;6.451,03;1.487,00;6.449,29;1.487,41;1.360,20;773,35;9.545,45;12.983.721,09;0,00;16.838,68;3.934,05;9.545,45;160.732.739,82;31.347,26;24.842.702,65;9.771.554,20;1,00;24.842.702,65;136.784,69;136.784,69;168.131,95;160.407,00;7.724,95;27.807.480,00;10.800,00;105.024,00;83,00;445.226,00;191,00;13.693.148,00;7.735,00;37.941.584,00;23.408,00;26.882.114,00;12.978,00;241.348,00;125,00;850.182,00;598,00;6.488.685,00;1.889,00;2.599.437,00;12.641,00;1.313.412,00;8.028,00;442.225,00;129,00;4.471.849,00;28.673,00;3.375.309,00;20.279,00;5.722.634,00;30.561,00;28.977,00;134,00;236.324,00;1.238,00;25.581.324,00;13.332,00;4.022.185,00;3.603,00;89.259,00;35,00;4.110.712,00;2.512,00;571.351,00;840,00;181.151,00;184,00;179.895,92;1.007,27;11.667.393,00;5.127,00;302.970,00;497,00;4.630,00;11.307.748,00;4.274,00;5.600.672,00;1.934,00;4.331.795,00;3.083,00;5.503.111,00;211,00;3.831.487,00;1.040,00;358.174,00;177,00;1.000.321,00;856,00;956.610,00;1.645,00;411.172,00;560,00;4.641.553,00;1.575,00;346.940,00;1.774,00;5.500.137,00;1.633,00;847.682,00;332,00;430.419,00;10,00;153.953,00;274,00;0,00;0,00;61.800,00;295,00;3.937.891,00;1.975,00;1.591.646,00;1.335,00;128.493,00;692,00;26.187,00;87.670,00;654,80;2.119,00;3.603,00;74.085,15;4.218,00;69.867,15;681.717,06;31.466,12;100.952,08;7.814,41;85.393,93;3.599,23;30.890.790,00;8.238,30;192,63;245,38;2,22;1,02;8,95;12,20;60,93;0,00;0,00;27,54;7.541,80;3.408,85;;30.488,20;58,10;;1.089.840,00;48,74;;990.076,00;53.754,00;110%;29,30;60%;2.483.647,00;4.686,00;6.579.176,00;1.456,00;4.738.571,00;780,00;5.433.925,00;1.145,00;0,00;0,00;0,00;0,00;340.359,00;0,00;17.436,00;0,00;0,00;0,00;0,00;0,00;0,00;417.021,30;95.203.797,00;39.887,00;46.883,20;;4.280,00;7.095,00;39.372,00;49.566,00;94.273,20;251.521,73;0,00;0,00;0,00;251.521,73;345.794,93;2.251.280,50;42.102.467,95;;;;;;;;;;;;;;;;;;;;;;;;;;;;;;;;;;;;
22/07/2025;6.453,61;1.487,00;6.451,86;1.487,41;1.360,20;773,79;9.545,45;12.983.721,09;0,00;16.841,26;3.934,05;9.545,45;160.757.367,09;24.627,26;24.979.341,37;9.826.967,22;1,00;24.979.341,37;136.638,72;136.638,72;161.265,98;153.287,00;7.978,98;27.817.928,00;10.448,00;105.103,00;79,00;445.416,00;190,00;13.700.675,00;7.527,00;37.964.968,00;23.384,00;26.895.576,00;13.462,00;241.479,00;131,00;850.784,00;602,00;6.490.599,00;1.914,00;2.611.754,00;12.317,00;1.321.617,00;8.205,00;442.351,00;126,00;4.499.645,00;27.796,00;3.389.930,00;14.621,00;5.754.260,00;31.626,00;29.116,00;139,00;237.900,00;1.576,00;25.593.430,00;12.106,00;4.026.099,00;3.914,00;89.296,00;37,00;4.113.316,00;2.604,00;572.220,00;869,00;181.350,00;199,00;180.906,10;1.010,18;11.671.942,00;4.549,00;303.363,00;393,00;4.156,00;11.308.624,00;876,00;5.603.578,00;2.906,00;4.335.060,00;3.265,00;5.504.710,00;1.599,00;3.832.458,00;971,00;358.341,00;167,00;1.000.888,00;567,00;957.688,00;1.078,00;411.833,00;661,00;4.642.753,00;1.200,00;348.580,00;1.640,00;5.501.654,00;1.517,00;848.028,00;346,00;430.574,00;155,00;154.293,00;340,00;0,00;0,00;62.097,00;297,00;3.939.604,00;1.713,00;1.592.721,00;1.075,00;129.466,00;973,00;21.415,00;82.374,00;359,20;2.063,00;3.914,00;72.555,78;4.285,00;68.270,78;711.492,75;29.775,69;106.260,46;5.308,38;91.128,11;5.734,18;30.898.988,50;8.198,50;132,53;226,32;1,51;1,63;8,47;11,61;58,74;0,00;0,00;26,87;7.491,46;3.426,89;;30.551,80;63,60;;1.145.410,00;55,57;;1.042.020,00;51.944,00;93%;24,22;44%;2.488.695,00;5.048,00;6.580.034,00;858,00;4.738.888,00;317,00;5.436.180,00;2.255,00;0,00;0,00;0,00;0,00;340.359,00;0,00;17.440,00;4,00;0,00;0,00;0,00;0,00;0,00;417.021,30;95.243.421,00;39.624,00;46.914,90;;4.280,00;7.174,30;39.386,00;49.566,00;77.094,00;245.774,81;0,00;0,00;0,00;245.774,81;322.868,81;1.745.239,39;43.847.707,34;;;;;;;;;;;;;;;;;;;;;;;;;;;;;;;;;;;;
23/07/2025;6.457,07;1.487,00;6.455,28;1.487,41;1.360,20;774,18;9.545,45;12.983.721,09;0,00;16.844,67;3.934,05;9.545,45;160.789.945,71;32.578,62;25.116.580,88;9.885.791,57;1,00;25.116.580,88;137.239,51;137.239,51;169.818,13;160.499,00;9.319,13;27.828.700,00;10.772,00;105.174,00;71,00;445.627,00;211,00;13.708.384,00;7.709,00;37.988.412,00;23.444,00;26.911.512,00;15.936,00;241.606,00;127,00;851.390,00;606,00;6.495.302,00;4.703,00;2.624.168,00;12.414,00;1.329.815,00;8.198,00;442.476,00;125,00;4.528.397,00;28.752,00;3.405.023,00;15.093,00;5.787.123,00;32.863,00;29.248,00;132,00;239.469,00;1.569,00;25.606.946,00;13.516,00;4.030.012,00;3.913,00;89.331,00;35,00;4.115.876,00;2.560,00;573.001,00;781,00;181.665,00;315,00;181.925,75;1.019,65;11.676.105,00;4.163,00;303.689,00;326,00;3.837,00;11.311.678,00;3.054,00;5.606.964,00;3.386,00;4.338.950,00;3.890,00;5.508.871,00;4.161,00;3.833.378,00;920,00;358.490,00;149,00;1.001.003,00;115,00;958.688,00;1.000,00;412.586,00;753,00;4.643.563,00;810,00;350.133,00;1.553,00;5.503.316,00;1.662,00;848.372,00;344,00;430.854,00;280,00;154.672,00;379,00;0,00;0,00;62.397,00;300,00;3.941.289,00;1.685,00;1.593.793,00;1.072,00;129.884,00;418,00;22.564,00;85.031,00;530,90;2.028,00;3.913,00;78.315,23;3.683,00;74.632,23;743.880,30;32.387,55;110.038,33;3.777,87;99.819,68;8.691,57;30.907.417,80;8.429,30;97,35;231,41;1,07;2,47;9,21;12,76;60,88;0,00;0,00;27,83;7.433,13;3.397,90;;30.622,10;70,30;;1.208.380,00;62,97;;1.085.300,00;43.280,00;69%;7,99;13%;2.492.122,00;3.427,00;6.581.397,00;1.363,00;4.739.029,00;141,00;5.436.459,00;279,00;0,00;0,00;0,00;0,00;340.359,00;0,00;17.440,00;0,00;0,00;0,00;0,00;0,00;0,00;417.021,30;95.283.162,00;39.741,00;46.946,70;;4.280,00;7.254,00;39.401,00;49.566,00;81.230,40;268.676,03;0,00;0,00;0,00;268.676,03;349.906,43;1.955.122,42;45.802.829,76;;;;;;;;;;;;;;;;;;;;;;;;;;;;;;;;;;;;
24/07/2025;6.459,82;1.487,00;6.458,07;1.487,41;1.360,21;774,55;9.545,45;12.983.816,54;95,45;16.847,46;3.934,05;9.545,45;160.816.548,88;26.603,17;25.252.772,09;9.939.587,70;1,00;25.252.772,09;136.191,21;136.095,76;162.698,92;155.089,00;7.609,92;27.837.594,00;8.894,00;105.257,00;83,00;445.835,00;208,00;13.716.072,00;7.688,00;38.011.896,00;23.484,00;26.923.974,00;12.462,00;241.735,00;129,00;852.007,00;617,00;6.497.192,00;1.890,00;2.636.326,00;12.158,00;1.338.073,00;8.258,00;442.601,00;125,00;4.557.085,00;28.688,00;3.422.449,00;17.426,00;5.818.646,00;31.523,00;29.393,00;145,00;240.830,00;1.361,00;25.619.712,00;12.766,00;4.033.002,00;2.990,00;89.366,00;35,00;4.118.144,00;2.268,00;573.733,00;732,00;181.823,00;158,00;182.938,03;1.012,28;11.680.787,00;4.682,00;304.020,00;331,00;4.351,00;11.315.199,00;3.521,00;5.609.626,00;2.662,00;4.341.978,00;3.028,00;5.510.561,00;1.690,00;3.834.367,00;989,00;358.641,00;151,00;1.001.098,00;95,00;959.741,00;1.053,00;413.277,00;691,00;4.644.558,00;995,00;351.830,00;1.697,00;5.504.842,00;1.526,00;848.728,00;356,00;430.937,00;83,00;155.010,00;338,00;0,00;0,00;62.696,00;299,00;3.942.978,00;1.689,00;1.594.840,00;1.047,00;130.643,00;759,00;24.228,00;86.020,00;505,00;1.838,00;2.990,00;71.345,92;3.881,00;67.464,92;769.139,00;25.258,70;114.556,19;4.517,86;99.819,68;0,00;30.913.644,40;6.226,60;108,04;0,83;1,28;0,00;7,18;8,47;61,88;0,00;0,00;29,22;7.310,88;3.452,23;;30.667,00;44,90;;1.243.410,00;35,03;;1.125.750,00;40.450,00;115%;1,90;5%;2.493.665,00;1.543,00;6.581.656,00;259,00;4.739.192,00;163,00;5.438.137,00;1.678,00;0,00;0,00;0,00;0,00;340.359,00;0,00;17.440,00;0,00;0,00;0,00;0,00;0,00;0,00;417.021,30;95.322.997,00;39.835,00;46.978,70;;4.280,00;7.332,00;39.414,00;49.566,00;87.220,80;242.873,73;0,00;0,00;0,00;242.873,73;330.094,53;1.985.008,11;47.787.837,87;;;;;;;;;;;;;;;;;;;;;;;;;;;;;;;;;;;;
25/07/2025;6.463,50;1.487,00;6.461,75;1.487,41;1.360,21;774,88;9.545,45;12.983.816,54;0,00;16.851,13;3.934,05;9.545,45;160.851.580,68;35.031,80;25.388.161,48;10.002.088,27;1,00;25.388.161,48;135.389,39;135.389,39;170.421,19;162.483,00;7.938,19;27.848.464,00;10.870,00;105.330,00;73,00;446.041,00;206,00;13.724.158,00;8.086,00;38.035.604,00;23.708,00;26.938.252,00;14.278,00;241.863,00;128,00;852.606,00;599,00;6.500.630,00;3.438,00;2.648.909,00;12.583,00;1.346.402,00;8.329,00;443.110,00;509,00;4.585.864,00;28.779,00;3.440.760,00;18.311,00;5.850.570,00;31.924,00;29.549,00;156,00;242.256,00;1.426,00;25.633.656,00;13.944,00;4.037.124,00;4.122,00;89.402,00;36,00;4.120.390,00;2.246,00;574.452,00;719,00;181.978,00;155,00;183.951,34;1.013,31;11.685.363,00;4.576,00;304.491,00;471,00;4.105,00;11.319.038,00;3.839,00;5.612.726,00;3.100,00;4.345.401,00;3.423,00;5.513.682,00;3.121,00;3.835.321,00;954,00;358.794,00;153,00;1.001.185,00;87,00;960.692,00;951,00;413.914,00;637,00;4.645.783,00;1.225,00;353.423,00;1.593,00;5.506.490,00;1.648,00;849.129,00;401,00;431.086,00;149,00;155.365,00;355,00;0,00;0,00;62.995,00;299,00;3.944.651,00;1.673,00;1.595.897,00;1.057,00;131.447,00;804,00;26.368,00;87.852,00;1.089,10;1.944,00;4.122,00;75.414,09;3.899,00;71.515,09;802.733,06;33.594,06;118.596,80;4.040,61;101.256,04;1.436,36;30.922.203,50;8.559,10;94,42;145,64;1,15;0,41;9,55;11,11;66,13;0,00;0,00;30,16;7.879,32;3.593,53;;30.704,90;37,90;;1.268.720,00;25,31;;1.174.650,00;48.900,00;193%;3,59;14%;2.495.438,00;1.773,00;6.581.656,00;0,00;4.739.203,00;11,00;5.439.780,00;1.643,00;0,00;0,00;0,00;0,00;340.359,00;0,00;17.440,00;0,00;0,00;0,00;0,00;0,00;0,00;417.021,30;95.363.068,00;40.071,00;47.010,90;;4.280,00;7.386,00;39.429,00;49.566,00;94.924,80;257.454,33;0,00;0,00;0,00;257.454,33;352.379,13;2.120.807,38;49.908.645,25;;;;;;;;;;;;;;;;;;;;;;;;;;;;;;;;;;;;
26/07/2025;6.466,56;1.487,00;6.464,80;1.487,41;1.360,21;775,24;9.545,45;12.983.816,54;0,00;16.854,19;3.934,05;9.545,45;160.880.866,12;29.285,44;25.527.475,43;10.063.973,91;1,00;25.527.475,43;139.313,95;139.313,95;168.599,39;156.632,00;11.967,39;27.860.900,00;12.436,00;105.400,00;70,00;446.214,00;173,00;13.731.833,00;7.675,00;38.059.308,00;23.704,00;26.951.560,00;13.308,00;241.990,00;127,00;853.127,00;521,00;6.504.071,00;3.441,00;2.661.598,00;12.689,00;1.354.343,00;7.941,00;443.771,00;661,00;4.614.290,00;28.426,00;3.456.488,00;15.728,00;5.880.160,00;29.590,00;29.687,00;138,00;243.744,00;1.488,00;25.646.732,00;13.076,00;4.041.215,00;4.091,00;89.437,00;35,00;4.122.415,00;2.025,00;574.830,00;378,00;182.166,00;188,00;184.940,00;988,66;11.689.820,00;4.457,00;304.790,00;299,00;4.158,00;11.323.198,00;4.160,00;5.614.441,00;1.715,00;4.347.472,00;2.071,00;5.516.536,00;2.854,00;3.836.254,00;933,00;358.929,00;135,00;1.001.269,00;84,00;961.872,00;1.180,00;414.450,00;536,00;4.647.339,00;1.556,00;355.283,00;1.860,00;5.508.115,00;1.625,00;849.492,00;363,00;431.415,00;329,00;155.723,00;358,00;0,00;0,00;63.281,00;286,00;3.946.289,00;1.638,00;1.596.979,00;1.082,00;132.105,00;658,00;21.064,00;82.346,00;603,80;1.386,00;4.091,00;80.172,59;3.594,50;76.578,09;839.718,94;36.985,88;123.198,34;4.601,54;108.321,29;7.065,25;30.932.042,90;9.839,40;112,94;267,18;1,31;2,01;10,52;13,84;58,69;0,00;0,00;27,99;7.463,08;3.559,24;;30.775,20;70,30;;1.331.920,00;63,20;;1.222.384,00;47.734,00;76%;0,94;1%;2.495.975,00;537,00;6.582.978,00;1.322,00;4.740.801,00;1.598,00;5.443.438,00;3.658,00;0,00;0,00;0,00;0,00;340.359,00;0,00;17.440,00;0,00;0,00;0,00;0,00;0,00;0,00;417.021,30;95.403.198,00;40.130,00;47.043,20;;4.280,00;7.456,00;39.442,00;49.566,00;75.830,40;275.681,13;0,00;0,00;0,00;275.681,13;351.511,53;1.805.826,51;51.714.471,76;;;;;;;;;;;;;;;;;;;;;;;;;;;;;;;;;;;;
27/07/2025;6.471,37;1.487,00;6.469,61;1.487,41;1.360,21;775,53;9.545,45;12.983.816,54;0,00;16.859,00;3.934,05;9.545,45;160.926.703,37;45.837,25;25.663.480,87;10.129.864,23;1,00;25.663.480,87;136.005,44;136.005,44;181.842,69;173.781,00;8.061,69;27.875.358,00;14.458,00;105.467,00;67,00;446.359,00;145,00;13.739.946,00;8.113,00;38.083.108,00;23.800,00;26.965.460,00;13.900,00;242.117,00;127,00;853.626,00;499,00;6.506.039,00;1.968,00;2.674.093,00;12.495,00;1.362.464,00;8.121,00;444.445,00;674,00;4.642.584,00;28.294,00;3.481.660,00;25.172,00;5.913.845,00;33.685,00;29.827,00;140,00;245.073,00;1.329,00;25.660.596,00;13.864,00;4.045.375,00;4.160,00;89.473,00;36,00;4.123.911,00;1.496,00;574.917,00;87,00;182.207,00;41,00;185.964,09;1.024,09;11.694.480,00;4.660,00;304.994,00;204,00;4.456,00;11.327.724,00;4.526,00;5.617.391,00;2.950,00;4.351.291,00;3.819,00;5.518.138,00;1.602,00;3.837.224,00;970,00;359.060,00;131,00;1.001.353,00;84,00;963.140,00;1.268,00;415.211,00;761,00;4.648.887,00;1.548,00;357.076,00;1.793,00;5.509.663,00;1.548,00;849.838,00;346,00;431.604,00;189,00;156.101,00;378,00;0,00;0,00;63.569,00;288,00;3.947.962,00;1.673,00;1.598.105,00;1.126,00;132.738,00;633,00;32.816,00;95.946,00;1.077,10;831,00;4.160,00;79.828,59;3.342,00;76.486,59;885.704,06;45.985,12;128.642,23;5.443,89;113.559,84;5.238,55;30.944.099,70;12.056,80;139,43;138,58;1,55;1,49;13,08;16,12;63,18;0,00;0,00;29,57;7.970,81;3.730,56;;30.835,90;60,70;;1.385.134,00;53,21;;1.269.282,00;46.898,00;88%;3,68;7%;2.498.123,00;2.148,00;6.583.244,00;266,00;4.741.155,00;354,00;5.445.739,00;2.301,00;0,00;0,00;0,00;0,00;340.359,00;0,00;17.440,00;0,00;0,00;0,00;0,00;0,00;0,00;417.021,30;95.442.565,00;39.367,00;47.074,60;;4.280,00;7.536,00;39.456,25;49.566,00;118.137,60;275.351,73;0,00;0,00;0,00;275.351,73;393.489,33;2.517.596,40;54.232.068,16;;;;;;;;;;;;;;;;;;;;;;;;;;;;;;;;;;;;
28/07/2025;6.474,94;1.487,00;6.473,19;1.487,41;1.360,21;775,91;9.545,45;12.983.816,54;0,00;16.862,57;3.934,05;9.545,45;160.960.837,90;34.134,53;25.801.563,52;10.189.799,69;1,00;25.801.563,52;138.082,65;138.082,65;172.217,18;162.529,00;9.688,18;27.886.398,00;11.040,00;105.553,00;86,00;446.555,00;196,00;13.747.424,00;7.478,00;38.106.968,00;23.860,00;26.980.076,00;14.616,00;242.249,00;132,00;854.128,00;502,00;6.509.473,00;3.434,00;2.686.554,00;12.461,00;1.370.591,00;8.127,00;445.115,00;670,00;4.670.741,00;28.157,00;3.498.283,00;16.623,00;5.948.693,00;34.848,00;29.974,00;147,00;246.533,00;1.460,00;25.674.042,00;13.446,00;4.049.607,00;4.232,00;89.508,00;35,00;4.126.394,00;2.483,00;575.734,00;817,00;182.408,00;201,00;186.987,46;1.023,37;11.697.506,00;3.026,00;305.515,00;521,00;2.505,00;11.331.731,00;4.007,00;5.620.567,00;3.176,00;4.354.895,00;3.604,00;5.521.124,00;2.986,00;3.838.131,00;907,00;359.193,00;133,00;1.001.438,00;85,00;963.923,00;783,00;415.850,00;639,00;4.650.509,00;1.622,00;358.898,00;1.822,00;5.511.001,00;1.338,00;850.181,00;343,00;431.834,00;230,00;156.526,00;425,00;0,00;0,00;63.867,00;298,00;3.949.657,00;1.695,00;1.599.203,00;1.098,00;133.354,00;616,00;23.785,00;88.425,00;428,80;2.041,00;4.232,00;77.090,38;3.850,50;73.239,88;916.699,56;30.995,50;134.636,67;5.994,44;120.590,91;7.031,07;30.952.599,40;8.499,70;157,54;172,07;1,70;2,00;8,82;12,52;59,98;0,00;0,00;27,47;7.391,07;3.385,01;;30.909,20;73,30;;1.451.940,00;66,81;;1.319.710,00;50.428,00;75%;0,13;0%;2.500.047,00;1.924,00;6.583.701,00;457,00;4.741.566,00;411,00;5.446.954,00;1.215,00;0,00;0,00;0,00;0,00;340.359,00;0,00;17.440,00;0,00;0,00;0,00;0,00;0,00;0,00;417.021,30;95.482.290,00;39.725,00;47.107,10;;4.280,00;7.611,00;39.470,00;49.566,00;85.626,00;263.663,57;0,00;0,00;0,00;263.663,57;349.289,57;1.691.538,45;55.923.606,61;;;;;;;;;;;;;;;;;;;;;;;;;;;;;;;;;;;;
29/07/2025;6.478,65;1.487,00;6.476,89;1.487,41;1.360,21;776,29;9.545,45;12.983.816,54;0,00;16.866,27;3.934,05;9.545,45;160.996.156,06;35.318,16;25.939.160,15;10.248.530,27;1,00;25.939.160,15;137.596,63;137.596,63;172.914,79;164.760,00;8.154,79;27.898.424,00;12.026,00;105.638,00;85,00;446.779,00;224,00;13.755.087,00;7.663,00;38.130.672,00;23.704,00;26.994.062,00;13.986,00;242.375,00;126,00;854.642,00;514,00;6.512.478,00;3.005,00;2.699.013,00;12.459,00;1.378.741,00;8.150,00;445.239,00;124,00;4.699.785,00;29.044,00;3.517.176,00;18.893,00;5.981.794,00;33.101,00;30.124,00;150,00;247.930,00;1.397,00;25.687.926,00;13.884,00;4.053.597,00;3.990,00;89.549,00;41,00;4.128.845,00;2.451,00;576.377,00;643,00;182.648,00;240,00;188.019,64;1.032,18;11.702.655,00;5.149,00;306.031,00;516,00;4.633,00;11.335.463,00;3.732,00;5.623.211,00;2.644,00;4.357.719,00;2.824,00;5.523.702,00;2.578,00;3.839.071,00;940,00;359.331,00;138,00;1.001.530,00;92,00;965.244,00;1.321,00;416.536,00;686,00;4.651.934,00;1.425,00;360.884,00;1.986,00;5.512.625,00;1.624,00;850.490,00;309,00;432.056,00;222,00;156.861,00;335,00;0,00;0,00;64.177,00;310,00;3.951.628,00;1.971,00;1.600.538,00;1.335,00;133.935,00;581,00;24.913,00;89.312,00;387,40;1.913,00;3.990,00;77.312,39;4.087,50;73.224,89;953.317,75;36.618,19;141.280,81;6.644,14;123.387,21;2.796,30;30.961.637,20;9.037,80;155,93;161,47;1,89;0,80;10,41;13,10;61,88;0,00;0,00;28,90;7.346,96;3.431,27;;30.979,60;70,40;;1.514.300,00;62,36;;1.369.060,00;49.350,00;79%;10,21;16%;2.501.280,00;1.233,00;6.585.122,00;1.421,00;4.741.622,00;56,00;5.448.628,00;1.674,00;0,00;0,00;0,00;0,00;340.359,00;0,00;17.440,00;0,00;0,00;0,00;0,00;0,00;0,00;417.021,30;95.521.939,00;39.649,00;47.137,50;;4.280,00;7.691,00;39.484,00;49.566,00;89.686,80;263.609,62;0,00;0,00;0,00;263.609,62;353.296,42;2.175.177,10;58.098.783,71;;;;;;;;;;;;;;;;;;;;;;;;;;;;;;;;;;;;
30/07/2025;6.482,19;1.487,00;6.480,43;1.487,41;1.360,21;776,74;9.545,45;12.983.816,54;0,00;16.869,81;3.934,05;9.545,45;161.029.966,05;33.809,98;26.078.221,01;10.307.421,42;1,00;26.078.221,01;139.060,86;139.060,86;172.870,84;163.297,00;9.573,84;27.908.854,00;10.430,00;105.725,00;87,00;447.017,00;238,00;13.762.619,00;7.532,00;38.154.384,00;23.712,00;27.008.430,00;14.368,00;242.501,00;126,00;855.164,00;522,00;6.515.917,00;3.439,00;2.711.323,00;12.310,00;1.386.830,00;8.089,00;445.363,00;124,00;4.729.007,00;29.222,00;3.534.903,00;17.727,00;6.016.812,00;35.018,00;30.279,00;155,00;249.240,00;1.310,00;25.700.904,00;12.978,00;4.057.991,00;4.394,00;89.588,00;39,00;4.131.117,00;2.272,00;577.010,00;633,00;182.864,00;216,00;189.049,78;1.030,14;11.705.643,00;2.988,00;306.460,00;429,00;2.559,00;11.339.066,00;3.603,00;5.626.435,00;3.224,00;4.361.487,00;3.768,00;5.526.898,00;3.196,00;3.839.951,00;880,00;359.465,00;134,00;1.001.616,00;86,00;966.238,00;994,00;417.317,00;781,00;4.652.818,00;884,00;362.646,00;1.762,00;5.514.132,00;1.507,00;850.804,00;314,00;432.157,00;101,00;157.194,00;333,00;0,00;0,00;64.483,00;306,00;3.953.680,00;2.052,00;1.601.903,00;1.365,00;134.625,00;690,00;25.362,00;90.180,00;223,90;1.800,00;4.394,00;76.272,94;4.184,00;72.088,94;986.099,20;32.781,45;145.018,56;3.737,75;123.490,52;103,31;30.969.571,80;7.934,60;91,62;26,97;1,06;0,03;9,32;10,42;60,03;0,00;0,00;28,99;7.447,16;3.596,42;;31.020,10;40,50;;1.543.970,00;29,67;;1.417.950,00;48.890,00;165%;12,03;41%;2.506.192,00;4.912,00;6.586.529,00;1.407,00;4.741.872,00;250,00;5.449.949,00;1.321,00;0,00;0,00;0,00;0,00;340.359,00;0,00;17.441,00;1,00;0,00;0,00;0,00;0,00;0,00;417.021,30;95.562.125,00;40.186,00;47.169,00;;4.280,00;7.775,00;39.496,46;49.566,00;91.303,20;259.520,20;0,00;0,00;0,00;259.520,20;350.823,40;1.986.646,71;60.085.430,42;;;;;;;;;;;;;;;;;;;;;;;;;;;;;;;;;;;;
31/07/2025;6.486,46;1.487,00;6.484,70;1.487,41;1.360,22;777,17;9.545,45;12.983.912,00;95,45;16.874,07;3.934,05;9.545,45;161.070.601,03;40.634,98;26.214.707,59;10.369.809,69;1,00;26.214.707,59;136.486,58;136.391,13;177.026,11;168.236,00;8.790,11;27.921.286,00;12.432,00;105.802,00;77,00;447.209,00;192,00;13.770.952,00;8.333,00;38.178.104,00;23.720,00;27.022.952,00;14.522,00;242.634,00;133,00;855.788,00;624,00;6.519.457,00;3.540,00;2.723.559,00;12.236,00;1.394.946,00;8.116,00;445.481,00;118,00;4.757.958,00;28.951,00;3.557.896,00;22.993,00;6.047.123,00;30.311,00;30.422,00;143,00;250.626,00;1.386,00;25.715.642,00;14.738,00;4.062.177,00;4.186,00;89.624,00;36,00;4.133.610,00;2.493,00;577.714,00;704,00;183.060,00;196,00;190.059,58;1.009,80;11.710.568,00;4.925,00;306.876,00;416,00;4.509,00;11.342.991,00;3.925,00;5.629.876,00;3.441,00;4.364.883,00;3.396,00;5.530.056,00;3.158,00;3.840.831,00;880,00;359.600,00;135,00;1.001.702,00;86,00;967.401,00;1.163,00;417.893,00;576,00;4.654.071,00;1.253,00;364.584,00;1.938,00;5.515.754,00;1.622,00;851.127,00;323,00;432.350,00;193,00;157.549,00;355,00;0,00;0,00;64.787,00;304,00;3.955.455,00;1.775,00;1.603.029,00;1.126,00;135.417,00;792,00;24.500,00;90.489,00;971,20;1.940,00;4.186,00;79.439,91;4.117,50;75.322,41;1.015.155,56;29.056,36;151.433,89;6.415,33;123.913,70;423,18;30.979.179,30;9.607,50;175,82;57,91;1,82;0,12;8,26;10,21;65,03;0,00;0,00;26,20;7.985,52;3.217,29;;31.081,80;61,70;;1.584.368,00;40,40;;1.459.151,60;41.201,60;102%;-16,58;-41%;2.507.324,00;1.132,00;6.587.537,00;1.008,00;4.743.561,00;1.689,00;5.451.598,00;1.649,00;0,00;0,00;0,00;0,00;340.359,00;0,00;17.441,00;0,00;0,00;0,00;0,00;0,00;0,00;417.021,30;95.602.049,00;39.924,00;47.200,60;;4.280,00;7.826,20;39.510,00;49.566,00;88.200,00;271.160,66;0,00;0,00;0,00;271.160,66;359.360,66;2.220.881,27;62.306.311,69;;;;;;;;;;;;;;;;;;;;;;;;;;;;;;;;;;;;
01/08/2025;6.487,90;1.487,00;6.486,14;1.487,41;1.360,26;777,57;9.545,45;12.984.293,82;381,82;16.875,49;3.934,05;9.545,45;161.084.184,20;13.583,18;26.350.116,71;10.417.050,08;1,00;26.350.116,71;135.409,12;135.027,30;148.610,48;140.161,00;8.449,48;27.930.302,00;9.016,00;105.878,00;76,00;447.446,00;237,00;13.778.619,00;7.667,00;38.201.972,00;23.868,00;27.037.382,00;14.430,00;242.766,00;132,00;856.387,00;599,00;6.523.432,00;3.975,00;2.735.602,00;12.043,00;1.403.121,00;8.175,00;445.605,00;124,00;4.785.488,00;27.530,00;3.574.224,00;16.328,00;6.063.002,00;15.879,00;30.567,00;145,00;252.119,00;1.493,00;25.729.042,00;13.400,00;4.066.435,00;4.258,00;89.659,00;35,00;4.135.911,00;2.301,00;578.385,00;671,00;183.222,00;162,00;191.128,91;1.069,33;11.714.026,00;3.458,00;307.413,00;537,00;2.921,00;11.346.884,00;3.893,00;5.633.025,00;3.149,00;4.368.141,00;3.258,00;5.533.515,00;3.459,00;3.841.754,00;923,00;359.739,00;139,00;1.001.789,00;87,00;968.236,00;835,00;418.592,00;699,00;4.655.180,00;1.109,00;366.360,00;1.776,00;5.517.193,00;1.439,00;851.470,00;343,00;432.622,00;272,00;157.923,00;374,00;0,00;0,00;65.091,00;304,00;3.957.068,00;1.613,00;1.603.997,00;968,00;136.055,00;638,00;22.895,00;68.036,00;387,40;1.969,00;4.258,00;73.960,08;3.705,50;70.254,58;33.125,26;33.125,26;4.046,38;4.046,38;8.540,43;8.540,43;30.985.770,90;6.591,60;78,72;228,68;1,15;2,43;9,42;13,00;61,64;0,00;0,00;33,95;7.531,80;4.148,36;;31.147,60;65,80;;72.960,00;72,96;;52.788,00;52.788,00;72%;27,09;37%;2.510.997,00;3.673,00;6.587.657,00;120,00;4.743.694,00;133,00;5.453.621,00;2.023,00;0,00;0,00;0,00;0,00;340.359,00;0,00;17.441,00;0,00;0,00;0,00;0,00;0,00;0,00;417.021,30;95.641.198,00;39.149,00;47.232,30;;4.280,00;7.904,00;39.521,00;49.566,00;82.422,00;252.916,48;0,00;0,00;0,00;252.916,48;335.338,48;1.614.931,85;1.614.931,85;;;;;;;;;;;;;;;;;;;;;;;;;;;;;;;;;;;;
02/08/2025;6.448,13;1.487,00;6.487,36;1.487,41;1.360,97;777,98;9.545,45;12.991.071,09;6.777,27;16.876,70;3.934,05;9.545,45;161.095.715,11;11.530,90;26.485.248,60;10.461.850,17;1,00;26.485.248,60;135.131,89;128.354,62;139.885,52;133.304,00;6.581,52;27.938.388,00;8.086,00;105.951,00;73,00;447.668,00;222,00;13.785.971,00;7.352,00;38.225.628,00;23.656,00;27.049.418,00;12.036,00;242.894,00;128,00;856.908,00;521,00;6.526.021,00;2.589,00;2.747.619,00;12.017,00;1.411.615,00;8.494,00;445.733,00;128,00;4.813.029,00;27.541,00;3.589.796,00;15.572,00;6.077.644,00;14.642,00;30.716,00;149,00;253.606,00;1.487,00;25.741.444,00;12.402,00;4.070.716,00;4.281,00;89.694,00;35,00;4.138.069,00;2.158,00;578.896,00;511,00;183.426,00;204,00;192.119,78;990,87;11.716.770,00;2.744,00;307.729,00;316,00;2.428,00;11.350.427,00;3.543,00;5.635.928,00;2.903,00;4.370.036,00;1.895,00;5.535.712,00;2.197,00;3.842.724,00;970,00;359.896,00;157,00;1.002.271,00;482,00;969.253,00;1.017,00;419.078,00;486,00;4.656.296,00;1.116,00;368.293,00;1.933,00;5.518.519,00;1.326,00;851.837,00;367,00;432.822,00;200,00;158.301,00;378,00;0,00;0,00;65.380,00;289,00;3.958.760,00;1.692,00;1.605.086,00;1.089,00;136.756,00;701,00;20.942,00;66.377,00;-204,40;1.552,00;4.281,00;67.879,92;3.761,00;64.118,92;52.860,08;19.734,82;6.551,40;2.505,02;15.748,24;7.207,81;30.991.058,10;5.287,20;58,60;276,95;0,71;2,05;5,61;8,38;61,00;0,00;0,00;26,35;7.108,36;3.070,58;;31.212,40;64,80;;127.968,00;55,01;;105.282,00;52.494,00;95%;3,63;7%;2.515.064,00;4.067,00;6.588.034,00;377,00;4.743.703,00;9,00;5.455.224,00;1.603,00;0,00;0,00;0,00;0,00;340.359,00;0,00;17.442,00;1,00;0,00;0,00;0,00;0,00;0,00;417.021,30;95.680.943,00;39.745,00;47.264,20;;4.280,00;7.965,00;39.540,00;49.566,00;75.391,20;230.828,13;0,00;0,00;0,00;230.828,13;306.219,33;1.398.406,80;3.013.338,65;;;;;;;;;;;;;;;;;;;;;;;;;;;;;;;;;;;;
03/08/2025;6.489,17;1.487,00;6.487,41;1.487,41;1.361,96;778,40;9.545,45;13.000.521,08;9.450,00;16.876,72;3.934,05;9.545,45;161.095.848,74;133,64;26.622.668,22;10.497.533,90;1,00;26.622.668,22;137.419,62;127.969,62;128.103,26;119.330,00;8.773,26;27.944.776,00;6.388,00;106.014,00;63,00;447.830,00;162,00;13.792.591,00;6.620,00;38.249.364,00;23.736,00;27.059.288,00;9.870,00;243.011,00;117,00;857.378,00;470,00;6.529.192,00;3.171,00;2.758.484,00;10.865,00;1.419.395,00;7.780,00;445.851,00;118,00;4.841.935,00;28.906,00;3.600.430,00;10.634,00;6.089.491,00;11.847,00;30.856,00;289,00;254.257,00;651,00;25.751.908,00;10.464,00;4.074.781,00;4.065,00;89.730,00;36,00;4.139.469,00;1.400,00;578.946,00;50,00;183.462,00;36,00;193.106,49;986,71;11.718.221,00;1.451,00;307.903,00;174,00;1.277,00;11.354.745,00;4.318,00;5.638.789,00;2.861,00;4.370.224,00;188,00;5.538.653,00;2.941,00;3.843.573,00;849,00;360.030,00;134,00;1.002.546,00;275,00;969.873,00;620,00;419.312,00;234,00;4.657.463,00;1.167,00;370.145,00;1.852,00;5.519.469,00;950,00;852.166,00;329,00;432.917,00;95,00;158.306,00;5,00;0,00;0,00;65.665,00;285,00;3.960.476,00;1.716,00;1.606.244,00;1.158,00;137.224,00;468,00;14.227,00;59.285,00;-896,50;730,00;4.065,00;64.919,76;3.169,00;61.750,76;67.212,46;14.352,38;9.033,59;2.482,19;16.529,93;781,69;30.994.909,70;3.851,60;68,13;235,86;0,71;0,22;4,08;5,01;57,00;0,00;0,00;23,84;6.389,81;2.672,51;;31.252,50;40,10;;153.824,00;25,86;;146.168,00;40.886,00;158%;4,63;18%;2.519.819,00;4.755,00;6.588.654,00;620,00;4.744.227,00;524,00;5.458.801,00;3.577,00;0,00;0,00;0,00;0,00;340.359,00;0,00;17.442,00;0,00;0,00;0,00;0,00;0,00;0,00;417.021,30;95.720.160,00;39.217,00;47.296,10;;4.280,00;8.045,00;39.553,10;49.566,00;51.217,20;222.302,74;0,00;0,00;0,00;222.302,74;273.519,94;802.905,41;3.816.244,06;;;;;;;;;;;;;;;;;;;;;;;;;;;;;;;;;;;;
04/08/2025;6.490,61;1.487,00;6.488,86;1.487,41;1.362,00;778,87;9.545,45;13.000.902,90;381,82;16.878,14;3.934,05;9.545,45;161.109.479,64;13.630,90;26.759.568,91;10.546.355,44;1,00;26.759.568,91;136.900,69;136.518,87;150.149,77;141.554,00;8.595,77;27.954.032,00;9.256,00;106.098,00;84,00;448.038,00;208,00;13.800.390,00;7.799,00;38.273.004,00;23.640,00;27.071.318,00;12.030,00;243.057,00;46,00;857.780,00;402,00;6.532.062,00;2.870,00;2.771.086,00;12.602,00;1.427.554,00;8.159,00;445.974,00;123,00;4.869.752,00;27.817,00;3.620.639,00;20.209,00;6.103.360,00;13.869,00;30.990,00;134,00;255.822,00;1.565,00;25.766.240,00;14.332,00;4.079.043,00;4.262,00;89.768,00;38,00;4.141.756,00;2.287,00;579.646,00;700,00;183.688,00;226,00;194.157,00;1.050,51;11.723.098,00;4.877,00;308.438,00;535,00;4.342,00;11.358.876,00;4.131,00;5.641.598,00;2.809,00;4.372.089,00;1.865,00;5.541.263,00;2.610,00;3.844.384,00;811,00;360.162,00;132,00;1.002.658,00;112,00;971.037,00;1.164,00;419.868,00;556,00;4.658.721,00;1.258,00;371.969,00;1.824,00;5.521.034,00;1.565,00;852.472,00;306,00;433.034,00;117,00;158.690,00;384,00;0,00;0,00;65.969,00;304,00;3.962.529,00;2.053,00;1.607.683,00;1.439,00;137.917,00;693,00;25.950,00;70.177,00;147,00;1.863,00;4.262,00;73.700,77;4.193,50;69.507,27;94.762,86;27.550,40;12.527,72;3.494,13;16.529,93;0,00;31.001.597,00;6.687,30;92,18;9,42;0,99;0,00;7,84;8,83;63,74;0,00;0,00;28,69;7.617,11;3.428,54;;31.292,00;39,50;;179.472,00;25,65;;193.344,00;47.176,00;184%;4,71;18%;2.521.428,00;1.609,00;6.589.236,00;582,00;4.744.460,00;233,00;5.459.901,00;1.100,00;0,00;0,00;0,00;0,00;340.359,00;0,00;17.442,00;0,00;0,00;0,00;0,00;0,00;0,00;417.021,30;95.760.546,00;40.386,00;47.328,10;;4.280,00;8.122,00;39.567,00;49.566,00;93.420,00;250.226,19;0,00;0,00;0,00;250.226,19;343.646,19;2.057.141,22;5.873.385,28;;;;;;;;;;;;;;;;;;;;;;;;;;;;;;;;;;;;
05/08/2025;6.493,56;1.487,00;6.491,80;1.487,41;1.362,00;779,31;9.545,45;13.000.902,90;0,00;16.881,08;3.934,05;9.545,45;161.137.524,18;28.044,53;26.897.662,49;10.601.654,00;1,00;26.897.662,49;138.093,58;138.093,58;166.138,11;157.364,00;8.774,11;27.964.748,00;10.716,00;106.182,00;84,00;448.283,00;245,00;13.808.513,00;8.123,00;38.296.600,00;23.596,00;27.085.790,00;14.472,00;243.108,00;51,00;858.163,00;383,00;6.535.860,00;3.798,00;2.783.855,00;12.769,00;1.435.618,00;8.064,00;446.107,00;133,00;4.898.491,00;28.739,00;3.639.832,00;19.193,00;6.129.304,00;25.944,00;31.167,00;177,00;257.434,00;1.612,00;25.780.052,00;13.812,00;4.083.503,00;4.460,00;89.803,00;35,00;4.143.682,00;1.926,00;580.159,00;513,00;183.749,00;61,00;195.190,01;1.033,01;11.727.444,00;4.346,00;308.975,00;537,00;3.809,00;11.362.865,00;3.989,00;5.644.409,00;2.811,00;4.375.451,00;3.362,00;5.544.471,00;3.208,00;3.845.225,00;841,00;360.291,00;129,00;1.002.772,00;114,00;972.034,00;997,00;420.497,00;629,00;4.660.053,00;1.332,00;373.660,00;1.691,00;5.522.720,00;1.686,00;852.782,00;310,00;433.360,00;326,00;159.080,00;390,00;0,00;0,00;66.275,00;306,00;3.964.582,00;2.053,00;1.609.100,00;1.417,00;138.614,00;697,00;26.237,00;82.073,00;353,70;1.494,00;4.460,00;77.757,41;4.019,00;73.738,41;126.669,34;31.906,48;15.544,90;3.017,18;24.805,82;8.275,89;31.009.751,60;8.154,60;89,92;220,65;0,86;2,35;9,07;12,29;63,08;0,00;0,00;30,43;7.888,29;3.805,34;;31.365,30;73,30;;245.544,00;66,07;;240.682,00;47.338,00;72%;4,52;7%;2.524.211,00;2.783,00;6.589.640,00;404,00;4.744.910,00;450,00;5.462.924,00;3.023,00;0,00;0,00;0,00;0,00;340.359,00;0,00;17.442,00;0,00;0,00;0,00;0,00;0,00;0,00;417.021,30;95.800.779,00;40.233,00;47.359,80;;4.280,00;8.195,00;39.581,00;49.566,00;94.453,20;265.458,28;0,00;0,00;0,00;265.458,28;359.911,48;1.927.840,44;7.801.225,72;;;;;;;;;;;;;;;;;;;;;;;;;;;;;;;;;;;;
06/08/2025;6.497,00;1.487,00;6.495,24;1.487,41;1.362,00;779,71;9.545,45;13.000.902,90;0,00;16.884,53;3.934,05;9.545,45;161.170.398,71;32.874,53;27.034.254,11;10.656.222,43;1,00;27.034.254,11;136.591,62;136.591,62;169.466,15;161.499,00;7.967,15;27.975.232,00;10.484,00;106.266,00;84,00;448.517,00;234,00;13.816.147,00;7.634,00;38.320.236,00;23.636,00;27.100.366,00;14.576,00;243.155,00;47,00;858.555,00;392,00;6.540.224,00;4.364,00;2.796.189,00;12.334,00;1.443.929,00;8.311,00;446.252,00;145,00;4.927.538,00;29.047,00;3.656.155,00;16.323,00;6.163.481,00;34.177,00;31.345,00;178,00;258.915,00;1.481,00;25.793.340,00;13.288,00;4.088.116,00;4.613,00;89.838,00;35,00;4.145.483,00;1.801,00;580.555,00;396,00;183.779,00;30,00;196.217,61;1.027,60;11.731.512,00;4.068,00;309.292,00;317,00;3.751,00;11.366.702,00;3.837,00;5.647.106,00;2.697,00;4.378.639,00;3.188,00;5.548.237,00;3.766,00;3.846.086,00;861,00;360.428,00;137,00;1.002.885,00;113,00;973.024,00;990,00;421.082,00;585,00;4.661.266,00;1.213,00;375.462,00;1.802,00;5.524.329,00;1.609,00;853.108,00;326,00;433.684,00;324,00;159.480,00;400,00;0,00;0,00;66.581,00;306,00;3.966.368,00;1.786,00;1.610.267,00;1.167,00;139.186,00;572,00;22.348,00;88.003,00;-167,80;1.135,00;4.613,00;75.882,95;3.564,50;72.318,45;156.845,90;30.176,56;18.781,40;3.236,50;32.919,29;8.113,47;31.017.537,90;7.786,30;80,02;202,92;0,92;2,31;8,58;11,81;60,83;0,00;0,00;28,79;7.378,71;3.492,24;;31.437,80;72,50;;314.240,00;68,70;;289.466,00;48.784,00;71%;8,77;13%;2.529.132,00;4.921,00;6.590.063,00;423,00;4.744.910,00;0,00;5.465.123,00;2.199,00;0,00;0,00;0,00;0,00;340.359,00;0,00;17.443,00;1,00;0,00;0,00;0,00;0,00;0,00;417.021,30;95.840.112,00;39.333,00;47.391,20;;4.280,00;8.244,32;39.590,00;49.566,00;80.452,80;260.346,42;0,00;0,00;0,00;260.346,42;340.799,22;1.716.125,80;9.517.351,52;;;;;;;;;;;;;;;;;;;;;;;;;;;;;;;;;;;;
07/08/2025;6.497,69;1.487,00;6.495,92;1.487,41;1.362,13;780,15;9.545,45;13.002.143,81;1.240,91;16.885,14;3.934,05;9.545,45;161.176.230,98;5.832,27;27.167.885,51;10.699.074,58;1,00;27.167.885,51;133.631,40;132.390,49;138.222,76;130.954,00;7.268,76;27.982.366,00;7.134,00;106.333,00;67,00;448.716,00;199,00;13.822.932,00;6.785,00;38.343.944,00;23.708,00;27.111.278,00;10.912,00;243.201,00;46,00;858.932,00;377,00;6.544.859,00;4.635,00;2.808.393,00;12.204,00;1.451.830,00;7.901,00;446.853,00;601,00;4.946.128,00;18.590,00;3.667.864,00;11.709,00;6.193.507,00;30.026,00;31.518,00;173,00;259.873,00;958,00;25.803.226,00;9.886,00;4.092.297,00;4.181,00;89.879,00;41,00;4.147.167,00;1.684,00;580.829,00;274,00;183.800,00;21,00;197.233,00;1.015,39;11.733.593,00;2.081,00;309.330,00;38,00;2.043,00;11.371.065,00;4.363,00;5.647.716,00;610,00;4.378.990,00;351,00;5.552.299,00;4.062,00;3.846.973,00;887,00;360.557,00;129,00;1.003.000,00;115,00;973.943,00;919,00;421.284,00;202,00;4.662.064,00;798,00;377.367,00;1.905,00;5.525.436,00;1.107,00;853.411,00;303,00;433.988,00;304,00;159.636,00;156,00;0,00;0,00;66.879,00;298,00;3.968.285,00;1.917,00;1.611.643,00;1.376,00;139.762,00;576,00;13.225,00;68.827,00;-1.022,10;710,00;4.181,00;65.526,86;3.633,00;61.893,86;173.534,30;16.688,40;21.375,82;2.594,42;41.310,95;8.391,66;31.022.114,50;4.576,60;67,03;238,50;0,74;2,39;4,75;7,87;54,25;0,00;0,00;23,49;6.686,00;2.895,01;;31.515,10;77,30;;386.128,00;71,89;;334.111,00;44.645,00;62%;7,26;10%;2.534.233,00;5.101,00;6.591.691,00;1.628,00;4.744.981,00;71,00;5.468.186,00;3.063,00;0,00;0,00;0,00;0,00;340.359,00;0,00;17.443,00;0,00;0,00;0,00;0,00;0,00;0,00;417.021,30;95.878.837,00;38.725,00;47.422,80;;4.280,00;8.322,00;39.605,00;49.566,00;47.610,00;222.817,90;0,00;0,00;0,00;222.817,90;270.427,90;985.381,85;10.502.733,37;;;;;;;;;;;;;;;;;;;;;;;;;;;;;;;;;;;;
08/08/2025;6.502,02;1.487,00;6.500,24;1.487,41;1.362,13;780,55;9.545,45;13.002.143,81;0,00;16.889,46;3.936,05;9.545,45;161.217.476,87;41.245,89;27.304.724,15;10.757.987,02;1,00;27.304.724,15;136.838,64;136.838,64;178.084,53;169.334,00;8.750,53;27.995.402,00;13.036,00;106.405,00;72,00;448.899,00;183,00;13.831.421,00;8.489,00;38.367.584,00;23.640,00;27.125.160,00;13.882,00;243.249,00;48,00;859.316,00;384,00;6.546.621,00;1.762,00;2.825.492,00;17.099,00;1.460.135,00;8.305,00;451.908,00;5.055,00;4.965.933,00;19.805,00;3.690.708,00;22.844,00;6.229.734,00;36.227,00;31.686,00;168,00;261.454,00;1.581,00;25.817.538,00;14.312,00;4.095.973,00;3.676,00;89.914,00;35,00;4.149.836,00;2.669,00;581.697,00;868,00;183.974,00;174,00;198.229,48;996,48;11.738.156,00;4.563,00;309.674,00;344,00;4.219,00;11.375.580,00;4.515,00;5.650.866,00;3.150,00;4.383.019,00;4.029,00;5.553.929,00;1.630,00;3.848.050,00;1.077,00;360.713,00;156,00;1.003.614,00;614,00;975.418,00;1.475,00;421.995,00;711,00;4.663.221,00;1.157,00;379.174,00;1.807,00;5.526.987,00;1.551,00;853.734,00;323,00;434.025,00;37,00;160.008,00;372,00;0,00;0,00;67.192,00;313,00;3.970.362,00;2.077,00;1.613.123,00;1.480,00;140.348,00;586,00;30.395,00;92.236,00;562,40;1.770,00;3.676,00;79.840,13;4.310,50;75.529,63;215.411,86;41.877,56;26.884,10;5.508,28;43.901,28;2.590,33;31.032.655,30;10.540,80;132,34;174,13;1,57;0,74;11,91;14,21;70,18;0,00;0,00;31,56;8.436,47;3.793,89;;31.566,60;51,50;;426.224,00;40,10;;387.781,81;53.670,81;134%;6,03;15%;2.538.474,00;4.241,00;6.591.934,00;243,00;4.745.111,00;130,00;5.469.912,00;1.726,00;0,00;0,00;0,00;0,00;340.359,00;0,00;17.443,00;0,00;0,00;0,00;0,00;0,00;0,00;417.021,30;95.919.707,00;40.870,00;47.455,00;;4.280,00;8.395,00;39.625,00;49.566,00;109.422,00;271.906,67;0,00;0,00;0,00;271.906,67;381.328,67;2.424.793,13;12.927.526,50;;;;;;;;;;;;;;;;;;;;;;;;;;;;;;;;;;;;
09/08/2025;6.504,50;1.487,00;6.502,74;1.487,41;1.362,18;780,99;9.545,45;13.002.621,08;477,27;16.891,94;3.934,05;9.545,45;161.241.130,49;23.653,63;27.441.574,48;10.807.980,64;1,00;27.441.574,48;136.850,33;136.373,06;160.026,68;152.108,00;7.918,68;28.005.962,00;10.560,00;106.478,00;73,00;449.058,00;159,00;13.839.208,00;7.787,00;38.391.512,00;23.928,00;27.138.756,00;13.596,00;243.298,00;49,00;859.709,00;393,00;6.549.590,00;2.969,00;2.846.327,00;20.835,00;1.468.234,00;8.099,00;460.841,00;8.933,00;4.977.773,00;11.840,00;3.708.092,00;17.384,00;6.263.106,00;33.372,00;31.857,00;171,00;262.988,00;1.534,00;25.830.344,00;12.806,00;4.100.446,00;4.473,00;89.949,00;35,00;4.152.072,00;2.236,00;582.121,00;424,00;184.161,00;187,00;199.196,48;967,00;11.740.324,00;2.168,00;309.796,00;122,00;2.046,00;11.379.638,00;4.058,00;5.653.878,00;3.012,00;4.386.762,00;3.743,00;5.556.707,00;2.778,00;3.848.984,00;934,00;360.847,00;134,00;1.003.748,00;134,00;976.265,00;847,00;422.745,00;750,00;4.664.409,00;1.188,00;380.967,00;1.793,00;5.528.432,00;1.445,00;854.065,00;331,00;434.098,00;73,00;160.386,00;378,00;0,00;0,00;67.488,00;296,00;3.972.430,00;2.068,00;1.614.645,00;1.522,00;141.027,00;679,00;24.259,00;79.628,00;100,10;1.126,00;4.473,00;74.699,58;4.161,00;70.538,58;246.979,22;31.567,36;32.274,01;5.389,91;44.798,94;897,66;31.040.530,80;7.875,50;137,81;34,34;1,53;0,26;8,98;10,77;60,93;0,00;0,00;28,33;7.564,46;3.517,17;;31.614,90;48,30;;462.912,00;36,69;;438.288,51;50.506,70;138%;11,09;30%;2.540.060,00;1.586,00;6.593.560,00;1.626,00;4.746.767,00;1.656,00;5.470.110,00;198,00;0,00;0,00;0,00;0,00;340.359,00;0,00;17.443,00;0,00;0,00;0,00;0,00;0,00;0,00;417.021,30;95.958.658,00;38.951,00;47.486,10;;4.280,00;8.412,00;39.635,00;49.566,00;87.332,40;253.938,90;0,00;0,00;0,00;253.938,90;341.271,30;1.718.570,90;14.646.097,40;;;;;;;;;;;;;;;;;;;;;;;;;;;;;;;;;;;;
10/08/2025;6.505,14;1.487,00;6.503,38;1.487,41;1.362,27;781,40;9.545,45;13.003.480,17;859,09;16.892,54;3.934,05;9.545,45;161.246.924,58;5.794,09;27.579.970,50;10.850.782,10;1,00;27.579.970,50;138.396,02;137.536,93;143.331,02;134.591,00;8.740,02;28.011.440,00;5.478,00;106.542,00;64,00;449.205,00;147,00;13.846.823,00;7.615,00;38.415.396,00;23.884,00;27.151.930,00;13.174,00;243.349,00;51,00;860.096,00;387,00;6.553.094,00;3.504,00;2.866.175,00;19.848,00;1.476.233,00;7.999,00;469.558,00;8.717,00;4.987.239,00;9.466,00;3.720.266,00;12.174,00;6.295.740,00;32.634,00;32.024,00;167,00;263.908,00;920,00;25.840.662,00;10.318,00;4.104.563,00;4.117,00;89.984,00;35,00;4.153.882,00;1.810,00;582.366,00;245,00;184.198,00;37,00;200.171,00;974,52;11.741.041,00;717,00;309.798,00;2,00;715,00;11.383.516,00;3.878,00;5.656.843,00;2.965,00;4.390.125,00;3.363,00;5.559.977,00;3.270,00;3.849.909,00;925,00;360.994,00;147,00;1.003.883,00;135,00;976.794,00;529,00;423.557,00;812,00;4.665.308,00;899,00;382.753,00;1.786,00;5.529.682,00;1.250,00;854.391,00;326,00;434.194,00;96,00;160.532,00;146,00;0,00;0,00;67.778,00;290,00;3.974.440,00;2.010,00;1.616.079,00;1.434,00;141.532,00;505,00;18.160,00;70.990,00;-155,10;671,00;4.117,00;67.708,12;3.710,00;63.998,12;257.614,56;10.635,34;36.127,25;3.853,24;44.799,09;0,15;31.043.619,30;3.088,50;95,92;2,42;1,10;0,00;3,02;4,12;60,93;0,00;0,00;28,01;7.318,21;3.364,60;;31.654,10;39,20;;490.928,00;28,02;;478.658,00;40.369,49;144%;3,42;12%;2.544.760,00;4.700,00;6.594.691,00;1.131,00;4.747.010,00;243,00;5.470.566,00;456,00;0,00;0,00;0,00;0,00;340.359,00;0,00;17.443,00;0,00;0,00;0,00;0,00;0,00;0,00;417.021,30;95.999.257,00;40.599,00;47.518,70;;4.280,00;8.568,90;39.648,30;49.566,00;65.376,00;230.393,22;0,00;0,00;0,00;230.393,22;295.769,22;1.310.002,56;15.956.099,96;;;;;;;;;;;;;;;;;;;;;;;;;;;;;;;;;;;;
11/08/2025;6.508,06;1.487,00;6.506,30;1.487,41;1.362,27;781,82;9.545,45;13.003.480,17;0,00;16.895,46;3.934,05;9.545,45;161.274.797,29;27.872,71;27.718.047,77;10.903.556,49;1,00;27.718.047,77;138.077,27;138.077,27;165.949,98;156.048,00;9.901,98;28.022.376,00;10.936,00;106.624,00;82,00;449.409,00;204,00;13.855.053,00;8.230,00;38.439.280,00;23.884,00;27.166.738,00;14.808,00;243.398,00;49,00;860.391,00;295,00;6.557.282,00;4.188,00;2.887.156,00;20.981,00;1.484.307,00;8.074,00;478.328,00;8.770,00;4.996.582,00;9.343,00;3.740.806,00;20.540,00;6.328.830,00;33.090,00;32.194,00;170,00;265.585,00;1.677,00;25.854.898,00;14.236,00;4.108.756,00;4.193,00;90.019,00;35,00;4.156.352,00;2.470,00;583.076,00;710,00;184.420,00;222,00;201.196,66;1.025,66;11.745.160,00;4.119,00;309.800,00;2,00;4.117,00;11.387.560,00;4.044,00;5.660.037,00;3.194,00;4.393.658,00;3.533,00;5.563.628,00;3.651,00;3.850.832,00;923,00;361.328,00;334,00;1.003.999,00;116,00;977.912,00;1.118,00;424.366,00;809,00;4.666.424,00;1.116,00;384.525,00;1.772,00;5.531.310,00;1.628,00;854.741,00;350,00;434.476,00;282,00;160.976,00;444,00;0,00;0,00;68.087,00;309,00;3.976.542,00;2.102,00;1.617.542,00;1.463,00;142.284,00;752,00;28.093,00;79.817,00;389,20;1.229,00;4.193,00;80.321,78;4.398,00;75.923,78;289.346,60;31.732,04;42.029,70;5.902,45;52.617,04;7.817,95;31.051.970,90;8.351,60;138,18;261,69;1,68;2,22;9,03;12,93;66,18;0,00;0,00;30,10;8.066,80;3.668,94;;31.724,80;70,70;;554.928,00;64,00;;521.546,00;42.888,00;67%;8,89;14%;2.549.535,00;4.775,00;6.595.091,00;400,00;4.747.536,00;526,00;5.471.563,00;997,00;0,00;0,00;0,00;0,00;340.359,00;0,00;17.443,00;0,00;0,00;0,00;0,00;0,00;0,00;417.021,30;96.037.712,00;38.455,00;47.549,30;;4.280,00;8.645,00;39.662,00;49.566,00;101.134,80;273.325,62;0,00;0,00;0,00;273.325,62;374.460,42;2.305.165,08;18.261.265,04;;;;;;;;;;;;;;;;;;;;;;;;;;;;;;;;;;;;
12/08/2025;6.511,41;1.487,00;6.509,64;1.487,41;1.362,27;782,19;9.545,45;13.003.480,17;0,00;16.898,80;3.934,05;9.545,45;161.306.679,10;31.881,80;27.855.299,18;10.956.673,99;1,00;27.855.299,18;137.251,41;137.251,41;169.133,21;160.436,00;8.697,21;28.032.894,00;10.518,00;106.702,00;78,00;449.633,00;224,00;13.863.315,00;8.262,00;38.463.020,00;23.740,00;27.181.562,00;14.824,00;243.448,00;50,00;860.879,00;488,00;6.562.363,00;5.081,00;2.907.939,00;20.783,00;1.492.371,00;8.064,00;487.093,00;8.765,00;5.016.346,00;19.764,00;3.757.805,00;16.999,00;6.361.592,00;32.762,00;32.365,00;171,00;267.307,00;1.722,00;25.867.682,00;12.784,00;4.112.269,00;3.513,00;90.054,00;35,00;4.158.677,00;2.325,00;583.762,00;686,00;184.621,00;201,00;202.190,77;994,11;11.748.703,00;3.543,00;309.802,00;2,00;3.541,00;11.391.170,00;3.610,00;5.662.934,00;2.897,00;4.397.248,00;3.590,00;5.568.087,00;4.459,00;3.851.716,00;884,00;361.465,00;137,00;1.004.109,00;110,00;978.795,00;883,00;425.061,00;695,00;4.667.041,00;617,00;386.267,00;1.742,00;5.532.747,00;1.437,00;855.075,00;334,00;434.805,00;329,00;161.388,00;412,00;0,00;0,00;68.392,00;305,00;3.978.650,00;2.108,00;1.619.012,00;1.470,00;143.061,00;777,00;23.718,00;86.354,00;202,50;1.377,00;3.513,00;77.686,71;4.352,50;73.334,21;320.921,50;31.574,90;44.330,89;2.301,19;60.926,16;8.309,12;31.059.937,90;7.967,00;57,23;528,26;0,65;2,36;8,98;12,00;67,64;0,00;0,00;30,80;8.033,39;3.658,02;;31.799,50;62,45;;624.208,00;69,28;;573.792,00;52.246,00;75%;3,73;5%;2.552.525,00;2.990,00;6.595.095,00;4,00;4.747.913,00;377,00;5.472.250,00;687,00;0,00;0,00;0,00;0,00;340.359,00;0,00;17.444,00;1,00;0,00;0,00;0,00;0,00;0,00;417.021,30;96.077.494,00;39.782,00;47.580,90;;4.280,00;8.722,00;39.676,00;49.566,00;85.384,80;264.003,17;0,00;0,00;0,00;264.003,17;349.387,97;1.832.508,30;20.093.773,34;;;;;;;;;;;;;;;;;;;;;;;;;;;;;;;;;;;;
13/08/2025;6.514,65;1.487,00;6.512,88;1.487,41;1.362,28;782,68;9.545,45;13.003.575,63;95,45;16.902,05;3.934,05;9.545,45;161.337.644,54;30.965,44;27.993.498,23;11.010.701,36;1,00;27.993.498,23;138.199,05;138.103,60;169.069,04;159.806,00;9.263,04;28.043.890,00;10.996,00;106.776,00;74,00;449.879,00;246,00;13.870.631,00;7.316,00;38.486.488,00;23.468,00;27.195.442,00;13.880,00;243.500,00;52,00;861.358,00;479,00;6.566.343,00;3.980,00;2.928.790,00;20.851,00;1.500.440,00;8.069,00;495.903,00;8.810,00;5.037.011,00;20.665,00;3.775.507,00;17.702,00;6.393.588,00;31.996,00;32.541,00;176,00;268.751,00;1.444,00;25.880.614,00;12.932,00;4.116.486,00;4.217,00;90.092,00;38,00;4.161.165,00;2.488,00;584.465,00;703,00;184.768,00;147,00;203.194,92;1.004,15;11.751.278,00;2.575,00;309.823,00;21,00;2.554,00;11.395.560,00;4.390,00;5.665.712,00;2.778,00;4.400.643,00;3.395,00;5.571.505,00;3.418,00;3.852.623,00;907,00;361.596,00;131,00;1.004.220,00;111,00;979.685,00;890,00;425.734,00;673,00;4.668.112,00;1.071,00;387.645,00;1.378,00;5.534.408,00;1.661,00;855.375,00;300,00;435.111,00;306,00;161.747,00;359,00;0,00;0,00;68.700,00;308,00;3.980.837,00;2.187,00;1.620.543,00;1.531,00;143.761,00;700,00;24.185,00;87.242,00;-1.089,50;1.350,00;4.217,00;77.349,54;4.439,00;72.910,54;353.693,72;32.772,22;48.889,95;4.559,06;67.104,23;6.178,07;31.068.815,80;8.877,90;114,01;483,03;1,30;1,76;9,32;12,37;61,34;0,00;0,00;29,31;7.182,83;3.432,16;;31.873,50;74,00;;692.336,00;68,13;;622.780,00;48.988,00;72%;21,12;31%;2.556.001,00;3.476,00;6.595.686,00;591,00;4.748.836,00;923,00;5.473.549,00;1.299,00;0,00;0,00;0,00;0,00;340.359,00;0,00;17.444,00;0,00;0,00;0,00;0,00;0,00;0,00;417.021,30;96.119.184,00;41.690,00;47.613,90;;4.280,00;8.799,00;39.690,00;49.566,00;87.066,00;262.477,93;0,00;0,00;0,00;262.477,93;349.543,93;1.695.124,12;21.788.897,46;;;;;;;;;;;;;;;;;;;;;;;;;;;;;;;;;;;;
14/08/2025;6.518,25;1.487,00;6.516,48;1.487,41;1.362,28;783,10;9.545,45;13.003.575,63;0,00;16.905,64;3.934,05;9.545,45;161.371.941,34;34.296,80;28.129.997,14;11.065.814,99;1,00;28.129.997,14;136.498,91;136.498,91;170.795,71;162.438,00;8.357,71;28.057.264,00;13.374,00;106.863,00;87,00;450.076,00;197,00;13.877.499,00;6.868,00;38.510.040,00;23.552,00;27.209.720,00;14.278,00;243.548,00;48,00;861.855,00;497,00;6.569.917,00;3.574,00;2.948.726,00;19.936,00;1.508.505,00;8.065,00;504.704,00;8.801,00;5.058.658,00;21.647,00;3.792.319,00;16.812,00;6.427.179,00;33.591,00;32.712,00;171,00;269.834,00;1.083,00;25.892.994,00;12.380,00;4.120.508,00;4.022,00;90.127,00;35,00;4.163.597,00;2.432,00;585.122,00;657,00;185.043,00;275,00;204.221,36;1.026,44;11.755.858,00;4.580,00;310.440,00;617,00;3.963,00;11.397.108,00;1.548,00;5.669.084,00;3.372,00;4.404.428,00;3.785,00;5.574.351,00;2.846,00;3.853.555,00;932,00;361.726,00;130,00;1.004.333,00;113,00;980.642,00;957,00;426.483,00;749,00;4.669.265,00;1.153,00;389.413,00;1.768,00;5.535.831,00;1.423,00;855.719,00;344,00;435.480,00;369,00;162.029,00;282,00;0,00;0,00;69.009,00;309,00;3.982.656,00;1.819,00;1.621.738,00;1.195,00;144.406,00;645,00;24.200,00;88.916,00;-1.523,30;2.046,00;4.022,00;77.335,01;3.989,00;73.346,01;396.266,13;42.572,41;54.397,00;5.507,05;76.008,56;8.904,33;31.079.570,10;10.754,30;134,01;436,01;1,57;2,53;12,11;16,21;55,05;0,00;0,00;25,14;6.582,61;3.006,12;;31.943,30;69,80;;756.176,00;63,84;;668.934,00;46.154,00;72%;23,47;37%;2.561.092,00;5.091,00;6.596.379,00;693,00;4.749.272,00;436,00;5.475.457,00;1.908,00;0,00;0,00;0,00;0,00;340.359,00;0,00;17.445,00;1,00;0,00;0,00;0,00;0,00;0,00;417.021,30;96.158.431,00;39.247,00;47.645,60;;4.280,00;8.882,00;39.705,00;49.566,00;87.120,00;264.045,64;0,00;0,00;0,00;264.045,64;351.165,64;2.227.797,76;24.016.695,22;;;;;;;;;;;;;;;;;;;;;;;;;;;;;;;;;;;;
15/08/2025;6.519,83;1.487,00;6.518,07;1.487,41;1.362,29;783,39;9.545,45;13.003.671,08;95,45;16.907,22;3.934,05;9.545,45;161.387.013,60;15.072,27;28.267.118,28;11.116.608,32;1,00;28.267.118,28;137.121,14;137.025,69;152.097,95;144.875,00;7.222,95;28.066.420,00;9.156,00;106.950,00;87,00;450.282,00;206,00;13.883.738,00;6.239,00;38.533.636,00;23.596,00;27.221.882,00;12.162,00;243.598,00;50,00;862.332,00;477,00;6.570.732,00;815,00;2.969.220,00;20.494,00;1.516.584,00;8.079,00;513.480,00;8.776,00;5.078.406,00;19.748,00;3.803.575,00;11.256,00;6.459.239,00;32.060,00;32.878,00;166,00;271.518,00;1.684,00;25.903.158,00;10.164,00;4.124.627,00;4.119,00;90.164,00;37,00;4.165.553,00;1.956,00;585.300,00;178,00;185.249,00;206,00;205.229,77;1.008,41;11.758.646,00;2.788,00;311.049,00;609,00;2.179,00;11.397.288,00;180,00;5.672.123,00;3.039,00;4.408.373,00;3.945,00;5.575.039,00;688,00;3.854.637,00;1.082,00;361.881,00;155,00;1.005.115,00;782,00;981.497,00;855,00;427.258,00;775,00;4.669.943,00;678,00;391.207,00;1.794,00;5.537.152,00;1.321,00;856.091,00;372,00;435.575,00;95,00;162.525,00;496,00;0,00;0,00;69.313,00;304,00;3.984.604,00;1.948,00;1.623.067,00;1.329,00;144.986,00;580,00;18.008,00;79.919,00;-2.159,80;1.470,00;4.119,00;68.749,75;3.810,00;64.939,75;420.463,13;24.197,00;55.969,47;1.572,47;79.898,83;3.890,27;31.086.190,60;6.620,50;41,97;454,63;0,45;1,11;6,88;8,44;50,10;0,00;0,00;24,03;6.135,01;2.942,60;;31.994,80;51,50;;793.904,00;37,73;;721.794,00;52.860,00;140%;22,38;59%;2.564.892,00;3.800,00;6.597.108,00;729,00;4.749.433,00;161,00;5.476.371,00;914,00;0,00;0,00;0,00;0,00;340.359,00;0,00;17.446,00;1,00;0,00;0,00;0,00;0,00;0,00;417.021,30;96.196.875,00;38.444,00;47.676,40;;4.280,00;8.967,00;39.715,00;49.566,00;64.828,80;233.783,10;0,00;0,00;0,00;233.783,10;298.611,90;1.327.537,60;25.344.232,82;;;;;;;;;;;;;;;;;;;;;;;;;;;;;;;;;;;;
16/08/2025;6.521,80;1.487,00;6.520,03;1.487,41;1.362,31;783,67;9.545,45;13.003.861,99;190,91;16.909,17;3.934,04;9.545,45;161.405.617,69;18.604,08;28.403.745,56;11.170.881,19;1,00;28.403.745,56;136.627,28;136.436,37;155.040,45;146.989,00;8.051,45;28.077.274,00;10.854,00;107.018,00;68,00;450.410,00;128,00;13.890.928,00;7.190,00;38.557.372,00;23.736,00;27.234.984,00;13.102,00;243.645,00;47,00;862.825,00;493,00;6.573.731,00;2.999,00;2.989.649,00;20.429,00;1.524.730,00;8.146,00;522.322,00;8.842,00;5.096.848,00;18.442,00;3.819.949,00;16.374,00;6.485.245,00;26.006,00;33.044,00;166,00;272.928,00;1.410,00;25.914.014,00;10.856,00;4.128.501,00;3.874,00;90.205,00;41,00;4.167.376,00;1.823,00;585.344,00;44,00;185.453,00;204,00;206.202,37;972,60;11.763.442,00;4.796,00;311.440,00;391,00;4.405,00;11.397.473,00;185,00;5.674.883,00;2.760,00;4.411.605,00;3.232,00;5.577.837,00;2.798,00;3.855.593,00;956,00;362.012,00;131,00;1.005.253,00;138,00;982.408,00;911,00;427.838,00;580,00;4.671.044,00;1.101,00;392.995,00;1.788,00;5.538.689,00;1.537,00;856.432,00;341,00;435.652,00;77,00;162.892,00;367,00;0,00;0,00;69.614,00;301,00;3.986.521,00;1.917,00;1.624.431,00;1.364,00;145.567,00;581,00;23.224,00;77.810,00;-1.110,20;1.132,00;3.874,00;73.334,65;3.710,50;69.624,15;452.601,94;32.138,81;62.237,03;6.267,56;79.932,95;34,12;31.094.503,90;8.313,30;155,03;235,21;1,78;0,01;9,14;10,93;56,39;0,00;0,00;25,08;6.964,99;3.097,75;;32.036,20;41,40;;823.680,00;29,78;;760.500,00;38.706,00;130%;16,94;57%;2.569.926,00;5.034,00;6.597.590,00;482,00;4.749.433,00;0,00;5.478.360,00;1.989,00;0,00;0,00;0,00;0,00;340.359,00;0,00;17.446,00;0,00;0,00;0,00;0,00;0,00;0,00;417.021,30;96.236.316,00;39.441,00;47.708,00;;4.280,00;9.045,00;39.728,00;49.566,00;83.606,40;250.646,95;0,00;0,00;0,00;250.646,95;334.253,35;1.973.922,75;27.318.155,57;;;;;;;;;;;;;;;;;;;;;;;;;;;;;;;;;;;;
17/08/2025;6.522,23;1.487,00;6.520,46;1.487,41;1.362,43;784,04;9.545,45;13.005.007,44;1.145,45;16.909,50;3.934,05;9.545,45;161.408.815,41;3.197,73;28.535.781,05;11.218.220,11;1,00;28.535.781,05;132.035,49;130.890,04;134.087,76;127.495,00;6.592,76;28.083.706,00;6.432,00;107.082,00;64,00;450.580,00;170,00;13.897.863,00;6.935,00;38.581.264,00;23.892,00;27.243.724,00;8.740,00;243.691,00;46,00;863.288,00;463,00;6.575.345,00;1.614,00;3.009.123,00;19.474,00;1.532.770,00;8.040,00;531.015,00;8.693,00;5.115.398,00;18.550,00;3.829.435,00;9.486,00;6.510.051,00;24.806,00;33.212,00;168,00;273.826,00;898,00;25.923.194,00;9.180,00;4.132.626,00;4.125,00;90.246,00;41,00;4.168.851,00;1.475,00;585.354,00;10,00;185.465,00;12,00;207.172,37;970,00;11.766.070,00;2.628,00;311.449,00;9,00;2.619,00;11.398.232,00;759,00;5.677.672,00;2.789,00;4.412.054,00;449,00;5.579.320,00;1.483,00;3.856.578,00;985,00;362.127,00;115,00;1.005.364,00;111,00;983.245,00;837,00;428.173,00;335,00;4.672.300,00;1.256,00;394.713,00;1.718,00;5.539.810,00;1.121,00;856.753,00;321,00;435.690,00;38,00;163.014,00;122,00;0,00;0,00;69.910,00;296,00;3.988.363,00;1.842,00;1.625.738,00;1.307,00;146.134,00;567,00;13.540,00;69.575,00;-1.250,50;494,00;4.125,00;61.144,26;3.442,50;57.701,76;467.926,03;15.324,09;66.067,15;3.830,12;79.932,95;0,00;31.098.576,70;4.072,80;107,66;3,34;1,09;0,00;4,36;5,45;57,29;0,00;0,00;22,85;6.871,67;2.740,75;;32.077,50;41,30;;854.512,00;30,83;;800.360,00;39.860,00;129%;12,79;41%;2.574.885,00;4.959,00;6.598.684,00;1.094,00;4.749.602,00;169,00;5.480.234,00;1.874,00;0,00;0,00;0,00;0,00;340.359,00;0,00;17.446,00;0,00;0,00;0,00;0,00;0,00;0,00;417.021,30;96.274.595,00;38.279,00;47.739,90;;4.280,00;9.125,00;39.743,00;49.566,00;48.744,00;207.726,34;0,00;0,00;0,00;207.726,34;256.470,34;730.407,48;28.048.563,05;;;;;;;;;;;;;;;;;;;;;;;;;;;;;;;;;;;;
18/08/2025;6.524,22;1.497,01;6.522,45;1.487,42;1.362,46;784,93;9.545,45;13.005.293,81;286,36;16.911,48;3.934,05;9.545,45;161.427.658,13;18.842,72;28.669.472,59;11.275.423,46;1,00;28.669.472,59;133.691,54;133.405,18;152.247,89;143.748,00;8.499,89;28.094.034,00;10.328,00;107.151,00;69,00;450.777,00;197,00;13.905.345,00;7.482,00;38.598.092,00;16.828,00;27.258.442,00;14.718,00;243.745,00;54,00;863.761,00;473,00;6.579.516,00;4.171,00;3.028.746,00;19.623,00;1.540.668,00;7.898,00;539.493,00;8.478,00;5.133.269,00;17.871,00;3.845.729,00;16.294,00;6.538.179,00;28.128,00;33.364,00;152,00;275.113,00;1.287,00;25.935.670,00;12.476,00;4.135.841,00;3.215,00;90.282,00;36,00;4.170.435,00;1.584,00;585.381,00;27,00;185.586,00;121,00;208.124,47;952,10;11.770.479,00;4.409,00;312.088,00;639,00;3.770,00;11.402.417,00;4.185,00;5.680.709,00;3.037,00;4.415.537,00;3.483,00;5.583.034,00;3.714,00;3.857.590,00;1.012,00;362.226,00;99,00;1.005.458,00;94,00;984.265,00;1.020,00;428.747,00;574,00;4.673.651,00;1.351,00;396.454,00;1.741,00;5.541.180,00;1.370,00;857.140,00;387,00;435.927,00;237,00;163.305,00;291,00;0,00;0,00;70.203,00;293,00;3.990.204,00;1.841,00;1.627.034,00;1.296,00;146.586,00;452,00;23.158,00;78.669,00;-7.831,10;1.260,00;3.215,00;76.934,99;3.378,00;73.556,99;499.051,34;31.125,31;69.852,00;3.784,85;87.070,07;7.137,12;31.106.479,70;7.903,00;96,45;184,95;1,08;2,03;8,85;11,96;59,54;0,00;0,00;30,60;7.192,95;3.696,75;;32.141,10;63,60;;910.096,00;55,58;;840.071,00;39.711,00;71%;10,73;19%;2.579.326,00;4.441,00;6.599.308,00;624,00;4.749.602,00;0,00;5.483.107,00;2.873,00;0,00;0,00;0,00;0,00;340.359,00;0,00;17.447,00;1,00;0,00;0,00;0,00;0,00;0,00;417.021,30;96.314.655,00;40.060,00;47.759,10;;4.280,00;9.195,00;39.749,00;49.566,00;83.368,80;264.805,18;0,00;0,00;0,00;264.805,18;348.173,98;1.678.190,88;29.726.753,93;;;;;;;;;;;;;;;;;;;;;;;;;;;;;;;;;;;;
19/08/2025;6.528,87;1.487,73;6.527,10;1.488,14;1.362,46;785,44;9.545,45;13.005.293,81;0,00;16.916,13;3.934,78;9.545,45;161.472.054,02;44.395,89;28.787.658,11;11.326.714,02;1,00;28.787.658,11;118.185,52;118.185,52;162.581,41;153.569,00;9.012,41;28.105.216,00;11.182,00;107.233,00;82,00;450.987,00;210,00;13.913.345,00;8.000,00;38.611.300,00;13.208,00;27.273.620,00;15.178,00;243.796,00;51,00;864.158,00;397,00;6.584.094,00;4.578,00;3.049.546,00;20.800,00;1.548.737,00;8.069,00;548.298,00;8.805,00;5.152.704,00;19.435,00;3.864.189,00;18.460,00;6.571.703,00;33.524,00;33.531,00;167,00;276.913,00;1.800,00;25.949.452,00;13.782,00;4.139.428,00;3.587,00;90.317,00;35,00;4.172.510,00;2.075,00;585.831,00;450,00;185.759,00;173,00;209.145,16;1.020,69;11.775.156,00;4.677,00;312.289,00;201,00;4.476,00;11.406.538,00;4.121,00;5.683.701,00;2.992,00;4.418.937,00;3.400,00;5.587.067,00;4.033,00;3.858.551,00;961,00;362.324,00;98,00;1.005.541,00;83,00;985.453,00;1.188,00;429.420,00;673,00;4.674.920,00;1.269,00;398.041,00;1.587,00;5.542.744,00;1.564,00;857.519,00;379,00;436.213,00;286,00;163.773,00;468,00;0,00;0,00;70.511,00;308,00;3.992.092,00;1.888,00;1.628.305,00;1.271,00;147.265,00;679,00;24.958,00;88.293,00;-11.008,90;1.221,00;3.587,00;80.489,31;3.912,50;76.576,81;533.542,60;34.491,26;74.050,52;4.198,52;92.230,68;5.160,61;31.115.316,60;8.836,90;114,74;396,81;1,19;1,47;9,81;12,47;64,03;0,00;0,00;29,41;7.760,24;3.564,40;;32.216,90;75,80;;981.152,00;71,06;;888.221,00;48.150,00;68%;18,43;26%;2.583.858,00;4.532,00;6.600.718,00;1.410,00;4.750.615,00;1.013,00;5.484.097,00;990,00;0,00;0,00;0,00;0,00;340.359,00;0,00;17.447,00;0,00;0,00;0,00;0,00;0,00;0,00;417.021,30;96.351.608,00;36.953,00;47.768,30;;4.280,00;9.275,00;39.763,00;49.566,00;89.848,80;275.676,51;0,00;0,00;0,00;275.676,51;365.525,31;2.160.962,63;31.887.716,56;;;;;;;;;;;;;;;;;;;;;;;;;;;;;;;;;;;;
20/08/2025;6.538,96;1.490,57;6.537,18;1.490,98;1.362,47;785,90;9.545,45;13.005.389,26;95,45;16.926,20;3.937,62;9.545,45;161.568.148,06;96.094,05;28.847.708,14;11.352.749,12;1,00;28.847.708,14;60.050,03;59.954,58;156.048,62;146.165,00;9.883,62;28.114.546,00;9.330,00;107.315,00;82,00;451.170,00;183,00;13.920.889,00;7.544,00;38.621.668,00;10.368,00;27.287.472,00;13.852,00;243.845,00;49,00;864.550,00;392,00;6.587.322,00;3.228,00;3.069.740,00;20.194,00;1.556.781,00;8.044,00;557.096,00;8.798,00;5.173.186,00;20.482,00;3.882.009,00;17.820,00;6.606.184,00;34.481,00;33.693,00;162,00;278.258,00;1.345,00;25.961.546,00;12.094,00;4.141.375,00;1.947,00;90.352,00;35,00;4.174.798,00;2.288,00;586.489,00;658,00;185.955,00;196,00;210.135,08;989,92;11.779.380,00;4.224,00;312.291,00;2,00;4.222,00;11.410.567,00;4.029,00;5.686.488,00;2.787,00;4.422.213,00;3.276,00;5.590.056,00;2.989,00;3.859.495,00;944,00;362.424,00;100,00;1.005.623,00;82,00;986.530,00;1.077,00;430.139,00;719,00;4.676.447,00;1.527,00;399.687,00;1.646,00;5.544.256,00;1.512,00;857.875,00;356,00;436.315,00;102,00;164.126,00;353,00;0,00;0,00;70.823,00;312,00;3.993.835,00;1.743,00;1.629.402,00;1.097,00;147.930,00;665,00;24.165,00;89.625,00;-14.349,10;1.248,00;1.947,00;77.577,72;3.864,00;73.713,72;559.971,10;26.428,50;78.534,91;4.484,39;92.573,49;342,81;31.122.146,70;6.830,10;122,45;217,55;1,28;0,10;7,52;8,89;59,74;0,00;0,00;28,79;7.258,24;3.497,90;;32.261,10;44,20;;1.015.740,00;34,59;;935.646,00;47.425,00;137%;1,29;4%;2.587.747,00;3.889,00;6.602.131,00;1.413,00;4.750.756,00;141,00;5.485.480,00;1.383,00;0,00;0,00;0,00;0,00;340.359,00;0,00;17.447,00;0,00;0,00;0,00;0,00;0,00;0,00;417.021,30;96.369.234,00;17.626,00;47.777,70;;4.280,00;9.354,00;39.778,00;49.566,00;86.994,00;265.369,39;0,00;0,00;0,00;265.369,39;352.363,39;2.000.477,56;33.888.194,12;;;;;;;;;;;;;;;;;;;;;;;;;;;;;;;;;;;;
21/08/2025;6.542,89;1.490,60;6.541,11;1.491,01;1.362,47;786,38;9.545,45;13.005.389,26;0,00;16.930,13;3.937,64;9.545,45;161.605.709,41;37.561,35;28.985.729,89;11.411.070,30;1,00;28.985.729,89;138.021,75;138.021,75;175.583,10;165.754,00;9.829,10;28.126.742,00;12.196,00;107.393,00;78,00;451.397,00;227,00;13.928.746,00;7.857,00;38.645.372,00;23.704,00;27.300.694,00;13.222,00;243.897,00;52,00;864.897,00;347,00;6.589.305,00;1.983,00;3.090.327,00;20.587,00;1.564.810,00;8.029,00;565.890,00;8.794,00;5.192.739,00;19.553,00;3.904.119,00;22.110,00;6.640.921,00;34.737,00;33.852,00;159,00;279.877,00;1.619,00;25.973.334,00;11.788,00;4.141.419,00;44,00;90.387,00;35,00;4.176.980,00;2.182,00;587.145,00;656,00;186.176,00;221,00;211.142,91;1.007,83;11.784.115,00;4.735,00;312.293,00;2,00;4.733,00;11.414.971,00;4.404,00;5.689.602,00;3.114,00;4.425.845,00;3.632,00;5.591.651,00;1.595,00;3.860.403,00;908,00;362.527,00;103,00;1.005.704,00;81,00;987.822,00;1.292,00;430.824,00;685,00;4.677.890,00;1.443,00;401.306,00;1.619,00;5.545.966,00;1.710,00;858.252,00;377,00;436.526,00;211,00;164.572,00;446,00;0,00;0,00;71.138,00;315,00;3.995.596,00;1.761,00;1.630.543,00;1.141,00;148.605,00;675,00;29.528,00;93.223,00;-749,80;1.226,00;44,00;81.839,90;3.842,00;77.997,90;598.408,40;38.437,30;82.499,25;3.964,34;95.874,98;3.301,49;31.131.932,10;9.785,40;120,86;96,29;1,13;0,94;10,93;13,00;61,98;0,00;0,00;29,22;7.739,10;3.648,54;;32.310,80;49,70;;1.056.590,00;40,85;;978.404,00;42.758,00;105%;14,98;37%;2.592.574,00;4.827,00;6.602.371,00;240,00;4.750.899,00;143,00;5.487.342,00;1.862,00;0,00;0,00;0,00;0,00;340.359,00;0,00;17.447,00;0,00;0,00;0,00;0,00;0,00;0,00;417.021,30;96.400.903,00;31.669,00;47.787,20;;4.280,00;9.410,00;39.782,00;49.566,00;106.300,80;280.792,42;0,00;0,00;0,00;280.792,42;387.093,22;2.485.265,05;36.373.459,17;;;;;;;;;;;;;;;;;;;;;;;;;;;;;;;;;;;;
22/08/2025;6.546,58;1.490,60;6.544,80;1.491,01;1.362,48;786,81;9.545,45;13.005.484,72;95,45;16.933,81;3.937,64;9.545,45;161.640.817,57;35.108,17;29.120.915,00;11.467.380,07;1,00;29.120.915,00;135.185,11;135.089,66;170.197,82;163.778,00;6.419,82;28.140.136,00;13.394,00;107.470,00;77,00;451.623,00;226,00;13.936.723,00;7.977,00;38.669.232,00;23.860,00;27.314.052,00;13.358,00;243.945,00;48,00;865.237,00;340,00;6.591.785,00;2.480,00;3.110.707,00;20.380,00;1.572.533,00;7.723,00;574.691,00;8.801,00;5.210.716,00;17.977,00;3.925.173,00;21.054,00;6.674.919,00;33.998,00;33.993,00;141,00;281.656,00;1.779,00;25.985.114,00;11.780,00;4.141.450,00;31,00;90.427,00;40,00;4.179.309,00;2.329,00;587.773,00;628,00;186.403,00;227,00;212.125,56;982,65;11.788.380,00;4.265,00;312.295,00;2,00;4.263,00;11.419.289,00;4.318,00;5.692.858,00;3.256,00;4.429.179,00;3.334,00;5.593.685,00;2.034,00;3.861.447,00;1.044,00;362.626,00;99,00;1.005.796,00;92,00;988.959,00;1.137,00;431.575,00;751,00;4.679.268,00;1.378,00;403.124,00;1.818,00;5.547.495,00;1.529,00;858.630,00;378,00;436.769,00;243,00;164.992,00;420,00;0,00;0,00;71.443,00;305,00;3.997.432,00;1.836,00;1.631.776,00;1.233,00;149.278,00;673,00;28.262,00;89.553,00;-541,90;1.197,00;31,00;79.958,72;3.978,50;75.980,22;641.311,94;42.903,54;87.744,56;5.245,31;101.408,60;5.533,62;31.142.681,20;10.749,10;135,24;231,79;1,49;1,57;12,20;15,27;64,03;0,00;0,00;29,45;7.666,47;3.526,12;;32.378,90;68,10;;1.118.496,00;61,91;;1.024.270,00;45.866,00;74%;16,62;27%;2.597.648,00;5.074,00;6.602.687,00;316,00;4.751.307,00;408,00;5.489.245,00;1.903,00;0,00;0,00;0,00;0,00;340.359,00;0,00;17.447,00;0,00;0,00;0,00;0,00;0,00;0,00;417.021,30;96.450.129,00;49.226,00;47.797,00;;4.280,00;9.473,00;39.807,00;49.566,00;101.743,20;273.528,79;0,00;0,00;0,00;273.528,79;375.271,99;2.192.279,93;38.565.739,10;;;;;;;;;;;;;;;;;;;;;;;;;;;;;;;;;;;;
23/08/2025;6.547,65;1.490,60;6.545,87;1.491,01;1.362,51;787,25;9.545,45;13.005.771,08;286,36;16.934,85;3.937,64;9.545,45;161.650.792,57;9.975,00;29.255.864,00;11.514.806,10;1,00;29.255.864,00;134.949,00;134.662,64;144.637,63;138.429,00;6.208,63;28.149.426,00;9.290,00;107.539,00;69,00;451.819,00;196,00;13.944.139,00;7.416,00;38.693.040,00;23.808,00;27.326.164,00;12.112,00;243.991,00;46,00;865.617,00;380,00;6.594.909,00;3.124,00;3.129.713,00;19.006,00;1.580.565,00;8.032,00;582.752,00;8.061,00;5.219.623,00;8.907,00;3.941.847,00;16.674,00;6.705.241,00;30.322,00;34.129,00;136,00;282.660,00;1.004,00;25.996.008,00;10.894,00;4.144.476,00;3.026,00;90.466,00;39,00;4.181.219,00;1.910,00;588.120,00;347,00;186.588,00;185,00;213.116,41;990,85;11.791.806,00;3.426,00;312.299,00;4,00;3.422,00;11.423.041,00;3.752,00;5.694.941,00;2.083,00;4.431.558,00;2.379,00;5.596.499,00;2.814,00;3.862.369,00;922,00;362.727,00;101,00;1.005.910,00;114,00;989.950,00;991,00;432.105,00;530,00;4.680.269,00;1.001,00;404.960,00;1.836,00;5.548.987,00;1.492,00;859.052,00;422,00;436.915,00;146,00;165.146,00;154,00;0,00;0,00;71.744,00;301,00;3.999.061,00;1.629,00;1.632.849,00;1.073,00;149.867,00;589,00;21.963,00;71.996,00;-1.208,60;916,00;3.026,00;69.908,23;3.474,00;66.434,23;668.980,06;27.668,12;91.638,32;3.893,76;102.667,65;1.259,05;31.149.453,30;6.772,10;91,25;184,78;1,11;0,36;7,87;9,33;57,54;0,00;0,00;25,53;7.258,62;3.220,59;;32.432,60;53,70;;1.161.968,00;43,47;;1.070.938,00;46.668,00;107%;9,94;23%;2.602.659,00;5.011,00;6.603.687,00;1.000,00;4.751.389,00;82,00;5.492.451,00;3.206,00;0,00;0,00;0,00;0,00;340.359,00;0,00;17.447,00;0,00;0,00;0,00;0,00;0,00;0,00;417.021,30;96.489.520,00;39.391,00;47.806,60;;4.280,00;9.536,00;39.819,00;49.566,00;79.066,80;239.163,23;0,00;0,00;0,00;239.163,23;318.230,03;1.600.078,78;40.165.817,88;;;;;;;;;;;;;;;;;;;;;;;;;;;;;;;;;;;;
24/08/2025;6.548,84;1.490,60;6.547,07;1.491,01;1.362,66;787,70;9.545,45;13.007.202,90;1.431,82;16.936,00;3.937,64;9.545,45;161.661.722,11;10.929,54;29.392.443,31;11.562.788,93;1,00;29.392.443,31;136.579,31;135.147,49;146.077,03;137.604,00;8.473,03;28.157.712,00;8.286,00;107.606,00;67,00;451.987,00;168,00;13.951.371,00;7.232,00;38.716.716,00;23.676,00;27.337.744,00;11.580,00;244.042,00;51,00;866.001,00;384,00;6.598.063,00;3.154,00;3.149.699,00;19.986,00;1.588.781,00;8.216,00;591.737,00;8.985,00;5.230.174,00;10.551,00;3.955.844,00;13.997,00;6.735.939,00;30.698,00;34.260,00;131,00;284.119,00;1.459,00;26.007.606,00;11.598,00;4.148.616,00;4.140,00;90.501,00;35,00;4.183.048,00;1.829,00;588.665,00;545,00;186.608,00;20,00;214.083,66;967,25;11.793.568,00;1.762,00;312.301,00;2,00;1.760,00;11.427.144,00;4.103,00;5.697.954,00;3.013,00;4.433.860,00;2.302,00;5.599.348,00;2.849,00;3.863.277,00;908,00;362.827,00;100,00;1.006.007,00;97,00;990.684,00;734,00;432.595,00;490,00;4.681.159,00;890,00;406.800,00;1.840,00;5.550.351,00;1.364,00;859.407,00;355,00;437.059,00;144,00;165.497,00;351,00;0,00;0,00;72.039,00;295,00;4.000.730,00;1.669,00;1.633.993,00;1.144,00;150.406,00;539,00;19.209,00;72.447,00;-1.568,60;951,00;4.140,00;70.107,63;3.417,50;66.690,13;691.673,56;22.693,50;95.087,95;3.449,63;104.259,34;1.591,69;31.155.334,20;5.880,90;80,50;82,15;0,98;0,45;6,45;7,89;55,54;0,00;0,00;25,21;7.017,10;3.185,11;;32.476,60;44,00;;1.196.416,00;34,45;;1.119.152,00;48.214,00;140%;8,91;26%;2.607.898,00;5.239,00;6.605.486,00;1.799,00;4.751.434,00;45,00;5.493.562,00;1.111,00;0,00;0,00;0,00;0,00;340.359,00;0,00;17.447,00;0,00;0,00;0,00;0,00;0,00;0,00;417.021,30;96.525.013,00;35.493,00;47.816,10;;4.280,00;9.629,00;39.831,00;49.566,00;69.152,40;240.084,48;0,00;0,00;0,00;240.084,48;309.236,88;1.291.248,62;41.457.066,50;;;;;;;;;;;;;;;;;;;;;;;;;;;;;;;;;;;;
25/08/2025;6.553,32;1.490,60;6.551,54;1.491,01;1.362,66;788,15;9.545,45;13.007.202,90;0,00;16.940,48;3.937,64;9.545,45;161.704.457,09;42.734,98;29.531.461,79;11.624.044,52;1,00;29.531.461,79;139.018,48;139.018,48;181.753,46;170.182,00;11.571,46;28.170.274,00;12.562,00;107.687,00;81,00;452.185,00;198,00;13.959.746,00;8.375,00;38.740.456,00;23.740,00;27.353.118,00;15.374,00;244.087,00;45,00;866.377,00;376,00;6.603.116,00;5.053,00;3.170.459,00;20.760,00;1.596.726,00;7.945,00;600.375,00;8.638,00;5.250.700,00;20.526,00;3.977.692,00;21.848,00;6.768.600,00;32.661,00;34.396,00;136,00;285.860,00;1.741,00;26.021.942,00;14.336,00;4.152.907,00;4.291,00;90.541,00;40,00;4.185.260,00;2.212,00;589.291,00;626,00;186.760,00;152,00;215.096,23;1.012,57;11.798.094,00;4.526,00;312.303,00;2,00;4.524,00;11.431.593,00;4.449,00;5.700.918,00;2.964,00;4.437.434,00;3.574,00;5.603.773,00;4.425,00;3.864.195,00;918,00;362.924,00;97,00;1.006.108,00;101,00;991.892,00;1.208,00;433.186,00;591,00;4.682.193,00;1.034,00;408.483,00;1.683,00;5.551.982,00;1.631,00;859.779,00;372,00;437.396,00;337,00;165.907,00;410,00;0,00;0,00;72.343,00;304,00;4.002.586,00;1.856,00;1.635.255,00;1.262,00;151.117,00;711,00;29.637,00;91.618,00;-444,00;1.156,00;4.291,00;85.132,46;3.977,00;81.155,46;731.824,50;40.150,94;100.019,20;4.931,25;112.189,06;7.929,72;31.165.324,90;9.990,70;134,50;295,32;1,40;2,26;11,42;15,08;67,13;0,00;0,00;31,30;8.080,19;3.767,47;;32.559,00;82,40;;1.274.160,00;77,74;;1.169.580,00;50.428,00;65%;6,08;8%;2.613.101,00;5.203,00;6.605.748,00;262,00;4.751.788,00;354,00;5.493.919,00;357,00;0,00;0,00;0,00;0,00;340.359,00;0,00;17.447,00;0,00;0,00;0,00;0,00;0,00;0,00;417.021,30;96.567.142,00;42.129,00;47.825,10;;4.280,00;9.700,00;39.865,00;49.566,00;106.693,20;292.159,65;0,00;0,00;0,00;292.159,65;398.852,85;2.301.448,69;43.758.515,19;;;;;;;;;;;;;;;;;;;;;;;;;;;;;;;;;;;;
26/08/2025;6.557,30;1.490,60;6.555,52;1.491,01;1.362,66;788,53;9.545,45;13.007.202,90;0,00;16.944,46;3.937,64;9.545,45;161.742.457,53;38.000,44;29.669.377,28;11.682.629,49;1,00;29.669.377,28;137.915,49;137.915,49;175.915,93;166.531,00;9.384,93;28.182.718,00;12.444,00;107.768,00;81,00;452.386,00;201,00;13.967.761,00;8.015,00;38.764.344,00;23.888,00;27.367.450,00;14.332,00;244.132,00;45,00;866.741,00;364,00;6.607.162,00;4.046,00;3.191.118,00;20.659,00;1.604.708,00;7.982,00;609.120,00;8.745,00;5.271.372,00;20.672,00;3.997.861,00;20.169,00;6.800.930,00;32.330,00;34.538,00;142,00;287.356,00;1.496,00;26.035.964,00;14.022,00;4.157.324,00;4.417,00;90.580,00;39,00;4.187.570,00;2.310,00;589.934,00;643,00;186.916,00;156,00;216.110,99;1.014,76;11.801.906,00;3.812,00;312.488,00;185,00;3.627,00;11.436.086,00;4.493,00;5.703.995,00;3.077,00;4.440.895,00;3.461,00;5.607.203,00;3.430,00;3.865.160,00;965,00;363.022,00;98,00;1.006.207,00;99,00;992.859,00;967,00;433.851,00;665,00;4.683.348,00;1.155,00;410.210,00;1.727,00;5.553.567,00;1.585,00;860.140,00;361,00;437.734,00;338,00;166.248,00;341,00;0,00;0,00;72.644,00;301,00;4.004.594,00;2.008,00;1.636.652,00;1.397,00;151.871,00;754,00;27.272,00;89.898,00;-736,40;1.348,00;4.417,00;80.989,33;4.218,00;76.771,33;769.815,20;37.990,70;105.865,19;5.845,99;116.699,02;4.509,96;31.175.222,80;9.897,90;169,63;453,42;1,66;1,28;10,81;13,75;63,08;0,00;0,00;30,43;7.803,95;3.764,65;;32.639,40;80,40;;1.349.660,00;75,50;;1.216.950,00;47.370,00;63%;5,37;7%;2.618.189,00;5.088,00;6.606.026,00;278,00;4.752.034,00;246,00;5.494.495,00;576,00;0,00;0,00;0,00;0,00;340.359,00;0,00;17.447,00;0,00;0,00;0,00;0,00;0,00;0,00;417.021,30;96.606.696,00;39.554,00;47.834,40;;4.280,00;9.785,00;39.879,00;49.566,00;98.179,20;276.376,78;0,00;0,00;0,00;276.376,78;374.555,98;2.048.293,62;45.806.808,81;;;;;;;;;;;;;;;;;;;;;;;;;;;;;;;;;;;;
27/08/2025;6.560,10;1.490,60;6.558,31;1.491,01;1.362,67;788,97;9.545,45;13.007.298,35;95,45;16.947,24;3.937,64;9.545,45;161.769.022,51;26.564,99;29.807.188,03;11.734.902,34;1,00;29.807.188,03;137.810,75;137.715,30;164.280,28;155.124,00;9.156,28;28.192.660,00;9.942,00;107.848,00;80,00;452.608,00;222,00;13.975.399,00;7.638,00;38.788.308,00;23.964,00;27.381.378,00;13.928,00;244.182,00;50,00;867.136,00;395,00;6.610.872,00;3.710,00;3.211.642,00;20.524,00;1.612.522,00;7.814,00;617.966,00;8.846,00;5.293.019,00;21.647,00;4.010.892,00;13.031,00;6.832.682,00;31.752,00;34.681,00;143,00;288.806,00;1.450,00;26.048.662,00;12.698,00;4.161.796,00;4.472,00;90.626,00;46,00;4.189.628,00;2.058,00;590.553,00;619,00;186.944,00;28,00;217.129,82;1.018,83;11.804.868,00;2.962,00;313.007,00;519,00;2.443,00;11.439.325,00;3.239,00;5.707.309,00;3.314,00;4.444.558,00;3.663,00;5.610.386,00;3.183,00;3.866.140,00;980,00;363.122,00;100,00;1.006.307,00;100,00;993.659,00;800,00;434.496,00;645,00;4.684.468,00;1.120,00;411.718,00;1.508,00;5.555.319,00;1.752,00;860.490,00;350,00;438.020,00;286,00;166.635,00;387,00;0,00;0,00;72.946,00;302,00;4.006.580,00;1.986,00;1.638.014,00;1.362,00;152.579,00;708,00;19.717,00;83.090,00;-1.113,50;1.561,00;4.472,00;76.270,78;4.025,00;72.245,78;800.038,00;30.222,80;109.392,20;3.527,01;121.013,01;4.313,99;31.182.928,30;7.705,50;93,21;340,34;1,00;1,23;8,60;10,83;61,74;0,00;0,00;27,78;7.491,14;3.370,65;;32.715,50;76,10;;1.417.568,00;67,91;;1.262.738,00;45.788,00;67%;7,75;11%;2.621.654,00;3.465,00;6.607.554,00;1.528,00;4.752.771,00;737,00;5.497.475,00;2.980,00;0,00;0,00;0,00;0,00;340.359,00;0,00;17.448,00;1,00;0,00;0,00;0,00;0,00;0,00;417.021,30;96.646.811,00;40.115,00;47.843,90;;4.280,00;9.861,00;39.886,00;49.566,00;70.981,20;260.084,82;0,00;0,00;0,00;260.084,82;331.066,02;1.539.950,32;47.346.759,13;;;;;;;;;;;;;;;;;;;;;;;;;;;;;;;;;;;;
28/08/2025;6.563,92;1.490,60;6.562,14;1.491,01;1.362,67;789,39;9.545,45;13.007.298,35;0,00;16.951,06;3.937,64;9.545,45;161.805.533,86;36.511,35;29.945.281,42;11.790.445,94;1,00;29.945.281,42;138.093,39;138.093,39;174.604,74;165.008,00;9.596,74;28.205.166,00;12.506,00;107.929,00;81,00;452.810,00;202,00;13.983.663,00;8.264,00;38.812.292,00;23.984,00;27.395.588,00;14.210,00;244.230,00;48,00;867.645,00;509,00;6.613.462,00;2.590,00;3.232.708,00;21.066,00;1.620.548,00;8.026,00;626.805,00;8.839,00;5.314.831,00;21.812,00;4.029.002,00;18.110,00;6.863.380,00;30.698,00;34.838,00;157,00;290.388,00;1.582,00;26.063.020,00;14.358,00;4.166.481,00;4.685,00;90.662,00;36,00;4.191.834,00;2.206,00;591.154,00;601,00;187.117,00;173,00;218.156,06;1.026,24;11.809.519,00;4.651,00;313.407,00;400,00;4.251,00;11.443.406,00;4.081,00;5.710.123,00;2.814,00;4.448.501,00;3.943,00;5.612.637,00;2.251,00;3.867.197,00;1.057,00;363.219,00;97,00;1.006.403,00;96,00;994.850,00;1.191,00;435.238,00;742,00;4.685.908,00;1.440,00;413.420,00;1.702,00;5.557.162,00;1.843,00;860.852,00;362,00;438.186,00;166,00;167.081,00;446,00;0,00;0,00;73.254,00;308,00;4.008.641,00;2.061,00;1.639.449,00;1.435,00;153.247,00;668,00;25.461,00;87.485,00;-526,50;1.683,00;4.685,00;81.278,24;4.140,00;77.138,24;841.479,06;41.441,06;113.840,16;4.447,96;122.938,53;1.925,52;31.192.894,50;9.966,20;212,16;233,26;1,27;0,55;11,79;13,60;65,13;0,00;0,00;29,57;8.004,47;3.634,15;;32.774,50;59,00;;1.468.048,00;50,48;;1.315.473,00;52.735,00;104%;-1,59;-3%;2.625.317,00;3.663,00;6.607.862,00;308,00;4.753.487,00;716,00;5.500.011,00;2.536,00;0,00;0,00;0,00;0,00;340.359,00;0,00;17.448,00;0,00;0,00;0,00;0,00;0,00;0,00;417.021,30;96.686.772,00;39.961,00;47.853,20;;4.280,00;9.945,00;39.891,00;49.566,00;91.659,60;277.697,65;0,00;0,00;0,00;277.697,65;369.357,25;2.126.215,88;49.472.975,01;;;;;;;;;;;;;;;;;;;;;;;;;;;;;;;;;;;;
29/08/2025;6.567,12;1.490,60;6.565,34;1.491,01;1.362,67;789,80;9.545,45;13.007.298,35;0,00;16.954,27;3.937,00;9.545,45;161.836.107,94;30.574,08;30.080.348,00;11.842.808,00;1,00;30.080.348,00;135.066,58;135.066,58;165.640,66;158.939,00;6.701,66;28.214.642,00;9.476,00;108.002,00;73,00;453.025,00;215,00;13.991.666,00;8.003,00;38.836.292,00;24.000,00;27.409.482,00;13.894,00;244.275,00;45,00;868.131,00;486,00;6.616.856,00;3.394,00;3.253.580,00;20.872,00;1.628.592,00;8.044,00;635.628,00;8.823,00;5.335.352,00;20.521,00;4.045.507,00;16.505,00;6.895.312,00;31.932,00;34.991,00;153,00;291.994,00;1.606,00;26.076.756,00;13.736,00;4.170.978,00;4.497,00;90.700,00;38,00;4.193.893,00;2.059,00;591.798,00;644,00;187.201,00;84,00;219.150,00;993,94;11.813.753,00;4.234,00;313.820,00;413,00;3.821,00;11.447.165,00;3.759,00;5.713.016,00;2.893,00;4.451.642,00;3.141,00;5.615.802,00;3.165,00;3.868.232,00;1.035,00;363.316,00;97,00;1.006.496,00;93,00;995.856,00;1.006,00;435.864,00;626,00;4.687.248,00;1.340,00;415.290,00;1.870,00;5.558.914,00;1.752,00;861.226,00;374,00;438.281,00;95,00;167.530,00;449,00;0,00;0,00;73.560,00;306,00;4.010.605,00;1.964,00;1.640.820,00;1.371,00;154.002,00;755,00;22.406,00;85.825,00;-811,60;1.627,00;4.497,00;74.503,26;4.054,50;70.448,76;868.842,20;27.363,14;118.086,82;4.246,66;122.938,53;0,00;31.199.708,80;6.814,30;222,52;89,55;1,21;0,00;7,78;8,99;63,88;0,00;0,00;29,04;7.728,45;3.513,37;;32.814,60;40,10;;1.498.460,00;30,41;;1.356.540,00;41.067,00;135%;12,93;43%;2.628.207,00;2.890,00;6.609.306,00;1.444,00;4.754.906,00;1.419,00;5.501.814,00;1.803,00;0,00;0,00;0,00;0,00;340.359,00;0,00;17.448,00;0,00;0,00;0,00;0,00;0,00;0,00;417.021,30;96.726.180,00;39.408,00;47.862,60;;4.280,00;10.026,00;39.900,00;49.566,00;80.661,60;253.615,52;0,00;0,00;0,00;253.615,52;334.277,12;1.853.760,15;51.326.735,16;;;;;;;;;;;;;;;;;;;;;;;;;;;;;;;;;;;;
30/08/2025;6.569,04;1.490,60;6.567,26;1.491,01;1.362,75;790,28;9.545,45;13.008.061,99;763,64;16.956,14;3.937,64;9.545,45;161.853.977,02;17.869,08;30.214.988,00;11.890.049,00;1,00;30.214.988,00;134.640,00;133.876,36;151.745,45;142.997,00;8.748,45;28.224.586,00;9.944,00;108.071,00;69,00;453.211,00;186,00;13.999.492,00;7.826,00;38.859.940,00;23.648,00;27.422.130,00;12.648,00;244.324,00;49,00;868.607,00;476,00;6.620.151,00;3.295,00;3.273.765,00;20.185,00;1.636.656,00;8.064,00;644.439,00;8.811,00;5.346.919,00;11.567,00;4.063.176,00;17.669,00;6.921.352,00;26.040,00;35.125,00;134,00;293.410,00;1.416,00;26.090.226,00;13.470,00;4.175.524,00;4.546,00;90.735,00;35,00;4.195.703,00;1.810,00;592.188,00;390,00;187.228,00;27,00;220.149,00;999,00;11.817.136,00;3.383,00;314.182,00;362,00;3.021,00;11.451.503,00;4.338,00;5.716.233,00;3.217,00;4.454.148,00;2.506,00;5.618.668,00;2.866,00;3.869.167,00;935,00;363.411,00;95,00;1.006.595,00;99,00;996.837,00;981,00;436.394,00;530,00;4.688.425,00;1.177,00;416.941,00;1.651,00;5.560.480,00;1.566,00;861.582,00;356,00;438.509,00;228,00;167.908,00;378,00;0,00;0,00;73.862,00;302,00;4.012.253,00;1.648,00;1.641.920,00;1.100,00;154.703,00;701,00;23.716,00;72.151,00;-1.382,70;1.255,00;4.546,00;75.176,15;3.556,00;71.620,15;897.894,00;29.051,80;121.065,17;2.978,35;125.675,71;2.737,18;31.207.261,30;7.552,50;181,74;68,79;0,85;0,78;8,26;9,89;61,93;0,00;0,00;28,25;7.578,52;3.457,02;;32.856,70;42,10;;1.529.940,00;31,48;;1.396.720,00;40.180,00;128%;11,13;35%;2.633.317,00;5.110,00;6.610.243,00;937,00;4.755.149,00;243,00;5.503.209,00;1.395,00;0,00;0,00;0,00;0,00;340.359,00;0,00;17.448,00;0,00;0,00;0,00;0,00;0,00;0,00;417.021,30;96.765.350,00;39.170,00;47.872,10;;4.280,00;10.087,00;39.910,00;49.566,00;85.377,60;257.832,53;0,00;0,00;0,00;257.832,53;343.210,13;1.851.233,46;53.177.968,62;;;;;;;;;;;;;;;;;;;;;;;;;;;;;;;;;;;;
31/08/2025;6.569,44;1.490,60;6.567,65;1.491,01;1.362,92;790,65;9.545,45;13.009.684,71;1.622,73;16.956,46;3.937,64;9.545,45;161.857.079,29;3.102,27;30.347.893,97;11.929.527,00;1,00;30.347.893,97;132.905,97;131.283,24;134.385,51;124.658,00;9.727,51;28.232.072,00;7.486,00;108.136,00;65,00;453.366,00;155,00;14.006.614,00;7.122,00;38.883.620,00;23.680,00;27.431.752,00;9.622,00;244.372,00;48,00;869.073,00;466,00;6.621.322,00;1.171,00;3.293.210,00;19.445,00;1.644.700,00;8.044,00;653.254,00;8.815,00;5.355.885,00;8.966,00;4.075.580,00;12.404,00;6.946.283,00;24.931,00;35.263,00;138,00;294.412,00;1.002,00;26.101.228,00;11.002,00;4.179.865,00;4.341,00;90.772,00;37,00;4.197.020,00;1.317,00;592.192,00;4,00;187.242,00;14,00;221.160,77;1.011,77;11.818.709,00;1.573,00;314.380,00;198,00;1.375,00;11.455.865,00;4.362,00;5.719.121,00;2.888,00;4.456.135,00;1.987,00;5.619.549,00;881,00;3.870.211,00;1.044,00;363.506,00;95,00;1.006.691,00;96,00;997.448,00;611,00;436.941,00;547,00;4.689.519,00;1.094,00;418.780,00;1.839,00;5.561.539,00;1.059,00;861.965,00;383,00;438.658,00;149,00;168.095,00;187,00;0,00;0,00;74.157,00;295,00;4.014.011,00;1.758,00;1.643.155,00;1.235,00;155.159,00;456,00;17.762,00;63.160,00;-2.102,10;682,00;4.341,00;68.304,61;3.167,50;65.137,11;914.782,77;16.888,77;124.419,82;3.354,65;127.896,00;2.220,29;31.212.304,30;5.043,00;168,91;120,91;0,95;0,63;4,80;6,39;56,54;0,00;0,00;24,82;7.118,42;3.124,85;;32.904,10;47,40;;1.567.376,00;37,44;;1.441.648,00;44.928,00;120%;10,83;29%;2.638.590,00;5.273,00;6.611.178,00;935,00;4.755.151,00;2,00;5.505.087,00;1.878,00;0,00;0,00;0,00;0,00;340.359,00;0,00;17.448,00;0,00;0,00;0,00;0,00;0,00;0,00;417.021,30;96.803.055,00;37.705,00;47.881,50;;4.280,00;10.156,00;39.925,54;49.566,00;63.943,20;234.493,61;0,00;0,00;0,00;234.493,61;298.436,81;960.182,21;54.138.150,83;;;;;;;;;;;;;;;;;;;;;;;;;;;;;;;;;;;;
01/09/2025;6.567,44;1.490,60;6.570,66;1.491,01;1.362,92;790,97;9.545,45;13.009.684,71;0,00;16.959,47;3.937,64;9.545,45;161.885.772,91;28.693,62;30.486.581,28;11.981.607,51;1,00;30.486.581,28;138.687,31;138.687,31;167.380,93;156.638,00;10.742,93;28.244.216,00;12.144,00;108.215,00;79,00;453.572,00;206,00;14.014.433,00;7.819,00;38.907.712,00;24.092,00;27.445.404,00;13.652,00;244.422,00;50,00;869.541,00;468,00;6.624.187,00;2.865,00;3.313.880,00;20.670,00;1.653.214,00;8.514,00;662.519,00;9.265,00;5.365.996,00;10.111,00;4.095.388,00;19.808,00;6.979.991,00;33.708,00;35.408,00;145,00;296.076,00;1.664,00;26.115.862,00;14.634,00;4.184.556,00;4.691,00;90.808,00;36,00;4.199.297,00;2.277,00;592.890,00;698,00;187.392,00;150,00;222.451,00;1.290,23;11.823.585,00;4.876,00;315.070,00;690,00;4.186,00;11.459.763,00;3.898,00;5.722.443,00;3.322,00;4.459.817,00;3.682,00;5.621.861,00;2.312,00;3.871.230,00;1.019,00;363.607,00;101,00;1.006.787,00;96,00;998.466,00;1.018,00;437.668,00;727,00;4.690.869,00;1.350,00;420.642,00;1.862,00;5.563.074,00;1.535,00;862.313,00;348,00;438.971,00;313,00;168.616,00;521,00;0,00;0,00;74.464,00;307,00;4.015.935,00;1.924,00;1.644.477,00;1.322,00;155.748,00;589,00;27.188,00;81.406,00;-1.059,20;2.006,00;4.691,00;80.337,13;3.958,50;76.378,63;40.869,95;40.869,95;5.772,83;5.772,83;6.360,01;6.360,01;31.221.774,90;9.470,60;120,73;162,99;1,64;1,81;11,62;15,07;60,93;0,00;0,00;34,55;7.561,53;4.287,72;;32.970,20;66,10;;64.832,00;64,83;;50.350,00;50.350,00;74%;36,71;57%;2.643.296,00;4.706,00;6.611.456,00;278,00;4.755.375,00;224,00;5.506.125,00;1.038,00;0,00;0,00;0,00;0,00;340.359,00;0,00;17.448,00;0,00;0,00;0,00;0,00;0,00;0,00;417.021,63;96.844.716,00;41.661,00;47.891,30;;4.280,00;10.235,00;39.940,00;49.566,00;97.876,80;274.963,08;0,00;0,00;0,00;274.963,08;372.839,88;2.082.792,12;2.082.792,12;;;;;;;;;;;;;;;;;;;;;;;;;;;;;;;;;;;;
02/09/2025;6.574,96;1.490,60;6.573,17;1.491,01;1.362,93;791,35;9.545,45;13.009.780,17;95,45;16.961,98;3.937,64;9.545,45;161.909.760,63;23.987,72;30.623.676,16;12.032.691,85;1,00;30.623.676,16;137.094,88;136.999,43;160.987,14;152.513,00;8.474,14;28.254.688,00;10.472,00;108.292,00;77,00;453.810,00;238,00;14.022.167,00;7.734,00;38.931.736,00;24.024,00;27.459.518,00;14.114,00;244.472,00;50,00;870.036,00;495,00;6.627.595,00;3.408,00;3.334.539,00;20.659,00;1.660.822,00;7.608,00;670.880,00;8.361,00;5.377.049,00;11.053,00;4.112.179,00;16.791,00;7.013.849,00;33.858,00;35.567,00;159,00;297.784,00;1.708,00;26.129.670,00;13.808,00;4.188.416,00;3.860,00;90.843,00;35,00;4.201.493,00;2.196,00;593.492,00;602,00;187.553,00;161,00;223.211,56;760,56;11.827.968,00;4.383,00;315.657,00;587,00;3.796,00;11.463.583,00;3.820,00;5.725.432,00;2.989,00;4.463.346,00;3.529,00;5.624.761,00;2.900,00;3.872.275,00;1.045,00;363.698,00;91,00;1.006.883,00;96,00;999.432,00;966,00;438.367,00;699,00;4.692.175,00;1.306,00;422.416,00;1.774,00;5.564.589,00;1.515,00;862.637,00;324,00;439.247,00;276,00;169.010,00;394,00;0,00;0,00;74.773,00;309,00;4.017.826,00;1.891,00;1.645.730,00;1.253,00;156.527,00;779,00;23.448,00;77.671,00;-1.281,90;1.845,00;3.860,00;78.893,04;4.077,00;74.816,04;72.731,76;31.861,81;9.414,60;3.641,77;11.103,43;4.743,42;31.229.728,90;7.954,00;98,92;141,73;1,04;1,35;9,06;11,45;61,03;0,00;0,00;28,56;7.557,39;3.536,61;;33.039,90;69,70;;128.896,00;64,06;;87.292,00;36.942,00;58%;18,39;29%;2.648.098,00;4.802,00;6.611.661,00;205,00;4.755.375,00;0,00;5.509.950,00;3.825,00;0,00;0,00;0,00;0,00;340.359,00;0,00;17.448,00;0,00;0,00;0,00;0,00;0,00;0,00;417.021,63;96.884.311,00;39.595,00;47.900,60;;4.280,00;10.301,00;39.950,32;49.566,00;84.412,80;269.337,75;0,00;0,00;0,00;269.337,75;353.750,55;1.702.171,93;3.784.964,05;;;;;;;;;;;;;;;;;;;;;;;;;;;;;;;;;;;;
03/09/2025;6.577,27;1.490,61;6.575,48;1.491,02;1.362,93;791,69;9.545,45;13.009.780,17;0,00;16.964,29;3.937,64;9.545,45;161.931.772,44;22.011,81;30.761.135,00;12.082.948,33;1,00;30.761.135,00;137.458,84;137.458,84;159.470,65;150.746,00;8.724,65;28.266.058,00;11.370,00;108.383,00;91,00;454.029,00;219,00;14.029.581,00;7.414,00;38.955.940,00;24.204,00;27.473.738,00;14.220,00;244.521,00;49,00;870.520,00;484,00;6.631.402,00;3.807,00;3.354.634,00;20.095,00;1.668.709,00;7.887,00;679.660,00;8.780,00;5.387.434,00;10.385,00;4.130.002,00;17.823,00;7.046.250,00;32.401,00;35.740,00;173,00;299.303,00;1.519,00;26.142.504,00;12.834,00;4.192.970,00;4.554,00;90.880,00;37,00;4.203.806,00;2.313,00;594.393,00;901,00;187.585,00;32,00;224.231,87;1.020,31;11.832.611,00;4.643,00;316.044,00;387,00;4.256,00;11.467.854,00;4.271,00;5.725.847,00;415,00;4.467.156,00;3.810,00;5.628.005,00;3.244,00;3.873.209,00;934,00;363.788,00;90,00;1.006.976,00;93,00;551,00;1.119,00;438.838,00;471,00;4.693.224,00;1.049,00;424.140,00;1.724,00;5.565.920,00;1.331,00;862.976,00;339,00;439.557,00;310,00;169.400,00;390,00;0,00;0,00;75.085,00;312,00;4.019.655,00;1.829,00;1.646.929,00;1.199,00;157.251,00;724,00;22.765,00;77.276,00;-1.491,40;1.804,00;4.554,00;77.328,05;4.021,50;73.306,55;107.734,09;35.002,33;12.268,88;2.854,28;14.254,38;3.150,95;31.238.516,60;8.787,70;76,13;125,94;0,81;0,90;9,96;11,66;56,54;0,00;0,00;25,71;7.154,22;3.253,18;;33.109,40;69,50;;189.392,00;60,50;;147.214,00;59.922,00;99%;44,70;74%;2.653.242,00;5.144,00;6.613.981,00;2.320,00;4.755.827,00;452,00;5.511.209,00;1.259,00;0,00;0,00;0,00;0,00;340.359,00;0,00;17.448,00;0,00;0,00;0,00;0,00;0,00;0,00;417.021,63;96.922.913,00;38.602,00;47.909,70;;4.280,00;10.384,00;39.962,00;49.566,00;81.954,00;263.903,57;0,00;0,00;0,00;263.903,57;345.857,57;1.967.495,35;5.752.459,40;;;;;;;;;;;;;;;;;;;;;;;;;;;;;;;;;;;;
04/09/2025;6.579,35;1.490,69;6.577,56;1.491,02;1.362,93;792,01;9.545,45;13.009.780,17;0,00;16.966,37;3.937,64;9.545,45;161.951.665,15;19.892,72;30.898.727,00;12.131.680,81;1,00;30.898.727,00;137.592,00;137.592,00;157.484,72;148.697,00;8.787,72;28.277.470,00;11.412,00;108.475,00;92,00;454.252,00;223,00;14.036.775,00;7.194,00;38.980.300,00;24.360,00;27.487.558,00;13.820,00;244.570,00;49,00;870.991,00;471,00;6.636.174,00;4.772,00;3.375.211,00;20.577,00;1.676.740,00;8.031,00;688.450,00;8.790,00;5.397.311,00;9.877,00;4.147.923,00;17.921,00;7.076.770,00;30.520,00;35.888,00;148,00;300.741,00;1.438,00;26.155.520,00;13.016,00;4.197.598,00;4.628,00;90.915,00;35,00;4.206.120,00;2.314,00;595.096,00;703,00;187.766,00;181,00;225.253,70;1.021,83;11.837.476,00;4.865,00;316.635,00;591,00;4.274,00;11.472.340,00;4.486,00;5.726.012,00;165,00;4.469.526,00;2.370,00;5.632.136,00;4.131,00;3.874.145,00;936,00;363.876,00;88,00;1.007.062,00;86,00;1.681,00;1.130,00;439.251,00;413,00;4.694.504,00;1.280,00;425.960,00;1.820,00;5.567.600,00;1.680,00;863.288,00;312,00;439.905,00;348,00;169.487,00;87,00;0,00;0,00;75.396,00;311,00;4.021.618,00;1.963,00;1.648.264,00;1.335,00;157.953,00;702,00;21.239,00;75.139,00;-1.640,70;1.946,00;4.628,00;77.412,42;4.133,00;73.279,42;143.168,34;35.434,25;15.995,64;3.726,76;20.284,70;6.030,32;31.247.327,00;8.810,40;100,57;221,53;1,06;1,72;10,08;12,85;57,44;0,00;0,00;25,61;7.037,89;3.137,89;;33.194,70;85,30;;269.152,00;79,76;;210.866,00;63.652,00;80%;53,69;67%;2.658.380,00;5.138,00;6.614.442,00;461,00;4.756.009,00;182,00;5.514.590,00;3.381,00;0,00;0,00;0,00;0,00;340.359,00;0,00;17.448,00;0,00;0,00;0,00;0,00;0,00;0,00;417.021,63;96.962.731,00;39.818,00;47.919,00;;4.280,00;10.461,00;39.975,00;49.566,00;76.460,40;263.805,90;0,00;0,00;0,00;263.805,90;340.266,30;1.870.489,34;7.622.948,74;;;;;;;;;;;;;;;;;;;;;;;;;;;;;;;;;;;;
05/09/2025;6.581,07;1.490,61;6.579,28;1.491,02;1.362,95;792,31;9.545,45;13.009.971,08;190,91;16.968,07;3.937,64;9.545,45;161.967.873,33;16.208,17;31.033.030,00;12.177.129,00;1,00;31.033.030,00;134.303,00;134.112,09;150.320,27;145.411,00;4.909,27;28.288.906,00;11.436,00;108.546,00;71,00;454.455,00;203,00;14.044.142,00;7.367,00;39.003.544,00;23.244,00;27.501.300,00;13.742,00;244.618,00;48,00;871.460,00;469,00;6.639.154,00;2.980,00;3.395.102,00;19.891,00;1.684.777,00;8.037,00;697.185,00;8.735,00;5.407.332,00;10.021,00;4.162.800,00;14.877,00;7.109.969,00;33.199,00;36.036,00;148,00;301.846,00;1.105,00;26.167.154,00;11.634,00;4.201.886,00;4.288,00;90.951,00;36,00;4.208.260,00;2.140,00;595.648,00;552,00;188.045,00;279,00;226.257,00;1.003,30;11.841.747,00;4.271,00;317.260,00;625,00;3.646,00;11.476.198,00;3.858,00;5.726.189,00;177,00;4.473.303,00;3.777,00;5.634.640,00;2.504,00;3.875.164,00;1.019,00;363.963,00;87,00;1.007.151,00;89,00;2.761,00;1.080,00;439.809,00;558,00;4.695.667,00;1.163,00;427.828,00;1.868,00;5.569.092,00;1.492,00;863.645,00;357,00;440.162,00;257,00;169.488,00;1,00;0,00;0,00;75.704,00;308,00;4.023.435,00;1.817,00;1.649.463,00;1.199,00;158.576,00;623,00;19.196,00;74.869,00;-2.656,00;1.925,00;4.288,00;71.894,27;3.818,00;68.076,27;178.355,13;35.186,79;20.562,91;4.567,27;28.897,13;8.612,43;31.256.112,90;8.785,90;115,28;195,01;1,30;2,45;10,01;13,76;57,49;0,00;0,00;26,32;7.155,03;3.275,71;;33.267,00;72,30;;335.552,00;66,40;;263.792,00;52.926,00;80%;46,97;71%;2.662.746,00;4.366,00;6.615.382,00;940,00;4.756.708,00;699,00;5.515.793,00;1.203,00;0,00;0,00;0,00;0,00;340.359,00;0,00;17.448,00;0,00;0,00;0,00;0,00;0,00;0,00;417.021,63;97.003.192,00;40.461,00;47.928,50;;4.280,00;10.574,00;39.994,00;49.566,00;69.105,60;245.074,55;0,00;0,00;0,00;245.074,55;314.180,15;1.688.709,00;9.311.657,74;;;;;;;;;;;;;;;;;;;;;;;;;;;;;;;;;;;;
06/09/2025;6.581,99;1.490,61;6.580,20;1.491,02;1.363,05;792,69;9.545,45;13.010.925,62;954,54;16.968,96;3.937,64;9.545,45;161.976.378,32;8.505,00;31.170.889,00;12.220.377,00;1,00;31.170.889,00;137.859,00;136.904,46;145.409,45;137.066,00;8.343,45;28.298.598,00;9.692,00;108.613,00;67,00;454.637,00;182,00;14.051.745,00;7.603,00;39.026.264,00;22.720,00;27.515.236,00;13.936,00;244.667,00;49,00;871.933,00;473,00;6.643.292,00;4.138,00;3.408.624,00;13.522,00;1.685.887,00;1.110,00;706.008,00;8.823,00;5.416.604,00;9.272,00;4.177.250,00;14.450,00;7.143.440,00;33.471,00;36.220,00;184,00;302.842,00;996,00;26.179.554,00;12.400,00;4.206.180,00;4.294,00;90.986,00;35,00;4.210.300,00;2.040,00;596.035,00;387,00;188.239,00;194,00;227.264,00;1.007,00;11.845.907,00;4.160,00;317.483,00;223,00;3.937,00;11.480.160,00;3.962,00;5.727.735,00;1.546,00;4.476.096,00;2.793,00;5.638.263,00;3.623,00;3.876.220,00;1.056,00;364.065,00;102,00;1.007.515,00;364,00;3.766,00;1.005,00;440.333,00;524,00;4.696.774,00;1.107,00;429.696,00;1.868,00;5.570.631,00;1.539,00;864.033,00;388,00;440.434,00;272,00;169.488,00;0,00;0,00;0,00;75.994,00;290,00;4.025.295,00;1.860,00;1.650.773,00;1.310,00;159.163,00;587,00;18.211,00;67.126,00;-3.019,60;1.277,00;4.294,00;75.732,05;3.757,00;71.975,05;205.376,78;27.021,65;23.662,26;3.099,35;34.329,78;5.432,65;31.263.156,80;7.043,90;79,96;195,95;0,88;1,55;7,69;10,11;58,64;0,00;0,00;26,05;7.340,98;3.261,13;;33.342,60;75,60;;404.768,00;69,22;;318.204,00;54.412,00;79%;43,42;63%;2.667.278,00;4.532,00;6.616.437,00;1.055,00;4.756.862,00;154,00;5.519.426,00;3.633,00;0,00;0,00;0,00;0,00;340.359,00;0,00;17.448,00;0,00;0,00;0,00;0,00;0,00;0,00;417.021,63;97.042.379,00;39.187,00;47.937,80;;4.280,00;10.638,00;40.003,00;49.566,00;65.559,60;259.110,18;0,00;0,00;0,00;259.110,18;324.669,78;1.481.713,00;10.793.370,74;;;;;;;;;;;;;;;;;;;;;;;;;;;;;;;;;;;;
07/09/2025;6.583,24;1.490,61;6.581,45;1.491,02;1.363,08;793,09;9.545,45;13.011.211,99;286,36;16.970,19;3.937,64;9.545,45;161.988.138,32;11.759,99;31.310.605,33;12.266.264,63;1,00;31.310.605,33;139.716,33;139.429,97;151.189,96;140.603,00;10.586,96;28.308.018,00;9.420,00;108.676,00;63,00;454.794,00;157,00;14.059.382,00;7.637,00;39.050.252,00;23.988,00;27.529.380,00;14.144,00;244.714,00;47,00;872.398,00;465,00;6.647.006,00;3.714,00;3.421.366,00;12.742,00;1.686.670,00;783,00;714.465,00;8.457,00;5.427.358,00;10.754,00;4.190.812,00;13.562,00;7.180.148,00;36.708,00;36.380,00;160,00;303.881,00;1.039,00;26.191.202,00;11.648,00;4.210.520,00;4.340,00;91.021,00;35,00;4.211.984,00;1.684,00;596.348,00;313,00;188.270,00;31,00;228.264,50;1.000,50;11.847.706,00;1.799,00;317.485,00;2,00;1.797,00;11.483.964,00;3.804,00;5.731.053,00;3.318,00;4.480.153,00;4.057,00;5.641.472,00;3.209,00;3.877.156,00;936,00;364.159,00;94,00;1.007.648,00;133,00;4.255,00;489,00;441.103,00;770,00;4.698.072,00;1.298,00;431.646,00;1.950,00;5.572.068,00;1.437,00;864.354,00;321,00;440.703,00;269,00;169.488,00;0,00;0,00;0,00;76.287,00;293,00;4.027.111,00;1.816,00;1.652.056,00;1.283,00;159.738,00;575,00;21.022,00;70.264,00;-1.783,70;811,00;4.340,00;77.558,66;3.526,00;74.032,66;232.537,89;27.161,11;26.876,91;3.214,65;37.314,90;2.985,12;31.270.151,40;6.994,60;85,18;127,31;0,91;0,85;7,73;9,49;60,74;0,00;0,00;27,25;7.538,57;3.382,06;;33.408,70;66,10;;463.040,00;58,27;;371.461,00;53.257,00;91%;48,64;83%;2.672.079,00;4.801,00;6.617.768,00;1.331,00;4.756.893,00;31,00;5.520.747,00;1.321,00;0,00;0,00;0,00;0,00;340.359,00;0,00;17.449,00;1,00;0,00;0,00;0,00;0,00;0,00;417.021,63;97.082.105,00;39.726,00;47.947,20;;4.280,00;10.710,00;40.015,00;49.566,00;75.679,20;266.517,58;0,00;0,00;0,00;266.517,58;342.196,78;1.359.888,00;12.153.258,74;;;;;;;;;;;;;;;;;;;;;;;;;;;;;;;;;;;;
08/09/2025;6.587,21;1.490,61;6.585,42;1.491,02;1.363,08;793,44;9.545,45;13.011.211,99;0,00;16.974,16;3.937,64;9.545,45;162.026.033,75;37.895,44;31.447.139,55;12.323.326,27;1,00;31.447.139,55;136.534,22;136.534,22;174.429,66;165.818,00;8.611,66;28.319.000,00;10.982,00;108.773,00;97,00;454.985,00;191,00;14.066.872,00;7.490,00;39.073.960,00;23.708,00;27.541.166,00;11.786,00;244.764,00;50,00;872.869,00;471,00;6.648.125,00;1.119,00;3.440.878,00;19.512,00;1.694.629,00;7.959,00;723.246,00;8.781,00;5.448.464,00;21.106,00;4.211.528,00;20.716,00;7.216.672,00;36.524,00;36.543,00;163,00;304.729,00;848,00;26.205.196,00;13.994,00;4.214.966,00;4.446,00;91.056,00;35,00;4.214.131,00;2.147,00;596.981,00;633,00;188.389,00;119,00;229.228,95;964,45;11.852.696,00;4.990,00;317.856,00;371,00;4.619,00;11.488.137,00;4.173,00;5.733.939,00;2.886,00;4.483.685,00;3.532,00;5.642.505,00;1.033,00;3.878.063,00;907,00;364.255,00;96,00;1.007.779,00;131,00;5.433,00;1.178,00;441.747,00;644,00;4.699.454,00;1.382,00;433.494,00;1.848,00;5.573.409,00;1.341,00;864.671,00;317,00;440.711,00;8,00;169.488,00;0,00;0,00;0,00;76.594,00;307,00;4.028.962,00;1.851,00;1.653.292,00;1.236,00;160.408,00;670,00;27.595,00;95.086,00;-2.250,20;1.594,00;4.446,00;75.553,86;3.901,50;71.652,36;267.836,50;35.298,61;31.747,41;4.870,50;37.314,90;0,00;31.278.415,30;8.263,90;146,31;1,16;1,39;0,00;10,04;11,42;58,98;0,00;0,00;27,19;7.274,37;3.353,51;;33.448,20;39,50;;490.528,00;27,49;;408.696,00;37.235,00;135%;28,93;105%;2.677.060,00;4.981,00;6.618.817,00;1.049,00;4.758.805,00;1.912,00;5.523.055,00;2.308,00;0,00;0,00;0,00;0,00;340.359,00;0,00;17.449,00;0,00;0,00;0,00;0,00;0,00;0,00;417.021,63;97.121.281,00;39.176,00;47.956,50;;4.280,00;10.785,00;40.029,00;49.566,00;99.342,00;257.948,48;0,00;0,00;0,00;257.948,48;357.290,48;2.192.721,52;14.345.980,26;;;;;;;;;;;;;;;;;;;;;;;;;;;;;;;;;;;;
09/09/2025;6.591,17;1.490,61;6.589,38;1.491,02;1.363,08;793,77;9.545,45;13.011.211,99;0,00;16.978,12;3.937,64;9.545,45;162.063.824,19;37.790,44;31.585.097,00;12.380.335,10;1,00;31.585.097,00;137.957,45;137.957,45;175.747,89;165.181,00;10.566,89;28.329.662,00;10.662,00;108.876,00;103,00;455.198,00;213,00;14.074.207,00;7.335,00;39.097.944,00;23.984,00;27.551.638,00;10.472,00;244.813,00;49,00;873.343,00;474,00;6.648.313,00;188,00;3.460.899,00;20.021,00;1.702.746,00;8.117,00;731.998,00;8.752,00;5.470.890,00;22.426,00;4.231.106,00;19.578,00;7.252.743,00;36.071,00;36.695,00;152,00;305.896,00;1.167,00;26.219.828,00;14.632,00;4.219.493,00;4.527,00;91.092,00;36,00;4.216.360,00;2.229,00;597.564,00;583,00;188.522,00;133,00;230.236,50;1.007,55;11.857.572,00;4.876,00;318.473,00;617,00;4.259,00;11.492.704,00;4.567,00;5.736.575,00;2.636,00;4.486.911,00;3.226,00;5.642.608,00;103,00;3.878.929,00;866,00;364.316,00;61,00;1.007.910,00;131,00;6.602,00;1.169,00;442.399,00;652,00;4.700.770,00;1.316,00;435.269,00;1.775,00;5.574.831,00;1.422,00;864.967,00;296,00;440.723,00;12,00;169.488,00;0,00;0,00;0,00;76.871,00;277,00;4.030.758,00;1.796,00;1.654.472,00;1.180,00;161.047,00;639,00;25.746,00;94.944,00;-2.170,60;1.807,00;4.527,00;76.640,49;3.826,50;72.813,99;301.253,16;33.416,66;37.600,72;5.853,31;37.314,90;0,00;31.286.466,90;8.051,60;149,31;0,80;1,66;0,00;9,50;11,17;58,78;0,00;0,00;25,64;7.129,25;3.109,80;;33.489,60;41,40;;521.920,00;31,39;;435.310,00;26.614,00;85%;26,99;86%;2.681.495,00;4.435,00;6.619.728,00;911,00;4.758.932,00;127,00;5.523.868,00;813,00;0,00;0,00;0,00;0,00;340.359,00;0,00;17.449,00;0,00;0,00;0,00;0,00;0,00;0,00;417.021,63;97.161.286,00;40.005,00;47.988,10;;4.280,00;10.846,00;40.045,00;49.566,00;92.685,60;262.130,35;0,00;0,00;0,00;262.130,35;354.815,95;2.026.764,01;16.372.744,27;;;;;;;;;;;;;;;;;;;;;;;;;;;;;;;;;;;;
10/09/2025;6.595,42;1.490,61;6.593,63;1.491,02;1.363,08;794,12;9.545,45;13.011.211,99;0,00;16.982,37;3.937,64;9.545,45;162.104.335,08;40.510,89;31.722.415,68;12.438.998,15;1,00;31.722.415,68;137.318,68;137.318,68;177.829,57;167.963,00;9.866,57;28.342.026,00;12.364,00;108.973,00;97,00;455.390,00;192,00;14.081.971,00;7.764,00;39.121.912,00;23.968,00;27.562.424,00;10.786,00;244.863,00;50,00;873.823,00;480,00;6.648.520,00;207,00;3.480.992,00;20.093,00;1.710.905,00;8.159,00;740.771,00;8.773,00;5.492.264,00;21.374,00;4.251.743,00;20.637,00;7.289.200,00;36.457,00;36.849,00;154,00;306.947,00;1.051,00;26.234.348,00;14.520,00;4.224.089,00;4.596,00;91.128,00;36,00;4.218.720,00;2.360,00;598.373,00;809,00;188.592,00;70,00;231.237,72;1.001,22;11.862.055,00;4.483,00;318.645,00;172,00;4.311,00;11.496.957,00;4.253,00;5.739.797,00;3.222,00;4.490.602,00;3.691,00;5.642.735,00;127,00;3.879.960,00;1.031,00;364.376,00;60,00;1.008.043,00;133,00;7.890,00;1.288,00;442.995,00;596,00;4.701.833,00;1.063,00;436.717,00;1.448,00;5.576.371,00;1.540,00;865.292,00;325,00;440.706,00;0,00;169.488,00;0,00;0,00;0,00;77.130,00;259,00;4.032.598,00;1.840,00;1.655.662,00;1.190,00;161.730,00;683,00;28.047,00;95.400,00;-1.792,80;1.531,00;4.596,00;78.095,37;3.962,00;74.133,37;342.773,06;41.519,90;43.500,06;5.899,34;37.314,90;0,00;31.296.697,90;10.231,00;137,93;0,83;1,68;0,00;11,81;13,49;61,98;0,00;0,00;27,28;7.528,33;3.313,53;;33.524,80;35,20;;546.240,00;24,32;;455.990,00;20.680,00;85%;25,40;104%;2.683.261,00;1.766,00;6.621.117,00;1.389,00;4.759.309,00;377,00;5.524.526,00;658,00;0,00;0,00;0,00;0,00;340.359,00;0,00;17.449,00;0,00;0,00;0,00;0,00;0,00;0,00;417.021,63;97.201.833,00;40.547,00;48.032,90;;4.280,00;10.914,00;40.060,00;49.566,00;100.969,20;266.880,13;0,00;0,00;0,00;266.880,13;367.849,33;2.073.530,22;18.446.274,49;;;;;;;;;;;;;;;;;;;;;;;;;;;;;;;;;;;;
11/09/2025;6.599,68;1.490,61;6.597,89;1.491,02;1.363,08;794,49;9.545,45;13.011.211,99;0,00;16.986,63;3.937,64;9.545,45;162.144.998,70;40.663,62;31.859.574,14;12.497.003,17;1,00;31.859.574,14;137.158,46;137.158,46;177.822,08;168.539,00;9.283,08;28.353.196,00;11.170,00;109.061,00;88,00;455.585,00;195,00;14.089.866,00;7.895,00;39.145.820,00;23.908,00;27.575.046,00;12.622,00;244.911,00;48,00;874.303,00;480,00;6.650.505,00;1.985,00;3.501.218,00;20.226,00;1.719.012,00;8.107,00;749.514,00;8.743,00;5.512.607,00;20.343,00;4.273.123,00;21.380,00;7.326.033,00;36.833,00;36.996,00;147,00;308.341,00;1.394,00;26.248.510,00;14.162,00;4.228.098,00;4.009,00;91.163,00;35,00;4.221.257,00;2.537,00;599.178,00;805,00;188.773,00;181,00;232.260,02;1.022,30;11.866.806,00;4.751,00;318.647,00;2,00;4.749,00;11.500.766,00;3.809,00;5.742.856,00;3.059,00;4.494.209,00;3.607,00;5.644.599,00;1.864,00;3.881.051,00;1.091,00;364.470,00;94,00;1.008.156,00;113,00;9.144,00;1.254,00;443.730,00;735,00;4.702.916,00;1.083,00;438.307,00;1.590,00;5.577.741,00;1.370,00;865.644,00;352,00;440.753,00;47,00;169.838,00;350,00;0,00;0,00;77.391,00;261,00;4.034.472,00;1.874,00;1.656.918,00;1.256,00;162.411,00;681,00;28.538,00;95.406,00;-1.759,90;1.468,00;4.009,00;78.698,98;4.084,50;74.614,48;378.595,75;35.822,69;49.497,00;5.996,94;37.314,90;0,00;31.305.431,00;8.733,10;153,37;0,80;1,71;0,00;10,19;11,89;61,08;0,00;0,00;28,33;7.624,84;3.536,54;;33.562,90;38,10;;573.536,00;27,30;;477.450,00;21.460,00;79%;27,80;102%;2.687.822,00;4.561,00;6.621.399,00;282,00;4.759.587,00;278,00;5.525.017,00;491,00;0,00;0,00;0,00;0,00;340.359,00;0,00;17.449,00;0,00;0,00;0,00;0,00;0,00;0,00;417.021,63;97.242.882,00;41.049,00;48.078,30;;4.280,00;10.989,00;40.074,00;49.566,00;102.736,80;268.612,12;0,00;0,00;0,00;268.612,12;371.348,92;2.278.124,86;20.724.399,35;;;;;;;;;;;;;;;;;;;;;;;;;;;;;;;;;;;;
12/09/2025;6.602,47;1.490,61;6.600,67;1.491,02;1.363,08;794,92;9.545,45;13.011.211,99;0,00;16.989,41;3.937,64;9.545,45;162.171.592,32;26.593,62;31.994.355,00;12.549.552,00;1,00;31.994.355,00;134.780,86;134.780,86;161.374,48;155.854,00;5.520,48;28.360.126,00;6.930,00;109.136,00;75,00;455.797,00;212,00;14.097.278,00;7.412,00;39.169.616,00;23.796,00;27.588.742,00;13.696,00;244.956,00;45,00;874.779,00;476,00;6.654.151,00;3.646,00;3.521.904,00;20.686,00;1.727.097,00;8.085,00;758.286,00;8.772,00;5.532.922,00;20.315,00;4.287.578,00;14.455,00;7.362.649,00;36.616,00;37.145,00;149,00;309.862,00;1.521,00;26.260.458,00;11.948,00;4.232.433,00;4.335,00;91.199,00;36,00;4.223.723,00;2.466,00;599.829,00;651,00;189.053,00;280,00;233.248,00;987,98;11.869.236,00;2.430,00;318.649,00;2,00;2.428,00;11.503.252,00;2.486,00;5.745.899,00;3.043,00;4.497.839,00;3.630,00;5.647.799,00;3.200,00;3.882.041,00;990,00;364.580,00;110,00;1.008.265,00;109,00;10.094,00;950,00;444.459,00;729,00;4.703.851,00;935,00;439.515,00;1.208,00;5.579.348,00;1.607,00;865.972,00;328,00;440.987,00;234,00;170.241,00;403,00;0,00;0,00;77.642,00;251,00;4.036.487,00;2.015,00;1.658.334,00;1.416,00;163.263,00;852,00;21.213,00;88.243,00;-2.420,20;1.409,00;4.335,00;69.807,68;4.351,00;65.456,68;397.315,75;18.720,00;52.433,03;2.936,03;39.855,06;2.540,16;31.310.529,00;5.098,00;68,47;112,85;0,84;0,72;5,32;6,88;58,64;0,00;0,00;24,94;7.253,70;3.085,05;;33.628,20;65,30;;631.168,00;57,63;;500.358,00;22.908,00;40%;25,30;44%;2.692.396,00;4.574,00;6.622.686,00;1.287,00;4.759.911,00;324,00;5.527.460,00;2.443,00;0,00;0,00;0,00;0,00;340.359,00;0,00;17.449,00;0,00;0,00;0,00;0,00;0,00;0,00;417.021,63;97.281.212,00;38.330,00;48.120,80;;4.280,00;11.074,00;40.087,00;49.566,00;76.366,80;235.644,06;0,00;0,00;0,00;235.644,06;312.010,86;1.633.752,00;22.358.151,35;;;;;;;;;;;;;;;;;;;;;;;;;;;;;;;;;;;;
13/09/2025;6.604,34;1.490,61;6.602,54;1.491,02;1.363,14;795,44;9.545,45;13.011.784,71;572,73;16.991,26;3.937,64;9.545,45;162.189.241,86;17.649,54;32.130.031,00;12.598.619,00;1,00;32.130.031,00;135.676,00;135.103,27;152.752,81;143.837,00;8.915,81;28.369.782,00;9.656,00;109.211,00;75,00;456.012,00;215,00;14.105.428,00;8.150,00;39.193.428,00;23.812,00;27.602.268,00;13.526,00;245.005,00;49,00;875.245,00;466,00;6.657.406,00;3.255,00;3.542.135,00;20.231,00;1.735.218,00;8.121,00;767.094,00;8.808,00;5.543.377,00;10.455,00;4.305.460,00;17.882,00;7.389.540,00;26.891,00;37.293,00;148,00;311.221,00;1.359,00;26.273.692,00;13.234,00;4.236.965,00;4.532,00;91.234,00;35,00;4.225.600,00;1.877,00;600.198,00;369,00;189.170,00;117,00;234.224,00;976,00;11.872.578,00;3.342,00;318.867,00;218,00;3.124,00;11.507.340,00;4.088,00;5.748.865,00;2.966,00;4.501.678,00;3.839,00;5.650.852,00;3.053,00;3.883.000,00;959,00;364.672,00;92,00;1.008.676,00;411,00;11.053,00;959,00;445.127,00;668,00;4.704.855,00;1.004,00;441.373,00;1.858,00;5.580.626,00;1.278,00;866.332,00;360,00;441.064,00;77,00;170.644,00;403,00;0,00;0,00;77.887,00;245,00;4.038.425,00;1.938,00;1.659.718,00;1.384,00;164.044,00;781,00;25.362,00;72.157,00;-1.701,30;1.170,00;4.532,00;76.595,11;3.902,50;72.692,61;425.177,84;27.862,09;56.984,70;4.551,67;39.855,59;0,53;31.317.576,90;7.047,90;106,97;1,46;1,29;0,00;7,92;9,22;65,13;0,00;0,00;29,38;8.004,07;3.610,62;;33.663,30;35,10;;655.488,00;24,32;;520.340,00;19.982,00;82%;23,77;98%;2.694.047,00;1.651,00;6.623.342,00;656,00;4.760.618,00;707,00;5.528.057,00;597,00;0,00;0,00;0,00;0,00;340.359,00;0,00;17.449,00;0,00;0,00;0,00;0,00;0,00;0,00;417.021,63;97.320.541,00;39.329,00;48.162,00;;4.280,00;11.141,00;40.095,00;49.566,00;91.303,20;261.693,40;0,00;0,00;0,00;261.693,40;352.996,60;2.019.135,00;24.377.286,35;;;;;;;;;;;;;;;;;;;;;;;;;;;;;;;;;;;;
14/09/2025;6.605,27;1.490,61;6.603,47;1.491,02;1.363,67;795,92;9.545,45;13.016.843,80;5.059,09;16.992,18;3.937,64;9.545,45;162.198.033,22;8.791,36;32.269.350,58;12.641.960,00;1,00;32.269.350,58;139.319,58;134.260,49;143.051,85;132.058,00;10.993,85;28.378.234,00;8.452,00;109.283,00;72,00;456.231,00;219,00;14.113.141,00;7.713,00;39.217.288,00;23.860,00;27.614.058,00;11.790,00;245.056,00;51,00;875.710,00;465,00;6.659.810,00;2.404,00;3.562.203,00;20.068,00;1.743.387,00;8.169,00;775.881,00;8.787,00;5.554.058,00;10.681,00;4.318.895,00;13.435,00;7.414.239,00;24.699,00;37.457,00;164,00;312.411,00;1.190,00;26.285.052,00;11.360,00;4.241.164,00;4.199,00;91.269,00;35,00;4.227.487,00;1.887,00;600.491,00;293,00;189.185,00;15,00;235.219,23;995,23;11.874.259,00;1.681,00;318.937,00;70,00;1.611,00;11.511.481,00;4.141,00;5.751.672,00;2.807,00;4.504.296,00;2.618,00;5.652.829,00;1.977,00;3.883.920,00;920,00;364.762,00;90,00;1.009.045,00;369,00;12.009,00;956,00;445.711,00;584,00;4.705.777,00;922,00;443.244,00;1.871,00;5.581.935,00;1.309,00;866.647,00;315,00;441.297,00;233,00;170.912,00;268,00;0,00;0,00;78.130,00;243,00;4.040.322,00;1.897,00;1.661.076,00;1.358,00;164.585,00;541,00;19.415,00;65.771,00;-2.157,10;843,00;4.199,00;74.395,95;3.624,50;70.771,45;446.372,00;21.194,16;61.497,63;4.512,93;45.665,94;5.810,35;31.323.522,10;5.945,20;99,37;233,47;1,28;1,65;6,03;8,96;61,83;0,00;0,00;27,27;7.618,46;3.360,11;;33.730,10;66,80;;712.912,00;57,42;;569.058,00;48.718,00;85%;39,14;68%;2.699.281,00;5.234,00;6.624.703,00;1.361,00;4.761.064,00;446,00;5.530.141,00;2.084,00;0,00;0,00;0,00;0,00;340.359,00;0,00;17.449,00;0,00;0,00;0,00;0,00;0,00;0,00;417.021,63;97.359.861,00;39.320,00;48.208,80;;4.280,00;11.224,00;40.110,00;49.566,00;69.894,00;254.777,22;0,00;0,00;0,00;254.777,22;324.671,22;1.208.660,39;25.585.946,74;;;;;;;;;;;;;;;;;;;;;;;;;;;;;;;;;;;;
15/09/2025;6.609,87;1.490,62;6.608,07;1.491,03;1.363,67;796,27;9.545,45;13.016.843,80;0,00;16.996,79;3.937,64;9.545,45;162.241.970,92;43.937,71;32.405.729,59;12.700.195,73;1,00;32.405.729,59;136.379,01;136.379,01;180.316,72;170.377,00;9.939,72;28.390.310,00;12.076,00;109.362,00;79,00;456.440,00;209,00;14.121.588,00;8.447,00;39.241.244,00;23.956,00;27.627.932,00;13.874,00;245.102,00;46,00;876.205,00;495,00;6.662.884,00;3.074,00;3.582.795,00;20.592,00;1.751.533,00;8.146,00;784.629,00;8.748,00;5.575.811,00;21.753,00;4.340.504,00;21.609,00;7.447.045,00;32.806,00;37.626,00;169,00;313.922,00;1.511,00;26.300.316,00;15.264,00;4.245.308,00;4.144,00;91.304,00;35,00;4.229.970,00;2.483,00;601.260,00;769,00;189.370,00;185,00;236.234,94;1.015,71;11.879.603,00;5.344,00;319.591,00;654,00;4.690,00;11.515.997,00;4.516,00;5.754.718,00;3.046,00;4.507.605,00;3.309,00;5.655.303,00;2.474,00;3.884.912,00;992,00;364.909,00;147,00;1.009.383,00;338,00;13.413,00;1.404,00;446.522,00;811,00;4.706.849,00;1.072,00;445.118,00;1.874,00;5.583.589,00;1.654,00;867.051,00;404,00;441.641,00;344,00;171.444,00;532,00;0,00;0,00;78.392,00;262,00;4.042.131,00;1.809,00;1.662.271,00;1.195,00;165.288,00;703,00;28.131,00;93.062,00;-1.402,10;2.103,00;4.144,00;82.409,82;4.015,50;78.394,32;483.419,78;37.047,78;67.624,63;6.127,00;53.841,56;8.175,62;31.332.925,50;9.403,40;147,53;242,04;1,74;2,33;10,54;14,60;67,18;0,00;0,00;29,31;8.029,56;3.503,22;;33.805,10;75,00;;781.696,00;68,78;;617.336,00;48.278,00;70%;38,64;56%;2.704.135,00;4.854,00;6.624.880,00;177,00;4.761.512,00;448,00;5.530.314,00;173,00;0,00;0,00;0,00;0,00;340.359,00;0,00;17.450,00;1,00;0,00;0,00;0,00;0,00;0,00;417.021,63;97.399.573,00;39.712,00;48.253,20;;4.280,00;11.302,00;40.125,00;49.566,00;101.271,60;282.219,54;0,00;0,00;0,00;282.219,54;383.491,14;2.426.305,37;28.012.252,11;;;;;;;;;;;;;;;;;;;;;;;;;;;;;;;;;;;;
16/09/2025;6.613,91;1.490,62;6.612,11;1.491,03;1.363,67;796,68;9.545,45;13.016.843,80;0,00;17.000,83;3.937,64;9.545,45;162.280.544,09;38.573,16;32.543.864,72;12.757.979,49;1,00;32.543.864,72;138.135,13;138.135,13;176.708,29;164.613,00;12.095,29;28.398.932,00;8.622,00;109.448,00;86,00;456.634,00;194,00;14.130.156,00;8.568,00;39.265.040,00;23.796,00;27.641.994,00;14.062,00;245.155,00;53,00;876.641,00;436,00;6.666.168,00;3.284,00;3.603.002,00;20.207,00;1.759.688,00;8.155,00;792.949,00;8.320,00;5.596.899,00;21.088,00;4.361.497,00;20.993,00;7.479.372,00;32.327,00;37.816,00;190,00;315.401,00;1.479,00;26.315.266,00;14.950,00;4.249.618,00;4.310,00;91.340,00;36,00;4.232.383,00;2.413,00;602.065,00;805,00;189.429,00;59,00;237.260,39;1.025,45;11.884.393,00;4.790,00;320.240,00;649,00;4.141,00;11.520.593,00;4.596,00;5.757.866,00;3.148,00;4.511.081,00;3.476,00;5.658.094,00;2.791,00;3.886.040,00;1.128,00;364.986,00;77,00;1.009.757,00;374,00;14.605,00;1.192,00;447.182,00;660,00;4.707.862,00;1.013,00;446.911,00;1.793,00;5.585.164,00;1.575,00;867.537,00;486,00;441.906,00;265,00;171.915,00;471,00;0,00;0,00;78.647,00;255,00;4.044.040,00;1.909,00;1.663.563,00;1.292,00;165.961,00;673,00;28.465,00;90.883,00;-1.509,80;1.949,00;4.310,00;81.076,09;4.043,50;77.032,59;509.505,50;26.085,72;72.775,66;5.151,03;57.989,59;4.148,03;31.339.290,00;6.364,50;120,83;195,27;1,47;1,18;7,42;10,06;70,18;0,00;0,00;31,46;8.613,07;3.861,03;;33.873,80;68,70;;841.376,00;59,68;;669.638,00;52.302,00;88%;27,47;46%;2.708.929,00;4.794,00;6.625.149,00;269,00;4.761.529,00;17,00;5.530.545,00;231,00;0,00;0,00;0,00;0,00;340.359,00;0,00;17.451,00;1,00;0,00;0,00;0,00;0,00;0,00;417.021,63;97.439.200,00;39.627,00;48.297,50;;4.280,00;11.356,00;40.138,00;49.566,00;102.474,00;277.317,34;0,00;0,00;0,00;277.317,34;379.791,34;2.257.391,30;30.269.643,41;;;;;;;;;;;;;;;;;;;;;;;;;;;;;;;;;;;;
17/09/2025;6.618,16;1.490,62;6.616,36;1.491,03;1.363,67;797,10;9.545,45;13.016.843,80;0,00;17.005,07;3.937,64;9.545,45;162.321.064,52;40.520,44;32.677.993,94;12.815.762,28;1,00;32.677.993,94;134.129,22;134.129,22;174.649,66;166.863,00;7.786,66;28.409.332,00;10.400,00;109.546,00;98,00;456.864,00;230,00;14.138.694,00;8.538,00;39.288.884,00;23.844,00;27.657.706,00;15.712,00;245.207,00;52,00;877.265,00;624,00;6.671.197,00;5.029,00;3.623.477,00;20.475,00;1.767.844,00;8.156,00;801.396,00;8.447,00;5.617.858,00;20.959,00;4.379.976,00;18.479,00;7.513.888,00;34.516,00;37.989,00;173,00;317.202,00;1.801,00;26.329.206,00;13.940,00;4.253.630,00;4.012,00;91.375,00;35,00;4.234.551,00;2.168,00;602.685,00;620,00;189.455,00;26,00;238.270,43;1.010,04;11.888.781,00;4.388,00;320.780,00;540,00;3.848,00;11.524.860,00;4.267,00;5.760.731,00;2.865,00;4.514.616,00;3.535,00;5.662.471,00;4.377,00;3.887.058,00;1.018,00;365.050,00;64,00;1.009.900,00;143,00;15.666,00;1.061,00;447.808,00;626,00;4.708.993,00;1.131,00;448.740,00;1.829,00;5.586.803,00;1.639,00;867.954,00;417,00;442.258,00;352,00;172.426,00;511,00;0,00;0,00;78.917,00;270,00;4.045.744,00;1.704,00;1.664.643,00;1.080,00;166.664,00;703,00;25.588,00;90.557,00;-1.581,60;1.810,00;4.012,00;79.852,26;3.761,00;76.091,26;539.799,25;30.293,75;78.181,59;5.405,93;64.424,66;6.435,07;31.347.061,10;7.771,10;153,45;234,61;1,54;1,83;8,62;11,98;68,13;0,00;0,00;30,45;8.250,92;3.687,66;;33.963,60;89,80;;925.440,00;84,06;;714.302,00;44.664,00;53%;26,34;31%;2.712.977,00;4.048,00;6.625.785,00;636,00;4.761.837,00;308,00;5.533.299,00;2.754,00;0,00;0,00;0,00;0,00;340.359,00;0,00;17.451,00;0,00;0,00;0,00;0,00;0,00;0,00;417.021,63;97.478.216,00;39.016,00;48.341,50;;4.280,00;11.399,00;40.153,00;49.566,00;92.116,80;273.928,52;0,00;0,00;0,00;273.928,52;366.045,32;2.000.077,53;32.269.720,94;;;;;;;;;;;;;;;;;;;;;;;;;;;;;;;;;;;;
18/09/2025;6.622,20;1.490,62;6.620,40;1.491,03;1.363,67;797,47;9.545,45;13.016.843,80;0,00;17.009,11;3.937,64;9.545,45;162.359.570,87;38.506,35;32.814.603,35;12.878.615,62;1,00;32.814.603,35;136.609,41;136.609,41;175.115,76;165.885,00;9.230,76;28.419.320,00;9.988,00;109.634,00;88,00;457.102,00;238,00;14.146.889,00;8.195,00;39.312.824,00;23.940,00;27.672.170,00;14.464,00;245.256,00;49,00;877.735,00;470,00;6.675.347,00;4.150,00;3.644.948,00;21.471,00;1.776.226,00;8.382,00;810.723,00;9.327,00;5.639.276,00;21.418,00;4.399.412,00;19.436,00;7.546.697,00;32.809,00;38.161,00;172,00;319.189,00;1.987,00;26.343.370,00;14.164,00;4.258.268,00;4.638,00;91.412,00;37,00;4.236.445,00;1.894,00;602.970,00;285,00;189.538,00;83,00;239.278,92;1.008,49;11.892.883,00;4.102,00;320.828,00;48,00;4.054,00;11.529.352,00;4.492,00;5.763.630,00;2.899,00;4.517.834,00;3.218,00;5.666.047,00;3.576,00;3.888.221,00;1.163,00;365.113,00;63,00;1.010.035,00;135,00;16.856,00;1.190,00;448.487,00;679,00;4.710.022,00;1.029,00;450.574,00;1.834,00;5.588.431,00;1.628,00;868.414,00;460,00;442.576,00;318,00;173.031,00;605,00;0,00;0,00;79.172,00;255,00;4.047.643,00;1.899,00;1.665.917,00;1.274,00;167.321,00;657,00;25.640,00;91.372,00;-1.910,70;886,00;4.638,00;80.130,46;3.758,00;76.372,46;568.159,30;28.360,05;82.709,74;4.528,15;69.122,09;4.697,43;31.354.292,90;7.231,80;106,71;165,61;1,29;1,34;8,07;10,69;65,08;0,00;0,00;27,96;7.809,88;3.355,32;;34.045,70;82,10;;1.000.430,00;74,99;;763.736,00;49.434,00;66%;30,86;41%;2.717.832,00;4.855,00;6.627.500,00;1.715,00;4.764.021,00;2.184,00;5.535.652,00;2.353,00;0,00;0,00;0,00;0,00;340.359,00;0,00;17.453,00;2,00;0,00;0,00;0,00;0,00;0,00;417.021,63;97.517.532,00;39.316,00;48.385,30;;4.280,00;11.488,00;40.167,00;49.566,00;92.304,00;274.940,84;0,00;0,00;0,00;274.940,84;367.244,84;1.878.993,88;34.148.714,82;;;;;;;;;;;;;;;;;;;;;;;;;;;;;;;;;;;;
19/09/2025;6.630,65;1.492,56;6.628,85;1.492,97;1.363,67;797,72;9.545,45;13.016.843,80;0,00;17.017,54;3.939,59;9.545,45;162.440.105,83;80.534,96;32.890.187,26;12.913.682,43;1,00;32.890.187,26;75.583,91;75.583,91;156.118,87;147.304,00;8.814,87;28.430.916,00;11.596,00;109.707,00;73,00;457.316,00;214,00;14.155.114,00;8.225,00;39.328.244,00;15.420,00;27.686.118,00;13.948,00;245.303,00;47,00;878.291,00;556,00;6.678.126,00;2.779,00;3.665.743,00;20.795,00;1.784.191,00;7.965,00;819.521,00;8.798,00;5.649.778,00;10.502,00;4.420.624,00;21.212,00;7.577.185,00;30.488,00;38.332,00;171,00;320.882,00;1.693,00;26.358.488,00;15.118,00;4.262.875,00;4.607,00;91.449,00;37,00;4.238.690,00;2.245,00;603.587,00;617,00;189.563,00;25,00;240.287,34;1.008,42;11.898.122,00;5.239,00;321.451,00;623,00;4.616,00;11.533.425,00;4.073,00;5.766.881,00;3.251,00;4.521.124,00;3.290,00;5.668.434,00;2.387,00;3.889.311,00;1.090,00;365.193,00;80,00;1.010.628,00;593,00;18.270,00;1.414,00;449.163,00;676,00;4.711.028,00;1.006,00;452.413,00;1.839,00;5.589.918,00;1.487,00;868.849,00;435,00;442.778,00;202,00;173.492,00;461,00;0,00;0,00;79.450,00;278,00;4.049.300,00;1.657,00;1.666.950,00;1.033,00;168.049,00;728,00;28.559,00;78.965,00;-10.465,20;1.821,00;4.607,00;81.191,07;3.785,50;77.405,57;602.316,30;34.157,00;87.237,50;4.527,76;73.590,94;4.468,85;31.363.341,20;9.048,30;108,57;225,21;1,29;1,27;9,71;12,27;65,08;0,00;0,00;32,14;8.006,25;3.953,92;;34.110,20;64,50;;1.059.888,00;59,46;;819.368,00;55.632,00;94%;1,30;2%;2.722.325,00;4.493,00;6.628.122,00;622,00;4.764.776,00;755,00;5.535.747,00;95,00;0,00;0,00;0,00;0,00;340.359,00;0,00;17.454,00;1,00;0,00;0,00;0,00;0,00;0,00;417.021,63;97.545.015,00;27.483,00;48.425,70;;4.280,00;11.501,00;40.180,00;49.566,00;102.812,40;278.660,06;0,00;0,00;0,00;278.660,06;381.472,46;2.277.391,16;36.426.105,98;;;;;;;;;;;;;;;;;;;;;;;;;;;;;;;;;;;;
20/09/2025;6.644,08;1.496,65;6.642,27;1.497,06;1.363,67;797,72;9.545,45;13.016.843,80;0,00;17.030,98;3.943,69;9.545,45;162.568.348,95;128.243,12;32.890.187,00;12.913.682,00;1,00;32.890.187,00;0,00;0,00;128.243,12;118.267,00;9.976,12;28.439.002,00;8.086,00;109.782,00;75,00;457.528,00;212,00;14.162.004,00;6.890,00;39.330.440,00;2.196,00;27.699.114,00;12.996,00;245.350,00;47,00;878.905,00;614,00;6.682.120,00;3.994,00;3.686.068,00;20.325,00;1.792.280,00;8.089,00;828.541,00;9.020,00;5.659.277,00;9.499,00;4.435.635,00;15.011,00;7.608.349,00;31.164,00;38.500,00;168,00;322.311,00;1.429,00;26.370.588,00;12.100,00;4.267.377,00;4.502,00;91.487,00;38,00;4.240.675,00;1.985,00;604.034,00;447,00;189.670,00;107,00;241.270,00;982,66;11.901.229,00;3.107,00;321.842,00;391,00;2.716,00;11.537.732,00;4.307,00;5.768.369,00;1.488,00;4.523.491,00;2.367,00;5.671.934,00;3.500,00;3.890.316,00;1.005,00;365.256,00;63,00;1.010.714,00;86,00;19.147,00;877,00;449.647,00;484,00;4.712.054,00;1.026,00;454.085,00;1.672,00;5.591.194,00;1.276,00;869.255,00;406,00;443.039,00;261,00;173.855,00;363,00;0,00;0,00;79.749,00;299,00;4.051.064,00;1.764,00;1.668.128,00;1.178,00;168.788,00;739,00;19.454,00;72.783,00;-25.102,10;1.559,00;4.502,00;74.501,22;3.794,50;70.706,72;625.481,40;23.165,10;91.245,40;4.007,90;77.558,47;3.967,53;31.368.886,00;5.544,80;118,61;110,75;1,14;1,13;6,59;8,86;53,20;0,00;0,00;25,22;6.313,65;2.993,05;;34.188,10;77,90;;1.126.576,00;66,69;;859.638,00;40.270,00;60%;61,01;91%;2.726.462,00;4.137,00;6.628.725,00;603,00;4.765.596,00;820,00;5.537.875,00;2.128,00;0,00;0,00;0,00;0,00;340.359,00;0,00;17.454,00;0,00;0,00;0,00;0,00;0,00;0,00;417.021,63;97.550.783,00;5.768,00;48.460,00;;4.280,00;11.616,00;40.193,00;49.566,00;70.034,40;254.544,19;0,00;0,00;0,00;254.544,19;324.578,59;1.445.198,31;37.871.304,29;;;;;;;;;;;;;;;;;;;;;;;;;;;;;;;;;;;;
21/09/2025;6.657,25;1.500,74;6.655,44;1.501,15;1.363,67;797,72;9.545,45;13.016.843,80;0,00;17.044,14;3.947,79;9.545,45;162.693.967,07;125.618,12;32.890.187,00;12.913.682,45;1,00;32.890.187,00;0,00;0,00;125.618,12;114.106,00;11.512,12;28.446.410,00;7.408,00;109.850,00;68,00;457.710,00;182,00;14.168.684,00;6.680,00;39.331.656,00;1.216,00;27.711.966,00;12.852,00;245.398,00;48,00;879.521,00;616,00;6.685.587,00;3.467,00;3.705.843,00;19.775,00;1.800.417,00;8.137,00;837.534,00;8.993,00;5.669.525,00;10.248,00;4.450.058,00;14.423,00;7.639.113,00;30.764,00;38.675,00;175,00;323.281,00;970,00;26.381.328,00;10.740,00;4.271.525,00;4.148,00;91.523,00;36,00;4.242.259,00;1.584,00;604.272,00;238,00;189.683,00;13,00;242.258,92;988,92;11.903.301,00;2.072,00;321.844,00;2,00;2.070,00;11.542.409,00;4.677,00;5.769.833,00;1.464,00;4.526.197,00;2.706,00;5.675.193,00;3.259,00;3.891.293,00;977,00;365.320,00;64,00;1.010.799,00;85,00;20.022,00;875,00;450.183,00;536,00;4.713.191,00;1.137,00;455.781,00;1.696,00;5.592.350,00;1.156,00;869.615,00;360,00;443.118,00;79,00;174.032,00;177,00;0,00;0,00;80.046,00;297,00;4.052.807,00;1.743,00;1.669.301,00;1.173,00;169.473,00;685,00;18.602,00;72.565,00;-26.326,60;869,00;4.148,00;74.362,72;3.517,00;70.845,72;643.499,90;18.018,50;95.572,92;4.327,52;77.599,20;40,73;31.374.042,60;5.156,60;77,27;0,74;1,23;0,01;5,12;6,37;52,34;0,00;0,00;24,36;6.493,73;3.022,30;;34.222,60;34,50;;1.149.520,00;22,94;;900.386,00;40.748,00;178%;17,09;74%;2.728.111,00;1.649,00;6.629.384,00;659,00;4.765.716,00;120,00;5.540.102,00;2.227,00;0,00;0,00;0,00;0,00;340.359,00;0,00;17.454,00;0,00;0,00;0,00;0,00;0,00;0,00;417.021,63;97.553.744,00;2.961,00;48.489,20;;4.280,00;11.691,00;40.207,14;49.566,00;66.967,20;255.044,60;0,00;0,00;0,00;255.044,60;322.011,80;1.438.819,01;39.310.123,30;;;;;;;;;;;;;;;;;;;;;;;;;;;;;;;;;;;;
22/09/2025;6.664,78;1.502,31;6.662,97;1.502,72;1.363,67;798,02;9.545,45;13.016.843,80;0,00;17.051,66;3.949,36;9.545,45;162.765.758,40;71.791,33;32.988.778,78;12.954.808,64;1,00;32.988.778,78;98.591,78;98.591,78;170.383,11;158.236,00;12.147,11;28.456.032,00;9.622,00;109.935,00;85,00;457.901,00;191,00;14.176.499,00;7.815,00;39.348.024,00;16.368,00;27.725.888,00;13.922,00;245.446,00;48,00;880.134,00;613,00;6.687.982,00;2.395,00;3.726.564,00;20.721,00;1.808.480,00;8.063,00;846.537,00;9.003,00;5.690.216,00;20.691,00;4.468.924,00;18.866,00;7.675.294,00;36.181,00;38.855,00;180,00;324.922,00;1.641,00;26.395.378,00;14.050,00;4.275.868,00;4.343,00;91.560,00;37,00;4.244.608,00;2.349,00;605.050,00;778,00;189.834,00;151,00;243.283,95;1.025,03;11.906.983,00;3.682,00;322.273,00;429,00;3.253,00;11.547.161,00;4.752,00;5.772.605,00;2.772,00;4.529.685,00;3.488,00;5.677.316,00;2.123,00;3.892.396,00;1.103,00;365.395,00;75,00;1.011.217,00;418,00;21.280,00;1.258,00;450.870,00;687,00;4.714.599,00;1.408,00;457.482,00;1.701,00;5.593.911,00;1.561,00;869.994,00;379,00;443.247,00;129,00;174.565,00;533,00;0,00;0,00;80.328,00;282,00;4.054.521,00;1.714,00;1.670.373,00;1.072,00;170.173,00;700,00;25.371,00;92.804,00;-10.088,50;1.971,00;4.343,00;81.353,61;3.870,50;77.483,11;671.535,94;28.036,04;99.672,53;4.099,61;79.863,98;2.264,78;31.381.128,90;7.086,30;100,79;99,53;1,17;0,64;7,97;9,78;62,03;0,00;0,00;29,36;7.544,36;3.570,89;;34.271,50;48,90;;1.188.210,00;38,69;;948.722,00;48.336,00;125%;15,84;41%;2.730.832,00;2.721,00;6.629.874,00;490,00;4.766.031,00;315,00;5.542.879,00;2.777,00;0,00;0,00;0,00;0,00;340.359,00;0,00;17.455,00;1,00;0,00;0,00;0,00;0,00;0,00;417.021,63;97.582.633,00;28.889,00;48.531,20;;4.280,00;11.759,00;40.221,00;49.566,00;91.335,60;278.939,19;0,00;0,00;0,00;278.939,19;370.274,79;1.932.811,19;41.242.934,49;;;;;;;;;;;;;;;;;;;;;;;;;;;;;;;;;;;;
23/09/2025;6.665,65;1.502,31;6.663,84;1.502,72;1.363,68;798,15;9.545,45;13.016.939,26;95,45;17.052,53;3.949,36;9.545,45;162.774.024,76;8.266,36;33.096.235,79;12.984.776,23;1,00;33.096.235,79;107.457,01;107.361,56;115.627,92;110.465,00;5.162,92;28.465.836,00;9.804,00;110.007,00;72,00;458.123,00;222,00;14.184.638,00;8.139,00;39.363.524,00;15.500,00;27.739.968,00;14.080,00;245.572,00;126,00;880.757,00;623,00;6.690.852,00;2.870,00;3.735.918,00;9.354,00;1.810.236,00;1.756,00;849.528,00;2.991,00;5.699.480,00;9.264,00;4.486.369,00;17.445,00;7.690.461,00;15.167,00;39.029,00;174,00;326.642,00;1.720,00;26.407.090,00;11.712,00;4.276.696,00;828,00;91.599,00;39,00;4.247.119,00;2.511,00;605.871,00;821,00;189.975,00;141,00;244.275,00;991,05;11.911.252,00;4.269,00;322.921,00;648,00;3.621,00;11.550.475,00;3.314,00;5.776.029,00;3.424,00;4.532.957,00;3.272,00;5.679.726,00;2.410,00;3.893.543,00;1.147,00;365.465,00;70,00;1.011.485,00;268,00;22.299,00;1.019,00;451.502,00;632,00;4.716.200,00;1.601,00;459.288,00;1.806,00;5.595.567,00;1.656,00;870.434,00;440,00;443.498,00;251,00;175.150,00;585,00;0,00;0,00;80.594,00;266,00;4.056.234,00;1.713,00;1.671.440,00;1.067,00;170.800,00;627,00;25.558,00;46.623,00;-10.687,00;2.233,00;828,00;76.630,92;3.861,50;72.769,42;699.268,10;27.732,16;104.416,75;4.744,22;88.037,43;8.173,45;31.388.390,80;7.261,90;124,13;170,60;1,35;2,32;7,89;11,56;64,98;0,00;0,00;29,75;7.915,68;3.624,06;;34.326,00;54,50;;1.253.390,00;65,18;;994.558,00;45.836,00;70%;32,78;50%;2.734.690,00;3.858,00;6.630.231,00;357,00;4.766.532,00;501,00;5.545.955,00;3.076,00;0,00;0,00;0,00;0,00;340.359,00;0,00;17.463,00;8,00;0,00;0,00;0,00;0,00;0,00;417.021,63;97.616.751,00;34.118,00;48.575,20;;4.280,00;11.836,00;40.235,00;49.566,00;92.008,80;261.969,89;0,00;0,00;0,00;261.969,89;353.978,69;1.842.602,31;43.085.536,80;;;;;;;;;;;;;;;;;;;;;;;;;;;;;;;;;;;;
24/09/2025;6.668,32;1.502,39;6.666,50;1.502,80;1.363,75;798,95;9.545,45;13.017.607,44;668,18;17.055,16;3.949,44;9.545,45;162.799.205,66;25.180,90;33.211.996,74;13.035.097,02;1,00;33.211.996,74;115.760,95;115.092,77;140.273,67;131.656,00;8.617,67;28.473.218,00;7.382,00;110.077,00;70,00;458.316,00;193,00;14.191.852,00;7.214,00;39.382.596,00;19.072,00;27.754.646,00;14.678,00;245.708,00;136,00;881.402,00;645,00;6.695.266,00;4.414,00;3.751.647,00;15.729,00;1.816.453,00;6.217,00;855.998,00;6.470,00;5.715.490,00;16.010,00;4.498.881,00;12.512,00;7.719.150,00;28.689,00;39.263,00;234,00;327.704,00;1.062,00;26.417.460,00;10.370,00;4.279.635,00;2.939,00;91.639,00;40,00;4.249.606,00;2.487,00;606.640,00;769,00;190.157,00;182,00;245.318,78;1.043,78;11.913.438,00;2.186,00;322.944,00;23,00;2.163,00;11.553.137,00;2.662,00;5.778.947,00;2.918,00;4.536.327,00;3.370,00;5.683.626,00;3.900,00;3.894.581,00;1.038,00;365.500,00;35,00;1.011.567,00;82,00;23.112,00;813,00;452.161,00;659,00;4.717.658,00;1.458,00;461.072,00;1.784,00;5.596.723,00;1.156,00;870.827,00;393,00;443.762,00;264,00;175.377,00;227,00;0,00;0,00;80.871,00;277,00;4.057.982,00;1.748,00;1.672.554,00;1.114,00;171.562,00;762,00;19.709,00;69.898,00;-8.138,30;1.619,00;2.939,00;73.955,97;4.030,50;69.925,47;717.235,10;17.967,00;108.987,47;4.570,72;97.140,99;9.103,56;31.393.203,80;4.813,00;117,82;272,07;1,30;2,59;5,11;9,00;57,69;0,00;0,00;24,99;6.985,95;3.026,16;;34.424,30;98,30;;1.330.620,00;77,23;;1.043.300,00;48.742,00;63%;5,24;7%;2.736.034,00;1.344,00;6.631.401,00;1.170,00;4.767.442,00;910,00;5.548.412,00;2.457,00;0,00;0,00;0,00;0,00;340.359,00;0,00;17.463,00;0,00;0,00;0,00;0,00;0,00;0,00;417.021,63;97.651.301,00;34.550,00;48.613,60;;4.280,00;11.900,00;40.250,00;49.566,00;70.952,40;251.731,68;0,00;0,00;0,00;251.731,68;322.684,08;1.361.563,80;44.447.100,60;;;;;;;;;;;;;;;;;;;;;;;;;;;;;;;;;;;;
25/09/2025;6.672,33;1.502,39;6.670,51;1.502,80;1.363,75;799,31;9.545,45;13.017.607,44;0,00;17.059,17;3.949,44;9.545,45;162.837.454,28;38.248,62;33.349.961,58;13.091.284,91;1,00;33.349.961,58;137.964,84;137.964,84;176.213,46;165.589,00;10.624,46;28.482.838,00;9.620,00;110.166,00;89,00;458.491,00;175,00;14.199.806,00;7.954,00;39.406.188,00;23.592,00;27.767.466,00;12.820,00;245.838,00;130,00;882.038,00;636,00;6.697.576,00;2.310,00;3.772.895,00;21.248,00;1.824.723,00;8.270,00;864.832,00;8.834,00;5.734.638,00;19.148,00;4.518.332,00;19.451,00;7.756.266,00;37.116,00;39.494,00;231,00;329.474,00;1.770,00;26.432.100,00;14.640,00;4.283.786,00;4.151,00;91.676,00;37,00;4.251.805,00;2.199,00;607.338,00;698,00;190.278,00;121,00;246.329,98;1.011,20;11.918.502,00;5.064,00;323.513,00;569,00;4.495,00;11.557.538,00;4.401,00;5.781.927,00;2.980,00;4.539.581,00;3.254,00;5.685.731,00;2.105,00;3.895.691,00;1.110,00;365.569,00;69,00;1.011.650,00;83,00;24.417,00;1.305,00;452.855,00;694,00;4.718.791,00;1.133,00;462.822,00;1.750,00;5.598.411,00;1.688,00;871.172,00;345,00;443.842,00;80,00;175.883,00;506,00;0,00;0,00;81.138,00;267,00;4.059.901,00;1.919,00;1.673.865,00;1.311,00;172.228,00;666,00;29.632,00;92.819,00;-2.932,00;2.024,00;4.151,00;80.151,46;3.951,50;76.199,96;746.698,44;29.463,34;114.116,95;5.129,48;99.215,02;2.074,03;31.400.434,60;7.230,80;124,58;59,72;1,46;0,59;8,38;10,43;63,08;0,00;0,00;28,66;7.863,84;3.572,89;;34.478,00;53,70;;1.374.340,00;43,72;;1.082.680,00;39.380,00;90%;2,74;6%;2.740.608,00;4.574,00;6.631.901,00;500,00;4.768.190,00;748,00;5.551.021,00;2.609,00;0,00;0,00;0,00;0,00;340.359,00;0,00;17.465,00;2,00;0,00;0,00;0,00;0,00;0,00;417.021,63;97.691.140,00;39.839,00;48.654,90;;4.280,00;11.980,00;40.265,00;49.566,00;106.675,20;274.319,85;0,00;0,00;0,00;274.319,85;380.995,05;2.229.652,00;46.676.752,60;;;;;;;;;;;;;;;;;;;;;;;;;;;;;;;;;;;;
26/09/2025;6.675,94;1.502,39;6.674,13;1.502,80;1.363,75;799,70;9.545,45;13.017.607,44;0,00;17.062,78;3.949,44;9.545,45;162.871.951,53;34.497,26;33.486.132,64;13.145.966,83;1,00;33.486.132,64;136.171,06;136.171,06;170.668,32;162.172,00;8.496,32;28.491.184,00;8.346,00;110.259,00;93,00;458.689,00;198,00;14.207.602,00;7.796,00;39.429.676,00;23.488,00;27.780.150,00;12.684,00;245.969,00;131,00;882.681,00;643,00;6.700.025,00;2.449,00;3.794.252,00;21.357,00;1.833.029,00;8.306,00;873.725,00;8.893,00;5.754.721,00;20.083,00;4.536.358,00;18.026,00;7.792.604,00;36.338,00;39.725,00;231,00;331.254,00;1.780,00;26.446.154,00;14.054,00;4.287.977,00;4.191,00;91.712,00;36,00;4.254.077,00;2.272,00;607.974,00;636,00;190.398,00;120,00;247.353,79;1.023,81;11.922.757,00;4.255,00;323.923,00;410,00;3.845,00;11.561.672,00;4.134,00;5.784.810,00;2.883,00;4.543.195,00;3.614,00;5.687.816,00;2.085,00;3.896.782,00;1.091,00;365.630,00;61,00;1.011.732,00;82,00;25.487,00;1.070,00;453.544,00;689,00;4.719.746,00;955,00;464.559,00;1.737,00;5.600.020,00;1.609,00;871.556,00;384,00;444.029,00;187,00;176.419,00;536,00;0,00;0,00;81.403,00;265,00;4.061.927,00;2.026,00;1.675.283,00;1.418,00;172.967,00;739,00;28.171,00;91.646,00;-3.240,50;1.809,00;4.191,00;76.262,82;4.166,00;72.096,82;770.588,40;23.889,96;118.207,31;4.090,36;101.719,15;2.504,13;31.406.552,30;6.117,70;106,79;104,18;1,16;0,71;6,79;8,67;62,93;0,00;0,00;27,90;7.840,77;3.476,20;;34.524,50;46,50;;1.410.290,00;35,95;;1.124.110,00;41.430,00;115%;3,16;9%;2.745.378,00;4.770,00;6.632.324,00;423,00;4.768.190,00;0,00;5.552.564,00;1.543,00;0,00;0,00;0,00;0,00;340.359,00;0,00;17.466,00;1,00;0,00;0,00;0,00;0,00;0,00;417.021,63;97.731.046,00;39.906,00;48.696,70;;4.280,00;12.036,00;40.274,00;49.566,00;101.415,60;259.548,54;0,00;0,00;0,00;259.548,54;360.964,14;2.014.092,68;48.690.845,28;;;;;;;;;;;;;;;;;;;;;;;;;;;;;;;;;;;;
27/09/2025;6.680,11;1.502,39;6.678,29;1.502,80;1.363,75;799,99;9.545,45;13.017.607,44;0,00;17.066,94;3.949,44;9.545,45;162.911.641,51;39.689,98;33.622.561,89;13.200.585,90;1,00;33.622.561,89;136.429,25;136.429,25;176.119,23;167.088,00;9.031,23;28.501.892,00;10.708,00;110.345,00;86,00;458.887,00;198,00;14.215.912,00;8.310,00;39.453.032,00;23.356,00;27.794.070,00;13.920,00;246.095,00;126,00;883.293,00;612,00;6.703.303,00;3.278,00;3.815.582,00;21.330,00;1.841.313,00;8.284,00;882.583,00;8.858,00;5.773.652,00;18.931,00;4.558.279,00;21.921,00;7.826.858,00;34.254,00;39.951,00;226,00;332.766,00;1.512,00;26.460.512,00;14.358,00;4.292.293,00;4.316,00;91.747,00;35,00;4.256.141,00;2.064,00;608.362,00;388,00;190.516,00;118,00;248.317,06;963,27;11.927.786,00;5.029,00;324.220,00;297,00;4.732,00;11.566.360,00;4.688,00;5.787.744,00;2.934,00;4.546.760,00;3.565,00;5.690.837,00;3.021,00;3.897.706,00;924,00;365.691,00;61,00;1.011.815,00;83,00;26.799,00;1.312,00;454.281,00;737,00;4.720.912,00;1.166,00;466.374,00;1.815,00;5.601.641,00;1.621,00;871.898,00;342,00;444.141,00;112,00;176.831,00;412,00;0,00;0,00;81.687,00;284,00;4.063.865,00;1.938,00;1.676.655,00;1.372,00;173.666,00;699,00;30.213,00;92.248,00;-2.911,20;1.415,00;4.316,00;81.051,43;3.953,00;77.098,43;803.307,44;32.719,04;123.954,80;5.747,49;102.908,63;1.189,48;31.414.465,80;7.913,50;135,00;125,08;1,63;0,34;9,31;11,28;66,13;0,00;0,00;30,20;7.939,95;3.625,99;;34.577,20;52,70;;1.454.210,00;43,92;;1.179.790,00;55.680,00;127%;0,59;1%;2.749.920,00;4.542,00;6.632.673,00;349,00;4.768.965,00;775,00;5.555.208,00;2.644,00;0,00;0,00;0,00;0,00;340.359,00;0,00;17.466,00;0,00;0,00;0,00;0,00;0,00;0,00;417.021,63;97.770.820,00;39.774,00;48.733,00;;4.280,00;12.165,00;40.286,00;49.566,00;108.766,80;277.554,35;0,00;0,00;0,00;277.554,35;386.321,15;2.471.225,75;51.162.071,03;;;;;;;;;;;;;;;;;;;;;;;;;;;;;;;;;;;;
28/09/2025;6.683,06;1.502,39;6.681,24;1.502,80;1.363,75;800,31;9.545,45;13.017.607,44;0,00;17.069,89;3.949,44;9.545,45;162.939.810,14;28.168,62;33.761.559,68;13.251.511,68;1,00;33.761.559,68;138.997,79;138.997,79;167.166,41;155.867,00;11.299,41;28.511.570,00;9.678,00;110.411,00;66,00;459.078,00;191,00;14.223.904,00;7.992,00;39.476.248,00;23.216,00;27.804.882,00;10.812,00;246.222,00;127,00;883.902,00;609,00;6.703.687,00;384,00;3.836.896,00;21.314,00;1.849.615,00;8.302,00;891.528,00;8.945,00;5.793.233,00;19.581,00;4.578.222,00;19.943,00;7.857.051,00;30.193,00;40.175,00;224,00;334.586,00;1.820,00;26.473.650,00;13.138,00;4.296.514,00;4.221,00;91.782,00;35,00;4.257.770,00;1.629,00;608.604,00;242,00;190.535,00;19,00;249.270,40;953,34;11.932.193,00;4.407,00;324.248,00;28,00;4.379,00;11.571.072,00;4.712,00;5.789.411,00;1.667,00;4.550.402,00;3.642,00;5.691.105,00;268,00;3.898.643,00;937,00;365.751,00;60,00;1.011.896,00;81,00;28.006,00;1.207,00;454.913,00;632,00;4.722.098,00;1.186,00;467.686,00;1.312,00;5.603.318,00;1.677,00;872.243,00;345,00;444.172,00;31,00;177.370,00;539,00;0,00;0,00;81.957,00;270,00;4.065.717,00;1.852,00;1.677.960,00;1.305,00;174.290,00;624,00;25.179,00;86.964,00;-3.417,60;898,00;4.221,00;78.501,01;3.560,50;74.940,51;834.294,60;30.987,16;129.790,51;5.835,71;102.908,63;0,00;31.422.029,00;7.563,20;136,93;0,88;1,66;0,00;8,81;10,47;63,93;0,00;0,00;27,72;7.604,69;3.297,39;;34.625,60;48,40;;1.493.860,00;39,65;;1.224.930,00;45.140,00;114%;2,58;7%;2.754.898,00;4.978,00;6.633.963,00;1.290,00;4.770.882,00;1.917,00;5.555.990,00;782,00;0,00;0,00;0,00;0,00;340.359,00;0,00;17.466,00;0,00;0,00;0,00;0,00;0,00;0,00;417.021,63;97.810.503,00;39.683,00;48.771,40;;4.280,00;12.242,00;40.299,00;49.566,00;90.644,40;269.785,85;0,00;0,00;0,00;269.785,85;360.430,25;2.252.268,75;53.414.339,78;;;;;;;;;;;;;;;;;;;;;;;;;;;;;;;;;;;;
29/09/2025;6.686,18;1.502,39;6.684,36;1.502,80;1.363,75;800,63;9.545,45;13.017.607,44;0,00;17.073,02;3.949,44;9.545,45;162.969.620,58;29.810,44;33.897.465,27;13.304.652,52;1,00;33.897.465,27;135.905,59;135.905,59;165.716,03;156.457,00;9.259,03;28.520.190,00;8.620,00;110.482,00;71,00;459.268,00;190,00;14.231.949,00;8.045,00;39.499.840,00;23.592,00;27.817.708,00;12.826,00;246.349,00;127,00;884.519,00;617,00;6.705.594,00;1.907,00;3.857.708,00;20.812,00;1.857.842,00;8.227,00;900.435,00;8.907,00;5.812.877,00;19.644,00;4.594.670,00;16.448,00;7.889.659,00;32.608,00;40.400,00;225,00;336.324,00;1.738,00;26.487.512,00;13.862,00;4.301.019,00;4.505,00;91.818,00;36,00;4.260.230,00;2.460,00;609.352,00;748,00;190.654,00;119,00;250.282,81;1.012,41;11.935.940,00;3.747,00;324.676,00;428,00;3.319,00;11.574.880,00;3.808,00;5.792.554,00;3.143,00;4.554.141,00;3.739,00;5.692.747,00;1.642,00;3.899.680,00;1.037,00;365.766,00;15,00;1.011.922,00;26,00;29.021,00;1.015,00;455.675,00;762,00;4.723.045,00;947,00;469.379,00;1.693,00;5.604.721,00;1.403,00;872.598,00;355,00;444.294,00;122,00;177.925,00;555,00;0,00;0,00;82.236,00;279,00;4.067.431,00;1.714,00;1.679.048,00;1.088,00;174.896,00;606,00;25.600,00;85.834,00;-3.047,70;1.912,00;4.505,00;76.512,73;3.829,00;72.683,73;857.916,90;23.622,30;134.708,50;4.917,99;106.537,02;3.628,39;31.428.187,40;6.158,40;113,78;218,94;1,40;1,03;6,72;9,15;64,03;0,00;0,00;29,18;7.795,44;3.552,57;;34.684,70;59,10;;1.542.672,00;48,81;;1.278.680,00;53.750,00;110%;6,95;14%;2.759.820,00;4.922,00;6.634.722,00;759,00;4.770.906,00;24,00;5.557.885,00;1.895,00;0,00;0,00;0,00;0,00;340.359,00;0,00;17.466,00;0,00;0,00;0,00;0,00;0,00;0,00;417.021,63;97.851.105,00;40.602,00;48.812,10;;4.280,00;12.324,00;40.314,00;49.566,00;92.160,00;261.661,43;0,00;0,00;0,00;261.661,43;353.821,43;1.498.236,74;54.912.576,52;;;;;;;;;;;;;;;;;;;;;;;;;;;;;;;;;;;;
30/09/2025;6.690,12;1.502,39;6.688,29;1.502,80;1.363,76;801,04;9.545,45;13.017.702,89;95,45;17.076,94;3.949,44;9.545,45;163.007.115,10;37.494,53;34.034.333,00;13.361.373,00;1,00;34.034.333,00;136.867,73;136.772,28;174.266,80;165.387,00;8.879,80;28.530.964,00;10.774,00;110.579,00;97,00;459.449,00;181,00;14.240.221,00;8.272,00;39.523.348,00;23.508,00;27.832.078,00;14.370,00;246.479,00;130,00;885.139,00;620,00;6.708.773,00;56,00;3.879.079,00;21.371,00;1.866.116,00;8.274,00;909.348,00;8.913,00;5.832.457,00;19.580,00;4.615.260,00;20.590,00;7.923.079,00;33.420,00;40.639,00;239,00;338.131,00;1.807,00;26.501.014,00;13.502,00;4.303.758,00;2.739,00;91.853,00;35,00;4.262.549,00;2.319,00;609.945,00;593,00;190.757,00;103,00;251.280,64;997,83;11.940.557,00;4.617,00;324.874,00;198,00;4.419,00;11.578.841,00;3.961,00;5.795.864,00;3.310,00;4.558.017,00;3.876,00;5.695.453,00;2.706,00;3.900.612,00;932,00;365.766,00;0,00;1.011.922,00;0,00;30.236,00;1.215,00;456.466,00;791,00;4.724.169,00;1.124,00;471.059,00;1.680,00;5.606.346,00;1.625,00;872.897,00;299,00;444.545,00;251,00;178.496,00;571,00;0,00;0,00;82.517,00;281,00;4.069.409,00;1.978,00;1.680.411,00;1.363,00;175.604,00;708,00;30.738,00;90.777,00;-2.976,40;1.514,00;2.739,00;82.213,20;4.126,50;78.086,70;882.135,25;24.218,35;137.863,34;3.154,84;111.670,65;5.133,63;31.436.665,50;8.478,10;127,46;281,39;0,90;1,46;6,89;9,25;65,18;0,00;0,00;30,27;8.227,76;3.821,02;;34.756,40;71,70;;1.605.312,00;62,64;;1.328.468,00;49.788,00;79%;5,76;9%;2.764.734,00;4.914,00;6.635.285,00;563,00;4.771.403,00;497,00;5.559.131,00;1.246,00;0,00;0,00;0,00;0,00;340.359,00;0,00;17.468,00;2,00;0,00;0,00;0,00;0,00;0,00;417.021,63;97.891.577,00;40.472,00;48.850,70;;4.280,00;12.400,00;40.330,00;49.566,00;110.656,80;281.112,13;0,00;0,00;0,00;281.112,13;391.768,93;2.259.163,26;57.171.739,78;;;;;;;;;;;;;;;;;;;;;;;;;;;;;;;;;;;;
01/10/2025;6.692,06;1.502,39;6.690,24;1.502,80;1.363,76;801,48;9.545,45;13.017.702,89;0,00;17.078,88;3.949,43;9.545,45;163.025.595,10;18.479,99;34.173.373,08;13.409.176,51;1,00;34.173.373,08;139.040,08;139.040,08;157.520,07;148.395,00;9.125,07;28.540.396,00;9.432,00;110.662,00;83,00;459.649,00;200,00;14.248.290,00;8.069,00;39.537.896,00;14.548,00;27.845.768,00;13.690,00;246.605,00;126,00;885.751,00;612,00;6.712.566,00;3.793,00;3.899.760,00;20.681,00;1.874.372,00;8.256,00;918.274,00;8.926,00;5.852.650,00;20.193,00;4.634.184,00;18.924,00;7.954.853,00;31.774,00;40.877,00;238,00;339.316,00;1.185,00;26.512.098,00;11.084,00;4.304.311,00;553,00;91.892,00;39,00;4.264.153,00;1.604,00;610.118,00;173,00;190.779,00;22,00;252.320,59;1.039,95;11.945.134,00;4.577,00;325.198,00;324,00;4.253,00;11.583.186,00;4.345,00;5.798.889,00;3.025,00;4.561.180,00;3.163,00;5.698.633,00;3.180,00;3.901.478,00;866,00;365.766,00;0,00;1.011.922,00;0,00;31.369,00;1.133,00;457.084,00;618,00;4.725.454,00;1.285,00;472.519,00;1.460,00;5.607.920,00;1.574,00;873.199,00;302,00;444.889,00;344,00;178.765,00;269,00;0,00;0,00;82.769,00;252,00;4.071.336,00;1.927,00;1.681.716,00;1.305,00;176.303,00;699,00;25.552,00;88.073,00;-12.213,60;1.131,00;553,00;79.976,67;3.680,00;76.296,67;36.873,00;36.873,00;6.588,46;6.588,46;8.348,48;8.348,48;31.443.804,30;7.138,80;109,32;217,82;1,87;2,37;10,49;14,74;62,13;0,00;0,00;35,58;7.692,48;4.405,25;;34.830,60;74,20;;81.104,00;81,10;;60.259,00;60.259,00;74%;35,39;44%;2.769.269,00;4.535,00;6.635.897,00;612,00;4.771.771,00;368,00;5.560.367,00;1.236,00;0,00;0,00;0,00;0,00;340.359,00;0,00;17.468,00;0,00;0,00;0,00;0,00;0,00;0,00;417.021,63;97.931.554,00;39.977,00;48.889,60;;4.280,00;12.480,00;40.345,00;49.566,00;91.987,20;274.668,02;0,00;0,00;0,00;274.668,02;366.655,22;2.264.075,65;2.264.075,65;;;;;;;;;;;;;;;;;;;;;;;;;;;;;;;;;;;;
02/10/2025;6.693,47;1.502,39;6.691,65;1.502,80;1.363,82;801,82;9.545,45;13.018.275,62;572,73;17.080,25;3.949,44;9.545,45;163.038.681,91;13.086,81;34.306.583,97;13.452.257,82;1,00;34.306.583,97;133.210,89;132.638,16;145.724,97;139.666,00;6.058,97;28.548.288,00;7.892,00;110.740,00;78,00;459.840,00;191,00;14.255.852,00;7.562,00;39.552.476,00;14.580,00;27.858.520,00;12.752,00;246.738,00;133,00;886.386,00;635,00;6.716.523,00;3.957,00;3.919.772,00;20.012,00;1.881.651,00;7.279,00;926.671,00;8.397,00;5.872.648,00;19.998,00;4.649.765,00;15.581,00;7.985.748,00;30.895,00;41.114,00;237,00;341.007,00;1.691,00;26.522.492,00;10.394,00;4.304.632,00;321,00;91.932,00;40,00;4.266.169,00;2.016,00;610.553,00;435,00;190.806,00;27,00;253.363,19;1.042,60;11.949.508,00;4.374,00;325.866,00;668,00;3.706,00;11.587.036,00;3.850,00;5.800.835,00;1.946,00;4.563.396,00;2.216,00;5.702.058,00;3.425,00;3.902.347,00;869,00;365.766,00;0,00;1.011.922,00;0,00;32.497,00;1.128,00;457.553,00;469,00;4.726.698,00;1.244,00;474.232,00;1.713,00;5.609.435,00;1.515,00;873.531,00;332,00;445.176,00;287,00;179.274,00;509,00;0,00;0,00;83.024,00;255,00;4.073.091,00;1.755,00;1.682.837,00;1.121,00;176.957,00;654,00;20.136,00;82.150,00;-12.766,80;1.765,00;321,00;74.255,77;3.672,00;70.583,77;57.903,50;21.030,50;9.706,84;3.118,38;18.625,83;10.277,35;31.449.311,50;5.507,20;78,24;213,95;0,89;2,92;5,98;9,79;62,13;0,00;0,00;28,56;7.392,38;3.398,14;;34.908,80;78,20;;153.168,00;72,06;;116.120,00;55.861,00;78%;11,97;17%;2.774.174,00;4.905,00;6.636.882,00;985,00;4.771.771,00;0,00;5.562.454,00;2.087,00;0,00;0,00;0,00;0,00;340.359,00;0,00;17.470,00;2,00;0,00;0,00;0,00;0,00;0,00;417.021,63;97.969.617,00;38.063,00;48.937,70;;4.280,00;12.560,00;40.360,00;49.566,00;72.489,60;254.101,59;0,00;0,00;0,00;254.101,59;326.591,19;1.561.748,96;3.825.824,61;;;;;;;;;;;;;;;;;;;;;;;;;;;;;;;;;;;;
03/10/2025;6.695,77;1.502,39;6.693,95;1.502,80;1.363,89;802,23;9.545,45;13.018.943,80;668,18;17.082,52;3.949,44;9.545,45;163.060.330,99;21.649,08;34.442.729,90;13.500.298,75;1,00;34.442.729,90;136.145,93;135.477,75;157.126,83;145.361,00;11.765,83;28.555.548,00;7.260,00;110.809,00;69,00;460.044,00;204,00;14.262.501,00;6.649,00;39.573.824,00;21.348,00;27.872.176,00;13.656,00;246.865,00;127,00;886.999,00;613,00;6.720.684,00;4.161,00;3.940.250,00;20.478,00;1.889.837,00;8.186,00;934.954,00;8.283,00;5.888.981,00;16.333,00;4.664.999,00;15.234,00;8.017.515,00;31.767,00;41.351,00;237,00;342.380,00;1.373,00;26.535.128,00;12.636,00;4.307.842,00;3.210,00;91.972,00;40,00;4.268.492,00;2.323,00;611.104,00;551,00;191.007,00;201,00;254.383,08;1.019,89;11.953.268,00;3.760,00;326.534,00;668,00;3.092,00;11.591.202,00;4.166,00;5.803.627,00;2.792,00;4.566.699,00;3.303,00;5.705.745,00;3.687,00;3.903.274,00;927,00;365.766,00;0,00;1.011.922,00;0,00;33.426,00;929,00;458.073,00;520,00;4.727.672,00;974,00;475.658,00;1.426,00;5.610.734,00;1.299,00;873.860,00;329,00;445.421,00;245,00;179.621,00;347,00;0,00;0,00;83.274,00;250,00;4.074.970,00;1.879,00;1.684.117,00;1.280,00;177.670,00;713,00;21.393,00;79.803,00;-6.982,70;2.033,00;3.210,00;79.063,53;4.003,50;75.060,03;77.400,57;19.497,07;12.100,35;2.393,51;27.349,56;8.723,73;31.454.388,00;5.076,50;70,83;195,67;0,68;2,48;5,55;8,71;61,74;0,00;0,00;25,71;6.366,05;2.650,97;;34.979,70;70,90;;217.920,00;64,75;;174.652,00;58.532,00;90%;7,52;12%;2.778.919,00;4.745,00;6.637.133,00;251,00;4.772.447,00;676,00;5.564.346,00;1.892,00;0,00;0,00;0,00;0,00;340.359,00;0,00;17.473,00;3,00;0,00;0,00;0,00;0,00;0,00;417.021,63;98.008.149,00;38.532,00;48.981,60;;4.280,00;12.621,00;40.366,00;49.566,00;77.014,80;270.216,10;0,00;0,00;0,00;270.216,10;347.230,90;1.528.789,72;5.354.614,33;;;;;;;;;;;;;;;;;;;;;;;;;;;;;;;;;;;;
04/10/2025;6.698,26;1.502,39;6.696,43;1.502,81;1.363,91;802,61;9.545,45;13.019.134,71;190,91;17.084,99;3.949,44;9.545,45;163.083.917,80;23.586,81;34.575.936,80;13.548.339,29;1,00;34.575.936,80;133.206,90;133.015,99;156.602,80;150.564,00;6.038,80;28.565.252,00;9.704,00;110.876,00;67,00;460.229,00;185,00;14.270.309,00;7.808,00;39.597.724,00;23.900,00;27.883.280,00;11.104,00;246.992,00;127,00;887.618,00;619,00;6.721.584,00;900,00;3.961.197,00;20.947,00;1.898.060,00;8.223,00;943.879,00;8.925,00;5.898.514,00;9.533,00;4.685.763,00;20.764,00;8.050.349,00;32.834,00;41.597,00;246,00;344.176,00;1.796,00;26.549.098,00;13.970,00;4.312.268,00;4.426,00;92.007,00;35,00;4.270.307,00;1.815,00;611.528,00;424,00;191.033,00;26,00;255.321,57;938,49;11.957.888,00;4.620,00;326.731,00;197,00;4.423,00;11.595.721,00;4.519,00;5.806.125,00;2.498,00;4.569.828,00;3.129,00;5.706.522,00;777,00;3.904.152,00;878,00;365.766,00;0,00;1.011.922,00;0,00;34.666,00;1.240,00;458.640,00;567,00;4.729.006,00;1.334,00;477.417,00;1.759,00;5.612.209,00;1.475,00;874.172,00;312,00;445.454,00;33,00;180.222,00;601,00;0,00;0,00;83.513,00;239,00;4.076.744,00;1.774,00;1.685.316,00;1.199,00;178.292,00;622,00;27.158,00;80.279,00;-3.321,20;1.266,00;4.426,00;73.953,00;3.542,50;70.410,50;106.840,83;29.440,26;16.224,00;4.123,65;27.803,00;453,44;31.461.616,50;7.228,50;104,71;46,57;1,17;0,13;8,37;9,68;48,78;0,00;0,00;25,61;7.583,44;3.981,38;;35.029,20;49,50;;254.304,00;36,38;;224.240,00;49.588,00;136%;9,79;27%;2.784.397,00;5.478,00;6.637.402,00;269,00;4.773.317,00;870,00;5.567.202,00;2.856,00;0,00;0,00;0,00;0,00;340.359,00;0,00;17.474,00;1,00;0,00;0,00;0,00;0,00;0,00;417.021,63;98.047.809,00;39.660,00;49.026,10;;4.280,00;12.699,00;40.380,00;49.566,00;97.768,80;253.477,79;0,00;0,00;0,00;253.477,79;351.246,59;2.096.393,84;7.451.008,17;;;;;;;;;;;;;;;;;;;;;;;;;;;;;;;;;;;;
05/10/2025;6.699,08;1.502,39;6.697,26;1.502,81;1.364,35;802,93;9.545,45;13.023.334,71;4.200,00;17.085,80;3.949,44;9.545,45;163.091.601,88;7.684,09;34.707.556,41;13.587.584,16;1,00;34.707.556,41;131.619,61;127.419,61;135.103,70;127.471,00;7.632,70;28.570.880,00;5.628,00;110.879,00;3,00;460.431,00;202,00;14.276.634,00;6.325,00;39.621.484,00;23.760,00;27.890.312,00;7.032,00;247.127,00;135,00;888.220,00;602,00;6.721.807,00;223,00;3.981.346,00;20.149,00;1.906.216,00;8.156,00;952.671,00;8.792,00;5.908.987,00;10.473,00;4.697.540,00;11.777,00;8.082.210,00;31.861,00;41.850,00;253,00;345.288,00;1.112,00;26.559.564,00;10.466,00;4.316.845,00;4.577,00;92.047,00;40,00;4.271.787,00;1.480,00;611.630,00;102,00;191.047,00;14,00;256.231,39;909,82;11.959.766,00;1.878,00;326.777,00;46,00;1.832,00;11.599.980,00;4.259,00;5.807.647,00;1.522,00;4.570.621,00;793,00;5.706.662,00;140,00;3.905.058,00;906,00;365.766,00;0,00;1.011.922,00;0,00;35.524,00;858,00;459.051,00;411,00;4.730.032,00;1.026,00;479.029,00;1.612,00;5.613.409,00;1.200,00;874.467,00;295,00;445.464,00;10,00;180.390,00;168,00;0,00;0,00;83.748,00;235,00;4.078.660,00;1.916,00;1.686.695,00;1.379,00;178.775,00;483,00;15.074,00;71.059,00;-4.982,90;764,00;4.577,00;63.686,60;3.374,00;60.312,60;120.179,20;13.338,37;19.302,86;3.078,86;27.803,08;0,08;31.465.163,40;3.546,90;84,38;0,81;0,88;0,00;3,79;4,67;66,08;0,00;0,00;26,32;6.382,36;2.542,13;;35.067,90;38,70;;281.536,00;27,23;;271.228,00;46.988,00;173%;13,23;49%;2.787.895,00;3.498,00;6.637.892,00;490,00;4.773.589,00;272,00;5.568.429,00;1.227,00;0,00;0,00;0,00;0,00;340.359,00;0,00;17.474,00;0,00;0,00;0,00;0,00;0,00;0,00;417.021,63;98.086.129,00;38.320,00;49.070,30;;4.280,00;12.745,00;40.392,41;49.566,00;54.266,40;217.125,36;0,00;0,00;0,00;217.125,36;271.391,76;843.568,13;8.294.576,30;;;;;;;;;;;;;;;;;;;;;;;;;;;;;;;;;;;;
06/10/2025;6.704,06;1.502,40;6.702,24;1.502,81;1.364,35;803,20;9.545,45;13.023.334,71;0,00;17.090,78;3.949,44;9.545,45;163.139.147,77;47.545,89;34.844.198,04;13.647.214,77;1,00;34.844.198,04;136.641,63;136.641,63;184.187,52;173.891,00;10.296,52;28.581.950,00;11.070,00;111.056,00;177,00;460.650,00;219,00;14.285.258,00;8.624,00;39.645.424,00;23.940,00;27.904.616,00;14.304,00;247.255,00;128,00;888.836,00;616,00;6.723.899,00;2.092,00;4.002.608,00;21.262,00;1.914.392,00;8.176,00;962.256,00;9.585,00;5.929.802,00;20.815,00;4.719.479,00;21.939,00;8.119.157,00;36.947,00;42.104,00;254,00;347.083,00;1.795,00;26.574.554,00;14.990,00;4.321.441,00;4.596,00;92.084,00;37,00;4.274.030,00;2.243,00;612.313,00;683,00;191.179,00;132,00;257.252,80;1.021,41;11.964.814,00;5.048,00;327.092,00;315,00;4.733,00;11.604.409,00;4.429,00;5.810.568,00;2.921,00;4.574.095,00;3.474,00;5.708.272,00;1.610,00;3.906.083,00;1.025,00;365.766,00;0,00;1.011.922,00;0,00;37.210,00;1.686,00;459.713,00;662,00;4.731.708,00;1.676,00;480.790,00;1.761,00;5.615.156,00;1.747,00;874.824,00;357,00;445.731,00;267,00;180.914,00;524,00;0,00;0,00;84.003,00;255,00;4.080.521,00;1.861,00;1.687.965,00;1.270,00;179.565,00;790,00;29.760,00;97.462,00;-2.579,10;1.746,00;4.596,00;82.962,62;4.027,50;78.935,12;153.891,27;33.712,07;25.864,78;6.561,92;36.078,41;8.275,33;31.473.631,90;8.468,50;166,81;255,13;1,87;2,35;9,59;13,81;52,34;0,00;0,00;26,05;8.348,16;4.154,94;;35.143,10;75,20;;349.840,00;68,30;;326.532,00;55.304,00;81%;15,34;22%;2.793.549,00;5.654,00;6.638.246,00;354,00;4.773.731,00;142,00;5.569.857,00;1.428,00;0,00;0,00;0,00;0,00;340.359,00;0,00;17.475,00;1,00;0,00;0,00;0,00;0,00;0,00;417.021,63;98.125.619,00;39.490,00;49.114,50;;4.280,00;12.814,00;40.405,00;49.566,00;107.136,00;284.166,42;0,00;0,00;0,00;284.166,42;391.302,42;2.563.479,30;10.858.055,60;;;;;;;;;;;;;;;;;;;;;;;;;;;;;;;;;;;;
07/10/2025;6.708,62;1.502,40;6.706,79;1.502,81;1.364,35;803,51;9.545,45;13.023.334,71;0,00;17.095,33;3.949,44;9.545,45;163.182.570,02;43.422,25;34.981.192,38;13.704.690,52;1,00;34.981.192,38;136.994,34;136.994,34;180.416,59;170.333,00;10.083,59;28.593.278,00;11.328,00;111.146,00;90,00;460.868,00;218,00;14.293.245,00;7.987,00;39.669.404,00;23.980,00;27.919.278,00;14.662,00;247.385,00;130,00;889.445,00;609,00;6.727.411,00;3.512,00;4.023.790,00;21.182,00;1.922.566,00;8.174,00;971.786,00;9.530,00;5.950.677,00;20.875,00;4.738.065,00;18.586,00;8.156.176,00;37.019,00;42.342,00;238,00;348.904,00;1.821,00;26.589.268,00;14.714,00;4.326.289,00;4.848,00;92.120,00;36,00;4.276.250,00;2.220,00;612.961,00;648,00;191.270,00;91,00;258.277,61;1.024,81;11.968.806,00;3.992,00;327.294,00;202,00;3.790,00;11.608.727,00;4.318,00;5.813.869,00;3.301,00;4.577.921,00;3.826,00;5.711.218,00;2.946,00;3.906.998,00;915,00;366.135,00;369,00;1.014.374,00;2.452,00;38.230,00;1.020,00;460.444,00;731,00;4.733.091,00;1.383,00;482.630,00;1.840,00;5.616.724,00;1.568,00;875.130,00;306,00;446.042,00;311,00;181.513,00;599,00;0,00;0,00;84.258,00;255,00;4.082.457,00;1.936,00;1.689.304,00;1.339,00;180.357,00;792,00;27.880,00;94.184,00;-3.256,60;1.550,00;4.848,00;83.091,19;4.093,00;78.998,19;188.263,77;34.372,50;33.089,37;7.224,59;42.850,55;6.772,14;31.482.293,90;8.662,00;174,44;177,42;2,05;1,93;9,78;13,76;68,13;0,00;0,00;27,25;7.697,79;3.078,89;;35.223,60;80,50;;423.760,00;73,92;;376.868,00;50.336,00;68%;2,81;4%;2.798.872,00;5.323,00;6.638.484,00;238,00;4.773.731,00;0,00;5.573.434,00;3.577,00;0,00;0,00;0,00;0,00;340.359,00;0,00;17.476,00;1,00;0,00;0,00;0,00;0,00;0,00;417.021,63;98.165.055,00;39.436,00;49.158,50;;4.280,00;12.832,00;40.420,00;49.566,00;100.368,00;284.393,49;0,00;0,00;0,00;284.393,49;384.761,49;2.150.970,74;13.009.026,34;;;;;;;;;;;;;;;;;;;;;;;;;;;;;;;;;;;;
08/10/2025;6.712,00;1.502,43;6.710,17;1.502,84;1.364,38;803,80;9.545,45;13.023.621,07;286,36;17.098,70;3.949,47;9.545,45;163.214.766,82;32.196,80;35.105.781,00;13.752.680,96;1,00;35.105.781,00;124.588,62;124.302,26;156.499,06;146.603,00;9.896,06;28.603.914,00;10.636,00;111.243,00;97,00;461.087,00;219,00;14.301.029,00;7.784,00;39.689.816,00;20.412,00;27.933.442,00;14.164,00;247.512,00;127,00;890.045,00;600,00;6.731.269,00;3.858,00;4.041.086,00;17.296,00;1.928.883,00;6.317,00;978.642,00;6.856,00;5.967.227,00;16.550,00;4.756.348,00;18.283,00;8.184.924,00;28.748,00;42.570,00;228,00;350.430,00;1.526,00;26.601.998,00;12.730,00;4.329.050,00;2.761,00;92.155,00;35,00;4.278.474,00;2.224,00;613.656,00;695,00;191.389,00;119,00;259.262,05;984,44;11.972.718,00;3.912,00;327.303,00;9,00;3.903,00;11.613.193,00;4.466,00;5.816.699,00;2.830,00;4.581.405,00;3.484,00;5.714.539,00;3.321,00;3.907.873,00;875,00;366.161,00;26,00;1.014.467,00;93,00;39.286,00;1.056,00;461.089,00;645,00;4.734.294,00;1.203,00;484.555,00;1.925,00;5.618.276,00;1.552,00;875.441,00;311,00;446.329,00;287,00;181.935,00;422,00;0,00;0,00;84.516,00;258,00;4.084.524,00;2.067,00;1.690.777,00;1.473,00;181.056,00;699,00;25.609,00;76.754,00;-7.114,80;1.423,00;2.761,00;82.675,86;4.136,00;78.539,86;219.691,40;31.427,63;38.783,95;5.694,58;48.749,01;5.898,46;31.490.246,60;7.952,70;128,18;188,38;1,62;1,68;8,94;12,24;65,13;0,00;0,00;27,19;7.567,22;3.159,11;;35.310,80;87,20;;505.856,00;82,10;;428.008,00;51.140,00;62%;23,71;29%;2.804.212,00;5.340,00;6.639.768,00;1.284,00;4.775.405,00;1.674,00;5.574.817,00;1.383,00;0,00;0,00;0,00;0,00;340.359,00;0,00;17.484,00;8,00;0,00;0,00;0,00;0,00;0,00;417.021,63;98.203.556,00;38.501,00;49.202,80;;4.280,00;12.899,00;40.429,68;49.566,00;92.192,40;282.743,49;0,00;0,00;0,00;282.743,49;374.935,89;2.177.024,90;15.186.051,24;;;;;;;;;;;;;;;;;;;;;;;;;;;;;;;;;;;;
09/10/2025;6.716,56;1.502,43;6.714,73;1.502,84;1.364,38;804,02;9.545,45;13.023.621,07;0,00;17.103,25;3.949,47;9.545,45;163.258.217,71;43.450,89;35.241.003,96;13.809.468,93;1,00;35.241.003,96;135.222,96;135.222,96;178.673,85;170.353,00;8.320,85;28.613.818,00;9.904,00;111.321,00;78,00;461.303,00;216,00;14.309.351,00;8.322,00;39.713.724,00;23.908,00;27.949.070,00;15.628,00;247.643,00;131,00;890.656,00;611,00;6.736.191,00;4.922,00;4.062.383,00;21.297,00;1.937.010,00;8.127,00;987.564,00;8.922,00;5.988.824,00;21.597,00;4.774.897,00;18.549,00;8.221.586,00;36.662,00;42.775,00;205,00;352.425,00;1.995,00;26.616.484,00;14.486,00;4.333.376,00;4.326,00;92.191,00;36,00;4.280.743,00;2.269,00;614.308,00;652,00;191.523,00;134,00;260.180,44;918,39;11.977.112,00;4.394,00;327.519,00;216,00;4.178,00;11.617.511,00;4.318,00;5.819.728,00;3.029,00;4.584.795,00;3.390,00;5.718.861,00;4.322,00;3.908.788,00;915,00;366.191,00;30,00;1.014.582,00;115,00;40.453,00;1.167,00;461.763,00;674,00;4.735.633,00;1.339,00;486.506,00;1.951,00;5.619.973,00;1.697,00;875.790,00;349,00;446.646,00;317,00;182.543,00;608,00;0,00;0,00;84.764,00;248,00;4.086.367,00;1.843,00;1.692.050,00;1.273,00;181.792,00;736,00;25.611,00;93.857,00;-3.165,60;1.613,00;4.326,00;82.043,45;3.961,50;78.081,95;247.155,05;27.463,65;44.096,70;5.312,75;58.305,70;9.556,69;31.497.458,90;7.212,30;131,25;260,13;1,51;2,72;7,81;12,04;61,98;0,00;0,00;25,64;8.096,39;3.349,33;;35.395,60;84,80;;585.776,00;79,92;;481.012,00;53.004,00;66%;9,68;12%;2.809.223,00;5.011,00;6.640.564,00;796,00;4.775.963,00;558,00;5.576.639,00;1.822,00;0,00;0,00;0,00;0,00;340.359,00;0,00;17.488,00;4,00;0,00;0,00;0,00;0,00;0,00;417.021,63;98.243.457,00;39.901,00;49.247,50;;4.280,00;12.960,00;40.443,00;49.566,00;92.199,60;281.095,01;0,00;0,00;0,00;281.095,01;373.294,61;2.364.046,36;17.550.097,60;;;;;;;;;;;;;;;;;;;;;;;;;;;;;;;;;;;;
10/10/2025;6.719,55;1.502,43;6.717,72;1.502,84;1.364,38;804,26;9.545,45;13.023.621,07;0,00;17.106,24;3.949,47;9.545,45;163.286.768,15;28.550,44;35.377.526,29;13.861.771,67;1,00;35.377.526,29;136.522,33;136.522,33;165.072,77;156.135,00;8.937,77;28.621.636,00;7.818,00;111.393,00;72,00;461.504,00;201,00;14.316.940,00;7.589,00;39.737.868,00;24.144,00;27.963.328,00;14.258,00;247.772,00;129,00;891.275,00;619,00;6.740.469,00;4.278,00;4.082.696,00;20.313,00;1.945.095,00;8.085,00;996.438,00;8.874,00;6.009.775,00;20.951,00;4.787.432,00;12.535,00;8.258.465,00;36.879,00;42.951,00;176,00;353.923,00;1.498,00;26.628.132,00;11.648,00;4.337.620,00;4.244,00;92.228,00;37,00;4.283.108,00;2.365,00;614.921,00;613,00;191.706,00;183,00;261.147,10;966,66;11.979.795,00;2.683,00;327.898,00;379,00;2.304,00;11.619.921,00;2.410,00;5.822.591,00;2.863,00;4.588.350,00;3.555,00;5.722.672,00;3.811,00;3.909.801,00;1.013,00;366.222,00;31,00;1.014.681,00;99,00;41.174,00;721,00;462.378,00;615,00;4.736.646,00;1.013,00;488.435,00;1.929,00;5.621.299,00;1.326,00;876.152,00;362,00;446.883,00;237,00;182.960,00;417,00;0,00;0,00;85.014,00;250,00;4.088.123,00;1.756,00;1.693.227,00;1.177,00;182.470,00;678,00;20.372,00;87.324,00;-3.730,20;1.794,00;4.244,00;75.440,97;3.866,50;71.574,47;267.058,63;19.903,58;46.728,83;2.632,13;65.956,23;7.650,53;31.502.607,90;5.149,00;68,38;216,89;0,75;2,18;5,66;8,59;62,08;0,00;0,00;27,28;7.351,64;3.230,55;;35.463,20;67,60;;646.032,00;60,26;;523.124,00;42.112,00;70%;9,70;16%;2.812.304,00;3.081,00;6.641.460,00;896,00;4.776.059,00;96,00;5.578.235,00;1.596,00;0,00;0,00;0,00;0,00;340.359,00;0,00;17.489,00;1,00;0,00;0,00;0,00;0,00;0,00;417.021,63;98.283.341,00;39.884,00;49.292,10;;4.280,00;13.050,00;40.455,00;49.566,00;73.339,20;257.668,10;0,00;0,00;0,00;257.668,10;331.007,30;1.176.575,60;18.726.673,20;;;;;;;;;;;;;;;;;;;;;;;;;;;;;;;;;;;;
11/10/2025;6.722,42;1.502,43;6.720,59;1.502,84;1.364,38;804,56;9.545,45;13.023.621,07;0,00;17.109,12;3.949,47;9.545,45;163.314.220,87;27.452,71;35.511.907,04;13.912.292,82;1,00;35.511.907,04;134.380,75;134.380,75;161.833,46;154.238,00;7.595,46;28.632.302,00;10.666,00;111.459,00;66,00;461.678,00;174,00;14.325.561,00;8.621,00;39.762.048,00;24.180,00;27.976.932,00;13.604,00;247.900,00;128,00;891.906,00;631,00;6.742.449,00;1.980,00;4.097.210,00;14.514,00;1.946.247,00;1.152,00;1.005.346,00;8.908,00;6.029.681,00;19.906,00;4.808.274,00;20.842,00;8.285.308,00;26.843,00;43.120,00;169,00;355.837,00;1.914,00;26.643.194,00;15.062,00;4.342.065,00;4.445,00;92.264,00;36,00;4.285.277,00;2.169,00;615.318,00;397,00;191.881,00;175,00;262.057,88;910,78;11.984.833,00;5.038,00;328.593,00;695,00;4.343,00;11.624.604,00;4.683,00;5.825.529,00;2.938,00;4.591.739,00;3.389,00;5.724.474,00;1.802,00;3.910.855,00;1.054,00;366.232,00;10,00;1.014.800,00;119,00;42.605,00;1.431,00;463.113,00;735,00;4.737.850,00;1.204,00;490.328,00;1.893,00;5.622.966,00;1.667,00;876.565,00;413,00;446.948,00;65,00;183.545,00;585,00;0,00;0,00;85.253,00;239,00;4.089.871,00;1.748,00;1.694.439,00;1.212,00;183.211,00;741,00;28.373,00;77.651,00;-2.715,90;1.898,00;4.445,00;80.555,36;3.812,50;76.742,86;298.276,63;31.218,00;50.846,02;4.117,19;69.778,34;3.822,11;31.510.763,40;8.155,50;112,90;240,69;1,17;1,09;8,88;11,14;59,69;0,00;0,00;28,33;8.483,83;4.026,59;;35.516,90;53,70;;685.444,00;39,41;;580.436,00;57.312,00;145%;13,92;35%;2.817.693,00;5.389,00;6.641.641,00;181,00;4.776.327,00;268,00;5.579.356,00;1.121,00;0,00;0,00;0,00;0,00;340.359,00;0,00;17.491,00;2,00;0,00;0,00;0,00;0,00;0,00;417.021,63;98.322.951,00;39.610,00;49.337,00;;4.280,00;13.095,00;40.470,00;49.566,00;102.142,80;276.274,31;0,00;0,00;0,00;276.274,31;378.417,11;2.165.634,90;20.892.308,10;;;;;;;;;;;;;;;;;;;;;;;;;;;;;;;;;;;;
12/10/2025;6.723,42;1.502,43;6.721,59;1.502,84;1.364,41;804,93;9.545,45;13.023.907,43;286,36;17.110,08;3.949,47;9.545,45;163.323.432,23;9.211,36;35.648.088,46;13.955.719,34;1,00;35.648.088,46;136.181,42;135.895,06;145.106,42;136.099,00;9.007,42;28.639.282,00;6.980,00;111.527,00;68,00;461.817,00;139,00;14.333.037,00;7.476,00;39.786.172,00;24.124,00;27.987.918,00;10.986,00;248.027,00;127,00;892.531,00;625,00;6.742.696,00;247,00;4.110.123,00;12.913,00;1.946.337,00;90,00;1.014.360,00;9.014,00;6.049.101,00;19.420,00;4.824.368,00;16.094,00;8.310.956,00;25.648,00;43.278,00;158,00;357.566,00;1.729,00;26.655.652,00;12.458,00;4.346.189,00;4.124,00;92.299,00;35,00;4.286.681,00;1.404,00;615.327,00;9,00;191.893,00;12,00;262.959,77;901,89;11.987.533,00;2.700,00;329.288,00;695,00;2.005,00;11.628.806,00;4.202,00;5.828.592,00;3.063,00;4.595.419,00;3.680,00;5.724.637,00;163,00;3.911.776,00;921,00;366.240,00;8,00;1.014.800,00;0,00;43.312,00;707,00;463.863,00;750,00;4.739.298,00;1.448,00;492.151,00;1.823,00;5.624.252,00;1.286,00;876.907,00;342,00;446.960,00;12,00;184.044,00;499,00;0,00;0,00;85.493,00;240,00;4.091.533,00;1.662,00;1.695.576,00;1.137,00;183.878,00;667,00;22.530,00;70.266,00;-3.954,90;1.341,00;4.124,00;73.330,32;3.271,00;70.059,32;315.962,50;17.685,87;55.471,56;4.625,54;69.795,89;17,55;31.515.253,10;4.489,70;130,90;2,15;1,32;0,00;5,03;6,35;69,18;0,00;0,00;24,94;7.157,76;2.580,44;;35.554,90;38,00;;713.552,00;28,11;;581.956,00;1.520,00;5%;7,93;28%;2.823.168,00;5.475,00;6.641.747,00;106,00;4.776.327,00;0,00;5.581.524,00;2.168,00;0,00;0,00;0,00;0,00;340.359,00;0,00;17.491,00;0,00;0,00;0,00;0,00;0,00;0,00;417.021,63;98.360.788,00;37.837,00;49.379,40;;4.280,00;13.132,00;40.484,00;49.566,00;81.108,00;252.213,54;0,00;0,00;0,00;252.213,54;333.321,54;1.645.619,84;22.537.927,94;;;;;;;;;;;;;;;;;;;;;;;;;;;;;;;;;;;;
13/10/2025;6.724,96;1.502,43;6.723,13;1.502,84;1.364,42;805,31;9.545,45;13.024.002,89;95,45;17.111,61;3.949,47;9.545,45;163.338.008,13;14.575,90;35.784.725,85;14.002.013,83;1,00;35.784.725,85;136.637,39;136.541,94;151.117,84;141.607,00;9.510,84;28.648.888,00;9.606,00;111.601,00;74,00;461.963,00;146,00;14.340.805,00;7.768,00;39.810.184,00;24.012,00;27.999.232,00;11.314,00;248.154,00;127,00;893.047,00;516,00;6.742.940,00;244,00;4.123.025,00;12.902,00;1.946.542,00;205,00;1.023.213,00;8.853,00;6.068.868,00;19.767,00;4.842.093,00;17.725,00;8.336.425,00;25.469,00;43.424,00;146,00;358.838,00;1.272,00;26.668.696,00;13.044,00;4.350.201,00;4.012,00;92.334,00;35,00;4.288.136,00;1.455,00;615.339,00;12,00;191.907,00;14,00;263.862,96;903,19;11.991.535,00;4.002,00;329.974,00;686,00;3.316,00;11.633.126,00;4.320,00;5.831.819,00;3.227,00;4.599.285,00;3.866,00;5.724.799,00;162,00;3.912.731,00;955,00;366.240,00;0,00;1.014.800,00;0,00;44.368,00;1.056,00;464.650,00;787,00;4.740.744,00;1.446,00;493.846,00;1.695,00;5.625.654,00;1.402,00;877.223,00;316,00;446.971,00;11,00;184.428,00;384,00;0,00;0,00;85.730,00;237,00;4.093.421,00;1.888,00;1.696.919,00;1.343,00;184.479,00;601,00;26.325,00;72.019,00;-3.818,50;1.228,00;4.012,00;77.677,34;3.453,50;74.223,84;345.247,22;29.284,72;59.969,19;4.497,63;69.807,87;11,98;31.522.521,20;7.268,10;145,60;2,20;1,28;0,00;8,33;9,61;61,88;0,00;0,00;29,38;7.531,18;3.575,73;;35.598,50;43,60;;746.320,00;32,77;;642.924,00;60.968,00;186%;11,65;36%;2.828.090,00;4.922,00;6.642.132,00;385,00;4.777.196,00;869,00;5.584.656,00;3.132,00;0,00;0,00;0,00;0,00;340.359,00;0,00;17.491,00;0,00;0,00;0,00;0,00;0,00;0,00;417.021,63;98.399.853,00;39.065,00;49.423,40;;4.280,00;13.199,00;40.494,95;49.566,00;94.770,00;267.205,82;0,00;0,00;0,00;267.205,82;361.975,82;1.991.931,23;24.529.859,17;;;;;;;;;;;;;;;;;;;;;;;;;;;;;;;;;;;;
14/10/2025;6.727,39;1.502,43;6.725,56;1.502,84;1.364,43;805,75;9.545,45;13.024.098,34;95,45;17.114,04;3.949,47;9.545,45;163.361.174,94;23.166,81;35.922.532,77;14.052.985,00;1,00;35.922.532,77;137.806,92;137.711,47;160.878,27;151.746,00;9.132,27;28.659.880,00;10.992,00;111.690,00;89,00;462.134,00;171,00;14.349.070,00;8.265,00;39.834.420,00;24.236,00;28.011.600,00;12.368,00;248.289,00;135,00;893.536,00;489,00;6.743.296,00;356,00;4.141.103,00;18.078,00;1.951.688,00;5.146,00;1.032.130,00;8.917,00;6.088.547,00;19.679,00;4.861.741,00;19.648,00;8.361.053,00;24.628,00;43.577,00;153,00;360.453,00;1.615,00;26.682.548,00;13.852,00;4.353.708,00;3.507,00;92.369,00;35,00;4.290.107,00;1.971,00;615.773,00;434,00;191.944,00;37,00;264.807,18;944,22;11.996.230,00;4.695,00;330.374,00;400,00;4.295,00;11.637.847,00;4.721,00;5.834.372,00;2.553,00;4.602.613,00;3.328,00;5.724.999,00;200,00;3.913.843,00;1.112,00;366.240,00;0,00;1.014.800,00;0,00;45.884,00;1.516,00;465.317,00;667,00;4.742.393,00;1.649,00;495.504,00;1.658,00;5.627.111,00;1.457,00;877.642,00;419,00;447.031,00;60,00;184.988,00;560,00;0,00;0,00;85.980,00;250,00;4.095.532,00;2.111,00;1.698.427,00;1.508,00;185.273,00;794,00;26.772,00;78.018,00;-3.150,60;1.360,00;3.507,00;81.143,87;4.140,50;77.003,37;380.064,00;34.816,78;66.244,32;6.275,13;72.907,47;3.099,60;31.531.276,90;8.755,70;162,89;192,69;1,78;0,88;9,90;12,57;60,93;0,00;0,00;27,27;8.267,78;3.700,35;;35.651,60;53,10;;788.320,00;42,00;;696.236,00;53.312,00;127%;19,09;45%;2.833.224,00;5.134,00;6.642.388,00;256,00;4.778.254,00;1.058,00;5.587.527,00;2.871,00;0,00;0,00;0,00;0,00;340.359,00;0,00;17.492,00;1,00;0,00;0,00;0,00;0,00;0,00;417.021,63;98.439.735,00;39.882,00;49.467,50;;4.280,00;13.275,00;40.510,00;49.566,00;96.379,20;277.212,14;0,00;0,00;0,00;277.212,14;373.591,34;2.177.354,72;26.707.213,89;;;;;;;;;;;;;;;;;;;;;;;;;;;;;;;;;;;;
15/10/2025;6.729,41;1.502,43;6.727,58;1.502,84;1.364,44;806,23;9.545,45;13.024.193,80;95,45;17.116,05;3.949,47;9.545,45;163.380.437,65;19.262,72;36.059.688,04;14.101.509,05;1,00;36.059.688,04;137.155,27;137.059,82;156.322,53;146.416,00;9.906,53;28.669.410,00;9.530,00;111.774,00;84,00;462.327,00;193,00;14.357.487,00;8.417,00;39.858.640,00;24.220,00;28.025.774,00;14.174,00;248.419,00;130,00;894.043,00;507,00;6.745.531,00;2.235,00;4.155.011,00;13.908,00;1.959.909,00;8.221,00;1.033.700,00;1.570,00;6.107.430,00;18.883,00;4.881.178,00;19.437,00;8.385.072,00;24.019,00;43.750,00;173,00;361.998,00;1.545,00;26.696.376,00;13.828,00;4.357.225,00;3.517,00;92.404,00;35,00;4.292.081,00;1.974,00;616.138,00;365,00;192.067,00;123,00;265.826,09;1.018,91;12.001.293,00;5.063,00;331.002,00;628,00;4.435,00;11.641.856,00;4.009,00;5.837.441,00;3.069,00;4.606.135,00;3.522,00;5.726.917,00;1.918,00;3.914.993,00;1.150,00;366.240,00;0,00;1.014.800,00;0,00;47.266,00;1.382,00;465.977,00;660,00;4.743.934,00;1.541,00;497.239,00;1.735,00;5.628.602,00;1.491,00;878.059,00;417,00;447.187,00;156,00;185.461,00;473,00;0,00;0,00;86.237,00;257,00;4.097.499,00;1.967,00;1.699.797,00;1.370,00;186.028,00;755,00;27.115,00;72.130,00;-3.082,60;1.623,00;3.517,00;82.135,13;3.966,00;78.169,13;407.643,66;27.579,66;70.236,48;3.992,16;78.797,85;5.890,38;31.538.372,20;7.095,30;154,66;193,01;1,14;1,68;7,84;10,65;67,18;0,00;0,00;29,31;8.148,23;3.555,00;;35.719,60;68,00;;846.544,00;58,22;;754.353,00;58.117,00;100%;28,21;48%;2.837.056,00;3.832,00;6.642.578,00;190,00;4.778.639,00;385,00;5.589.326,00;1.799,00;0,00;0,00;0,00;0,00;340.359,00;0,00;17.492,00;0,00;0,00;0,00;0,00;0,00;0,00;417.021,63;98.479.716,00;39.981,00;49.512,10;;4.280,00;13.358,00;40.525,00;49.566,00;97.614,00;281.408,88;0,00;0,00;0,00;281.408,88;379.022,88;2.056.433,85;28.763.647,74;;;;;;;;;;;;;;;;;;;;;;;;;;;;;;;;;;;;
16/10/2025;6.731,16;1.502,43;6.729,32;1.502,84;1.364,48;806,67;9.545,45;13.024.575,62;381,82;17.117,78;3.949,47;9.545,45;163.396.865,37;16.427,72;36.192.739,97;14.152.700,81;1,00;36.192.739,97;133.051,93;132.670,11;149.097,83;142.502,00;6.595,83;28.679.510,00;10.100,00;111.855,00;81,00;462.524,00;197,00;14.365.425,00;7.938,00;39.882.728,00;24.088,00;28.038.256,00;12.482,00;248.553,00;134,00;894.561,00;518,00;6.747.108,00;1.577,00;4.168.835,00;13.824,00;1.968.115,00;8.206,00;1.035.363,00;1.663,00;6.127.004,00;19.574,00;4.899.612,00;18.434,00;8.408.784,00;23.712,00;43.917,00;167,00;363.545,00;1.547,00;26.708.726,00;12.350,00;4.359.268,00;2.043,00;92.440,00;36,00;4.294.077,00;1.996,00;616.577,00;439,00;192.233,00;166,00;266.841,36;1.015,27;12.005.752,00;4.459,00;331.423,00;421,00;4.038,00;11.645.616,00;3.760,00;5.840.583,00;3.142,00;4.609.542,00;3.407,00;5.728.113,00;1.196,00;3.916.031,00;1.038,00;366.240,00;0,00;1.014.800,00;0,00;48.377,00;1.111,00;466.600,00;623,00;4.745.337,00;1.403,00;498.973,00;1.734,00;5.630.187,00;1.585,00;878.478,00;419,00;447.393,00;206,00;185.914,00;453,00;0,00;0,00;86.491,00;254,00;4.099.212,00;1.713,00;1.700.911,00;1.114,00;186.802,00;774,00;27.835,00;71.589,00;-3.752,80;1.544,00;2.043,00;77.674,63;3.739,00;73.935,63;437.459,25;29.815,59;77.400,93;7.164,45;91.698,00;12.900,15;31.545.862,20;7.490,00;154,92;103,85;2,04;3,67;8,48;14,19;67,18;0,00;0,00;31,46;7.549,59;3.535,43;;35.778,80;59,20;;898.688,00;52,14;;810.281,00;55.928,00;107%;47,66;91%;2.842.401,00;5.345,00;6.643.161,00;583,00;4.778.641,00;2,00;5.592.047,00;2.721,00;0,00;0,00;0,00;0,00;340.359,00;0,00;17.492,00;0,00;0,00;0,00;0,00;0,00;0,00;417.021,63;98.510.261,00;30.545,00;49.555,90;;4.280,00;13.422,00;40.537,00;49.566,00;100.206,00;266.168,27;0,00;0,00;0,00;266.168,27;366.374,27;1.959.874,21;30.723.521,95;;;;;;;;;;;;;;;;;;;;;;;;;;;;;;;;;;;;
17/10/2025;6.734,50;1.502,43;6.732,66;1.502,84;1.364,48;807,07;9.545,45;13.024.575,62;0,00;17.121,12;3.949,47;9.545,45;163.428.785,36;31.919,98;36.330.067,82;14.207.588,88;1,00;36.330.067,82;137.327,85;137.327,85;169.247,83;158.946,00;10.301,83;28.690.294,00;10.784,00;111.938,00;83,00;462.710,00;186,00;14.373.893,00;8.468,00;39.907.128,00;24.400,00;28.053.506,00;15.250,00;248.681,00;128,00;895.066,00;505,00;6.751.975,00;4.867,00;4.189.732,00;20.897,00;1.976.335,00;8.220,00;1.044.289,00;8.926,00;6.146.636,00;19.632,00;4.920.747,00;21.135,00;8.434.110,00;25.326,00;44.081,00;164,00;365.188,00;1.643,00;26.721.780,00;13.054,00;4.361.411,00;2.143,00;92.475,00;35,00;4.296.324,00;2.247,00;617.189,00;612,00;192.327,00;94,00;267.807,81;966,45;12.010.461,00;4.709,00;331.730,00;307,00;4.402,00;11.650.083,00;4.467,00;5.843.784,00;3.201,00;4.612.843,00;3.301,00;5.732.377,00;4.264,00;3.917.057,00;1.026,00;366.240,00;0,00;1.014.854,00;54,00;49.627,00;1.250,00;467.171,00;571,00;4.746.391,00;1.054,00;500.749,00;1.776,00;5.631.786,00;1.599,00;878.869,00;391,00;447.715,00;322,00;186.391,00;477,00;0,00;0,00;86.747,00;256,00;4.101.049,00;1.837,00;1.702.176,00;1.265,00;187.460,00;658,00;29.387,00;83.239,00;-2.993,70;1.518,00;2.143,00;85.341,53;3.874,50;81.467,03;469.389,22;31.929,97;81.880,71;4.479,78;91.277,63;0,00;31.554.124,80;8.262,60;109,73;267,61;1,27;0,00;9,08;10,36;62,88;0,00;0,00;30,45;8.212,37;3.976,89;;35.861,70;82,90;;978.640,00;79,95;;879.836,00;69.555,00;87%;66,14;83%;2.847.824,00;5.423,00;6.643.700,00;539,00;4.778.729,00;88,00;5.593.672,00;1.625,00;0,00;0,00;0,00;0,00;340.359,00;0,00;17.493,00;1,00;0,00;0,00;0,00;0,00;0,00;417.021,63;98.540.881,00;30.620,00;49.600,00;;4.280,00;13.495,00;40.550,00;49.566,00;105.793,20;293.281,33;0,00;0,00;0,00;293.281,33;399.074,53;2.358.312,66;33.081.834,61;;;;;;;;;;;;;;;;;;;;;;;;;;;;;;;;;;;;
18/10/2025;6.737,27;1.502,43;6.735,43;1.502,84;1.364,48;807,43;9.545,45;13.024.575,62;0,00;17.123,88;3.949,47;9.545,45;163.455.178,53;26.393,17;36.466.035,81;14.257.253,15;1,00;36.466.035,81;135.967,99;135.967,99;162.361,16;154.869,00;7.492,16;28.700.396,00;10.102,00;112.005,00;67,00;462.868,00;158,00;14.381.939,00;8.046,00;39.931.520,00;24.392,00;28.067.796,00;14.290,00;248.811,00;130,00;895.572,00;506,00;6.756.645,00;4.670,00;4.211.023,00;21.291,00;1.984.607,00;8.272,00;1.053.181,00;8.892,00;6.156.983,00;10.347,00;4.940.388,00;19.641,00;8.467.054,00;32.944,00;44.237,00;156,00;367.109,00;1.921,00;26.735.596,00;13.816,00;4.365.648,00;4.237,00;92.510,00;35,00;4.298.257,00;1.933,00;617.587,00;398,00;192.409,00;82,00;268.743,94;936,13;12.015.537,00;5.076,00;332.099,00;369,00;4.707,00;11.654.274,00;4.191,00;5.845.792,00;2.008,00;4.615.156,00;2.313,00;5.736.524,00;4.147,00;3.918.038,00;981,00;366.240,00;0,00;1.014.900,00;46,00;50.891,00;1.264,00;467.719,00;548,00;4.747.772,00;1.381,00;502.481,00;1.732,00;5.633.397,00;1.611,00;879.280,00;411,00;447.987,00;272,00;186.987,00;596,00;0,00;0,00;86.994,00;247,00;4.103.012,00;1.963,00;1.703.607,00;1.431,00;188.210,00;750,00;26.602,00;80.096,00;-3.504,10;1.355,00;4.237,00;80.177,26;3.926,50;76.250,76;500.138,10;30.748,88;86.441,09;4.560,38;99.495,21;8.217,58;31.561.812,40;7.687,60;133,29;235,88;1,30;2,34;8,75;12,38;69,18;0,00;0,00;27,96;7.865,33;3.178,88;;35.942,10;80,40;;1.052.076,00;73,44;;940.404,00;60.568,00;82%;59,35;81%;2.852.812,00;4.988,00;6.645.454,00;1.754,00;4.780.523,00;1.794,00;5.595.698,00;2.026,00;0,00;0,00;0,00;0,00;340.359,00;0,00;17.493,00;0,00;0,00;0,00;0,00;0,00;0,00;417.021,63;98.598.937,00;58.056,00;49.645,90;;4.280,00;13.535,00;40.564,00;49.566,00;95.767,20;274.502,73;0,00;0,00;0,00;274.502,73;370.269,93;2.111.658,45;35.193.493,06;;;;;;;;;;;;;;;;;;;;;;;;;;;;;;;;;;;;
19/10/2025;6.740,04;1.502,43;6.738,20;1.502,84;1.364,49;807,80;9.545,45;13.024.671,07;95,45;17.126,66;3.949,47;9.545,45;163.481.628,97;26.450,44;36.604.904,31;14.308.955,39;1,00;36.604.904,31;138.868,50;138.773,05;165.223,49;154.415,00;10.808,49;28.711.004,00;10.608,00;112.105,00;100,00;462.997,00;129,00;14.389.728,00;7.789,00;39.955.876,00;24.356,00;28.079.360,00;11.564,00;248.937,00;126,00;896.152,00;580,00;6.756.909,00;264,00;4.231.968,00;20.945,00;1.992.856,00;8.249,00;1.062.087,00;8.906,00;6.166.567,00;9.584,00;4.961.434,00;21.046,00;8.502.189,00;35.135,00;44.403,00;166,00;368.843,00;1.734,00;26.748.984,00;13.388,00;4.369.570,00;3.922,00;92.545,00;35,00;4.299.694,00;1.437,00;617.597,00;10,00;192.425,00;16,00;269.650,01;906,07;12.019.794,00;4.257,00;332.101,00;2,00;4.255,00;11.658.497,00;4.223,00;5.848.846,00;3.054,00;4.619.017,00;3.861,00;5.736.688,00;164,00;3.918.963,00;925,00;366.589,50;349,50;1.017.254,00;2.354,00;52.055,00;1.164,00;468.386,00;667,00;4.749.277,00;1.505,00;504.307,00;1.826,00;5.634.843,00;1.446,00;879.638,00;358,00;448.011,00;24,00;187.580,00;593,00;0,00;0,00;87.237,00;243,00;4.104.978,00;1.966,00;1.705.058,00;1.451,00;188.926,00;716,00;27.451,00;82.920,00;-3.837,50;608,00;3.922,00;81.610,99;3.643,50;77.967,49;533.279,60;33.141,50;91.592,81;5.151,72;99.495,21;0,00;31.569.974,70;8.162,30;176,78;0,89;1,47;0,00;9,43;10,89;63,93;0,00;0,00;32,14;7.617,63;3.829,67;;35.982,50;40,40;;1.080.512,00;28,44;;991.120,00;50.716,00;178%;38,64;136%;2.858.422,00;5.610,00;6.646.302,00;848,00;4.780.523,00;0,00;5.597.538,00;1.840,00;0,00;0,00;0,00;0,00;340.359,00;0,00;17.493,00;0,00;0,00;0,00;0,00;0,00;0,00;417.021,63;98.639.315,00;40.378,00;49.690,80;;4.280,00;13.600,00;40.577,40;49.566,00;98.823,60;280.682,95;0,00;0,00;0,00;280.682,95;379.506,55;2.225.363,53;37.418.856,59;;;;;;;;;;;;;;;;;;;;;;;;;;;;;;;;;;;;
20/10/2025;6.743,36;1.502,43;6.741,52;1.502,84;1.364,49;808,21;9.545,45;13.024.671,07;0,00;17.129,98;3.949,47;9.545,45;163.513.329,41;31.700,44;36.741.846,23;14.362.047,64;1,00;36.741.846,23;136.941,92;136.941,92;168.642,36;158.216,00;10.426,36;28.720.862,00;9.858,00;112.185,00;80,00;463.198,00;201,00;14.397.974,00;8.246,00;39.980.404,00;24.528,00;28.094.708,00;15.348,00;249.070,00;133,00;896.763,00;611,00;6.761.145,00;4.236,00;4.252.835,00;20.867,00;2.001.045,00;8.189,00;1.070.992,00;8.905,00;6.175.981,00;9.414,00;4.982.655,00;21.221,00;8.536.317,00;34.128,00;44.566,00;163,00;370.312,00;1.469,00;26.763.590,00;14.606,00;4.373.838,00;4.268,00;92.580,00;35,00;4.301.697,00;2.003,00;617.982,00;385,00;192.556,00;131,00;270.659,65;1.009,64;12.024.528,00;4.734,00;332.474,00;373,00;4.361,00;11.663.262,00;4.765,00;5.851.928,00;3.082,00;4.622.458,00;3.441,00;5.740.412,00;3.724,00;3.919.928,00;965,00;366.615,00;25,50;1.017.317,00;63,00;53.240,00;1.185,00;469.122,00;736,00;4.750.820,00;1.543,00;505.992,00;1.685,00;5.636.496,00;1.653,00;879.983,00;345,00;448.281,00;270,00;188.010,00;430,00;0,00;0,00;87.505,00;268,00;4.106.973,00;1.995,00;1.706.465,00;1.407,00;189.734,00;808,00;28.929,00;81.857,00;-3.286,60;1.500,00;4.268,00;84.303,96;4.072,50;80.231,46;562.188,40;28.908,80;97.527,62;5.934,81;108.255,95;8.760,74;31.577.396,10;7.421,40;156,69;238,42;1,69;2,49;8,22;12,40;60,03;0,00;0,00;25,22;7.997,50;3.359,94;;36.060,60;78,10;;1.152.980,00;72,47;;1.051.200,00;60.080,00;83%;54,47;75%;2.863.808,00;5.386,00;6.646.607,00;305,00;4.780.993,00;470,00;5.599.292,00;1.754,00;0,00;0,00;0,00;0,00;340.359,00;0,00;17.493,00;0,00;0,00;0,00;0,00;0,00;0,00;417.021,63;98.679.512,00;40.197,00;49.735,00;;4.280,00;13.690,00;40.591,00;49.566,00;104.144,40;288.833,25;0,00;0,00;0,00;288.833,25;392.977,65;2.361.002,13;39.779.858,72;;;;;;;;;;;;;;;;;;;;;;;;;;;;;;;;;;;;
21/10/2025;6.746,95;1.502,43;6.745,11;1.502,84;1.364,49;808,60;9.545,45;13.024.671,07;0,00;17.133,56;3.949,47;9.545,45;163.547.521,21;34.191,80;36.877.845,00;14.415.419,73;1,00;36.877.845,00;135.998,77;135.998,77;170.190,57;160.128,00;10.062,57;28.731.612,00;10.750,00;112.272,00;87,00;463.414,00;216,00;14.406.397,00;8.423,00;40.004.520,00;24.116,00;28.110.014,00;15.306,00;249.199,00;129,00;897.187,00;424,00;6.765.496,00;4.351,00;4.273.912,00;21.077,00;2.009.187,00;8.142,00;1.079.889,00;8.897,00;6.185.606,00;9.625,00;5.003.863,00;21.208,00;8.570.904,00;34.587,00;44.725,00;159,00;372.262,00;1.950,00;26.778.626,00;15.036,00;4.378.042,00;4.204,00;92.616,00;36,00;4.303.721,00;2.024,00;618.352,00;370,00;192.716,00;160,00;271.644,33;984,68;12.029.472,00;4.944,00;332.802,00;328,00;4.616,00;11.667.936,00;4.674,00;5.854.977,00;3.049,00;4.625.954,00;3.496,00;5.744.187,00;3.775,00;3.920.961,00;1.033,00;366.648,00;33,00;1.017.400,00;83,00;54.473,00;1.233,00;469.853,00;731,00;4.752.350,00;1.530,00;507.564,00;1.572,00;5.638.212,00;1.716,00;880.337,00;354,00;448.590,00;309,00;188.682,00;672,00;0,00;0,00;87.761,00;256,00;4.108.708,00;1.735,00;1.707.612,00;1.147,00;190.697,00;963,00;29.005,00;82.459,00;-3.609,00;1.282,00;4.204,00;85.854,57;3.966,00;81.888,57;595.367,25;33.178,85;106.395,74;8.868,12;118.026,31;9.770,36;31.585.839,80;8.443,70;210,39;260,76;2,52;2,78;9,44;14,74;66,13;0,00;0,00;24,36;8.209,94;3.024,26;;36.148,00;87,40;;1.233.980,00;81,00;;1.117.810,00;66.610,00;82%;26,68;33%;2.869.744,00;5.936,00;6.646.607,00;0,00;4.781.361,00;368,00;5.601.153,00;1.861,00;0,00;0,00;0,00;0,00;340.359,00;0,00;17.493,00;0,00;0,00;0,00;0,00;0,00;0,00;417.021,63;98.716.821,00;37.309,00;49.777,90;;4.280,00;13.824,00;40.605,00;49.566,00;104.418,00;294.798,86;0,00;0,00;0,00;294.798,86;399.216,86;2.719.194,91;42.499.053,63;;;;;;;;;;;;;;;;;;;;;;;;;;;;;;;;;;;;
22/10/2025;6.748,28;1.502,43;6.746,44;1.502,85;1.364,55;809,04;9.545,45;13.025.243,80;572,73;17.134,86;3.949,47;9.545,45;163.559.930,30;12.409,09;37.011.840,25;14.459.966,74;1,00;37.011.840,25;133.995,25;133.422,52;145.831,61;138.494,00;7.337,61;28.736.990,00;5.378,00;112.353,00;81,00;463.611,00;197,00;14.413.992,00;7.595,00;40.029.032,00;24.512,00;28.122.942,00;12.928,00;249.326,00;127,00;897.598,00;411,00;6.769.044,00;3.548,00;4.294.567,00;20.655,00;2.017.443,00;8.256,00;1.088.820,00;8.931,00;6.194.974,00;9.368,00;5.016.086,00;12.223,00;8.604.927,00;34.023,00;44.892,00;167,00;373.937,00;1.675,00;26.790.438,00;11.812,00;4.382.579,00;4.537,00;92.653,00;37,00;4.305.838,00;2.117,00;619.024,00;672,00;192.833,00;117,00;272.666,19;1.021,86;12.031.766,00;2.294,00;332.805,00;3,00;2.291,00;11.670.244,00;2.308,00;5.857.973,00;2.996,00;4.629.024,00;3.070,00;5.747.232,00;3.045,00;3.921.982,00;1.021,00;366.683,00;35,00;1.017.481,00;81,00;55.216,00;743,00;470.536,00;683,00;4.753.181,00;831,00;509.248,00;1.684,00;5.639.428,00;1.216,00;880.679,00;342,00;448.860,00;270,00;189.238,00;556,00;0,00;0,00;88.021,00;260,00;4.110.610,00;1.902,00;1.708.912,00;1.300,00;191.659,00;962,00;17.677,00;72.801,00;-4.113,30;1.203,00;4.537,00;71.403,91;4.182,50;67.221,41;605.043,94;9.676,69;109.015,35;2.619,61;124.691,51;6.665,20;31.588.828,20;2.988,40;65,77;165,29;0,75;1,90;2,75;5,39;67,13;0,00;0,00;29,36;7.337,23;3.209,01;;36.220,30;72,30;;1.302.240,00;68,26;;1.178.040,00;60.230,00;88%;18,86;28%;2.874.842,00;5.098,00;6.647.336,00;729,00;4.781.370,00;9,00;5.602.600,00;1.447,00;0,00;0,00;0,00;0,00;340.359,00;0,00;17.493,00;0,00;0,00;0,00;0,00;0,00;0,00;417.021,63;98.755.804,00;38.983,00;49.822,10;;4.280,00;13.920,00;40.615,00;49.566,00;63.637,20;241.997,07;0,00;0,00;0,00;241.997,07;305.634,27;1.198.029,88;43.697.083,51;;;;;;;;;;;;;;;;;;;;;;;;;;;;;;;;;;;;
23/10/2025;6.750,91;1.502,43;6.749,07;1.502,85;1.364,55;809,45;9.545,45;13.025.243,80;0,00;17.137,49;3.949,47;9.545,45;163.585.044,38;25.114,08;37.148.040,73;14.509.792,83;1,00;37.148.040,73;136.200,48;136.200,48;161.314,56;151.490,00;9.824,56;28.746.692,00;9.702,00;112.445,00;92,00;463.824,00;213,00;14.422.093,00;8.101,00;40.053.680,00;24.648,00;28.135.010,00;12.068,00;249.457,00;131,00;898.022,00;424,00;6.770.756,00;1.712,00;4.315.290,00;20.723,00;2.025.717,00;8.274,00;1.097.740,00;8.920,00;6.206.352,00;11.378,00;5.033.941,00;17.855,00;8.638.072,00;33.145,00;45.038,00;146,00;375.452,00;1.515,00;26.804.308,00;13.870,00;4.386.969,00;4.390,00;92.688,00;35,00;4.308.108,00;2.270,00;619.767,00;743,00;192.939,00;106,00;273.674,72;1.008,53;12.035.977,00;4.211,00;333.035,00;230,00;3.981,00;11.674.264,00;4.020,00;5.860.998,00;3.025,00;4.632.603,00;3.579,00;5.748.671,00;1.439,00;3.922.997,00;1.015,00;366.718,00;35,00;1.017.563,00;82,00;56.166,00;950,00;471.225,00;689,00;4.754.261,00;1.080,00;510.911,00;1.663,00;5.640.925,00;1.497,00;881.016,00;337,00;448.986,00;126,00;189.642,00;404,00;0,00;0,00;88.303,00;282,00;4.112.527,00;1.917,00;1.710.181,00;1.269,00;192.389,00;730,00;26.121,00;79.572,00;-3.527,50;1.503,00;4.390,00;79.377,06;4.064,00;75.313,06;633.566,70;28.522,76;113.180,72;4.165,37;128.786,16;4.094,65;31.596.123,40;7.295,20;95,54;89,54;1,18;1,16;8,11;10,46;60,69;0,00;0,00;29,75;7.960,20;3.902,06;;36.276,50;56,20;;1.348.660,00;46,42;;1.242.350,00;64.310,00;139%;19,46;42%;2.879.859,00;5.017,00;6.647.788,00;452,00;4.782.167,00;797,00;5.605.932,00;3.332,00;0,00;0,00;0,00;0,00;340.359,00;0,00;17.493,00;0,00;0,00;0,00;0,00;0,00;0,00;417.021,63;98.794.770,00;38.966,00;49.866,00;;4.280,00;13.995,00;40.629,00;49.566,00;94.035,60;271.127,01;0,00;0,00;0,00;271.127,01;365.162,61;1.818.084,82;45.515.168,33;;;;;;;;;;;;;;;;;;;;;;;;;;;;;;;;;;;;
24/10/2025;6.755,08;1.502,43;6.753,24;1.502,85;1.364,55;809,75;9.545,45;13.025.243,80;0,00;17.141,66;3.949,47;9.545,45;163.624.858,45;39.814,07;37.280.868,00;14.565.185,00;1,00;37.280.868,00;132.827,27;132.827,27;172.641,34;164.882,00;7.759,34;28.756.700,00;10.008,00;112.525,00;80,00;464.019,00;195,00;14.430.424,00;8.331,00;40.078.064,00;24.384,00;28.147.190,00;12.180,00;249.588,00;131,00;898.479,00;457,00;6.771.804,00;1.048,00;4.335.739,00;20.449,00;2.033.935,00;8.218,00;1.106.606,00;8.866,00;6.225.493,00;19.141,00;5.055.160,00;21.219,00;8.672.698,00;34.626,00;45.199,00;161,00;376.935,00;1.483,00;26.818.852,00;14.544,00;4.391.720,00;4.751,00;92.724,00;36,00;4.310.213,00;2.105,00;620.391,00;624,00;193.118,00;179,00;274.617,00;942,28;12.040.690,00;4.713,00;333.358,00;323,00;4.390,00;11.678.556,00;4.292,00;5.863.753,00;2.755,00;4.636.178,00;3.575,00;5.749.602,00;931,00;3.924.105,00;1.108,00;366.752,00;34,00;1.017.644,00;81,00;57.312,00;1.146,00;471.925,00;700,00;4.755.707,00;1.446,00;512.646,00;1.735,00;5.642.364,00;1.439,00;881.362,00;346,00;449.016,00;30,00;190.079,00;437,00;0,00;0,00;88.558,00;255,00;4.114.208,00;1.681,00;1.711.250,00;1.069,00;193.353,00;964,00;28.819,00;92.070,00;-3.600,60;1.583,00;4.751,00;77.837,94;3.952,50;73.885,44;663.962,25;30.395,55;117.428,56;4.247,84;128.786,16;0,00;31.603.719,36;7.595,96;104,95;0,88;1,21;0,00;8,64;9,85;65,08;0,00;0,00;28,66;8.086,47;3.561,13;;36.315,60;39,10;;1.375.950,00;27,29;;1.295.028,00;52.678,00;193%;18,77;69%;2.883.308,00;3.449,00;6.648.471,00;683,00;4.782.181,00;14,00;5.607.279,00;1.347,00;0,00;0,00;0,00;0,00;340.359,00;0,00;17.493,00;0,00;0,00;0,00;0,00;0,00;0,00;417.021,63;98.834.201,00;39.431,00;49.910,50;;4.280,00;14.110,00;40.651,00;49.566,00;103.748,40;265.987,59;0,00;0,00;0,00;265.987,59;369.735,99;2.140.378,38;47.655.546,71;;;;;;;;;;;;;;;;;;;;;;;;;;;;;;;;;;;;
25/10/2025;6.758,24;1.502,44;6.756,40;1.502,85;1.364,55;810,07;9.545,45;13.025.243,80;0,00;17.144,81;3.949,47;9.545,45;163.654.964,80;30.106,35;37.417.630,00;14.616.603,00;1,00;37.417.630,00;136.762,00;136.762,00;166.868,35;156.984,00;9.884,35;28.765.350,00;8.650,00;112.604,00;79,00;464.194,00;175,00;14.438.157,00;7.733,00;40.102.872,00;24.808,00;28.159.914,00;12.724,00;249.719,00;131,00;898.998,00;519,00;6.773.670,00;1.866,00;4.355.960,00;20.221,00;2.042.183,00;8.248,00;1.115.519,00;8.913,00;6.246.658,00;21.165,00;5.070.809,00;15.649,00;8.705.644,00;32.946,00;45.362,00;163,00;378.364,00;1.429,00;26.831.940,00;13.088,00;4.396.382,00;4.662,00;92.759,00;35,00;4.311.976,00;1.763,00;620.788,00;397,00;193.152,00;34,00;275.549,00;932,00;12.043.508,00;2.818,00;333.725,00;367,00;2.451,00;11.682.828,00;4.272,00;5.866.926,00;3.173,00;4.639.867,00;3.689,00;5.751.096,00;1.494,00;3.925.216,00;1.111,00;366.786,00;34,00;1.017.759,00;115,00;58.197,00;885,00;472.627,00;702,00;4.756.900,00;1.193,00;514.463,00;1.817,00;5.643.723,00;1.359,00;881.721,00;359,00;449.213,00;197,00;190.495,00;416,00;0,00;0,00;88.802,00;244,00;4.115.751,00;1.543,00;1.712.253,00;1.003,00;194.200,00;847,00;29.074,00;86.921,00;-3.824,90;1.317,00;4.662,00;77.793,25;3.515,50;74.277,75;687.850,90;23.888,65;120.604,27;3.175,71;132.458,10;3.671,94;31.609.862,00;6.142,64;115,67;103,58;0,90;1,04;6,79;8,74;61,83;0,00;0,00;27,90;7.527,55;3.396,71;;36.365,90;50,30;;1.415.920,00;39,97;;1.354.140,00;59.112,00;148%;16,15;40%;2.888.412,00;5.104,00;6.649.773,00;1.302,00;4.782.263,00;82,00;5.608.876,00;1.597,00;0,00;0,00;0,00;0,00;340.359,00;0,00;17.493,00;0,00;0,00;0,00;0,00;0,00;0,00;417.021,63;98.873.359,00;39.158,00;49.954,80;;4.280,00;14.175,00;40.664,00;49.566,00;104.666,40;267.399,90;0,00;0,00;0,00;267.399,90;372.066,30;1.787.803,91;49.443.350,62;;;;;;;;;;;;;;;;;;;;;;;;;;;;;;;;;;;;
26/10/2025;6.759,87;1.502,44;6.758,03;1.502,85;1.364,59;810,41;9.545,45;13.025.625,62;381,82;17.146,42;3.949,47;9.545,45;163.670.256,61;15.291,81;37.554.048,00;14.662.440,24;1,00;37.554.048,00;136.418,00;136.036,18;151.327,99;142.089,00;9.238,99;28.772.052,00;6.702,00;112.681,00;77,00;464.332,00;138,00;14.444.685,00;6.528,00;40.127.532,00;24.660,00;28.169.346,00;9.432,00;249.852,00;133,00;899.504,00;506,00;6.773.915,00;245,00;4.375.973,00;20.013,00;2.050.433,00;8.250,00;1.124.425,00;8.906,00;6.266.697,00;20.039,00;5.083.251,00;12.442,00;8.737.611,00;31.967,00;45.505,00;143,00;379.691,00;1.327,00;26.842.246,00;10.306,00;4.400.568,00;4.186,00;92.794,00;35,00;4.313.384,00;1.408,00;620.798,00;10,00;193.164,00;12,00;276.465,50;916,50;12.044.069,00;561,00;333.727,00;2,00;559,00;11.687.457,00;4.629,00;5.868.982,00;2.056,00;4.642.505,00;2.638,00;5.751.236,00;140,00;3.926.234,00;1.018,00;366.821,00;35,00;1.017.853,00;94,00;58.772,00;575,00;473.249,00;622,00;4.758.193,00;1.293,00;516.192,00;1.729,00;5.644.909,00;1.186,00;882.044,00;323,00;449.240,00;27,00;190.876,00;381,00;0,00;0,00;89.050,00;248,00;4.117.374,00;1.623,00;1.713.334,00;1.081,00;194.870,00;670,00;18.619,00;81.604,00;-5.218,90;530,00;4.186,00;70.226,89;3.245,00;66.981,89;705.102,80;17.251,90;126.198,17;5.593,90;132.458,10;0,00;31.614.202,90;4.340,90;148,57;0,75;1,59;0,00;4,91;6,50;52,39;0,00;0,00;30,20;6.237,59;3.595,63;;36.406,90;41,00;;1.445.968,00;30,05;;1.398.588,00;44.448,00;148%;15,72;52%;2.893.941,00;5.529,00;6.650.261,00;488,00;4.782.351,00;88,00;5.611.476,00;2.600,00;0,00;0,00;0,00;0,00;340.359,00;0,00;17.493,00;0,00;0,00;0,00;0,00;0,00;0,00;417.021,63;98.912.646,00;39.287,00;49.999,40;;4.280,00;14.254,00;40.676,00;49.566,00;67.028,40;241.134,81;0,00;0,00;0,00;241.134,81;308.163,21;1.055.816,40;50.499.167,02;;;;;;;;;;;;;;;;;;;;;;;;;;;;;;;;;;;;
27/10/2025;6.765,15;1.502,91;6.763,31;1.503,32;1.364,59;810,67;9.545,45;13.025.625,62;0,00;17.151,69;3.949,94;9.545,45;163.720.637,49;50.380,89;37.678.408,51;14.713.025,50;1,00;37.678.408,51;124.360,51;124.360,51;174.741,40;162.280,00;12.461,40;28.781.958,00;9.906,00;112.753,00;72,00;464.506,00;174,00;14.452.600,00;7.915,00;40.149.824,00;22.292,00;28.183.446,00;14.100,00;249.978,00;126,00;900.022,00;518,00;6.777.500,00;3.585,00;4.396.778,00;20.805,00;2.058.647,00;8.214,00;1.133.390,00;8.965,00;6.286.699,00;20.002,00;5.103.552,00;20.301,00;8.770.478,00;32.867,00;45.624,00;119,00;381.067,00;1.376,00;26.856.338,00;14.092,00;4.404.882,00;4.314,00;92.830,00;36,00;4.315.428,00;2.044,00;621.276,00;478,00;193.272,00;108,00;277.449,86;984,36;12.048.948,00;4.879,00;334.162,00;435,00;4.444,00;11.692.203,00;4.746,00;5.871.837,00;2.855,00;4.645.820,00;3.315,00;5.754.280,00;3.044,00;3.927.306,00;1.072,00;366.857,00;36,00;1.017.951,00;98,00;60.051,00;1.279,00;473.920,00;671,00;4.759.307,00;1.114,00;517.747,00;1.555,00;5.646.541,00;1.632,00;882.402,00;358,00;449.533,00;293,00;191.202,00;326,00;0,00;0,00;89.315,00;265,00;4.119.100,00;1.726,00;1.714.457,00;1.123,00;195.546,00;676,00;26.084,00;90.349,00;-6.271,00;1.539,00;4.314,00;84.810,40;3.689,00;81.121,40;734.935,44;29.832,64;130.903,24;4.705,07;139.514,52;7.056,42;31.621.854,90;7.652,00;125,36;187,35;1,34;2,01;8,48;11,83;61,98;0,00;0,00;27,72;7.734,38;3.459,13;;36.478,00;71,10;;1.511.968,00;66,00;;1.454.572,00;55.984,00;85%;17,28;26%;2.899.116,00;5.175,00;6.650.755,00;494,00;4.782.745,00;394,00;5.613.006,00;1.530,00;0,00;0,00;0,00;0,00;340.359,00;0,00;17.493,00;0,00;0,00;0,00;0,00;0,00;0,00;417.021,63;98.950.515,00;37.869,00;50.045,40;;4.280,00;14.284,00;40.687,00;49.566,00;93.902,40;292.037,02;0,00;0,00;0,00;292.037,02;385.939,42;2.417.330,50;52.916.497,52;;;;;;;;;;;;;;;;;;;;;;;;;;;;;;;;;;;;
28/10/2025;6.770,16;1.503,41;6.768,31;1.503,82;1.364,59;810,92;9.545,45;13.025.625,62;0,00;17.156,70;3.950,45;9.545,45;163.768.412,47;47.774,98;37.798.656,78;14.766.372,03;1,00;37.798.656,78;120.248,27;120.248,27;168.023,25;168.688,00;-664,75;28.790.247,00;8.289,00;112.847,60;94,60;464.694,40;188,40;14.461.462,00;8.862,00;40.173.162,00;23.338,00;28.199.473,00;16.027,00;250.115,90;137,90;900.557,40;535,40;6.781.517,00;4.017,00;4.418.833,00;22.055,00;2.067.239,00;8.592,00;1.142.784,00;9.394,00;6.307.169,00;20.470,00;5.125.041,00;21.489,00;8.803.653,00;33.175,00;45.758,12;134,12;382.953,60;1.886,60;26.871.321,00;14.983,00;4.409.150,00;4.268,00;92.867,25;37,25;4.317.611,00;2.183,00;621.899,00;623,00;193.350,00;78,00;278.419,57;969,71;12.053.446,00;4.498,00;334.404,00;242,00;4.256,00;11.696.509,00;4.306,00;5.874.910,00;3.073,00;4.649.549,00;3.729,00;5.757.582,00;3.302,00;3.928.476,00;1.170,00;366.871,00;14,00;1.017.990,00;39,00;61.196,00;1.145,00;474.632,00;712,00;4.760.806,00;1.499,00;519.146,00;1.399,00;5.647.994,00;1.453,00;882.749,00;347,00;449.798,00;265,00;191.774,00;572,00;0,00;0,00;89.566,00;251,00;4.121.027,00;1.927,00;1.715.770,00;1.313,00;196.353,00;807,00;27.057,00;93.120,00;-4.352,10;1.478,40;4.268,00;73.508,95;4.076,50;69.432,45;757.954,10;23.018,66;136.269,58;5.366,34;144.996,58;5.482,06;31.627.656,00;5.801,10;118,38;152,19;1,53;1,56;6,55;9,63;67,08;0,00;0,00;29,18;8.171,58;3.554,66;;36.552,10;74,10;;1.577.616,00;65,65;;1.518.504,00;63.932,00;97%;24,65;38%;2.904.938,00;5.822,00;6.652.035,00;1.280,00;4.783.731,00;986,00;5.614.865,00;1.859,00;0,00;0,00;0,00;0,00;340.359,00;0,00;17.493,00;0,00;0,00;0,00;0,00;0,00;0,00;417.021,63;98.987.038,00;36.523,00;50.089,40;;4.280,00;14.365,00;40.699,00;49.566,00;97.405,20;249.956,81;0,00;0,00;0,00;249.956,81;347.362,01;2.208.984,10;55.125.481,62;;;;;;;;;;;;;;;;;;;;;;;;;;;;;;;;;;;;
29/10/2025;6.774,72;1.503,41;6.772,87;1.503,82;1.364,59;811,22;9.545,45;13.025.625,62;0,00;17.161,26;3.950,45;9.545,45;163.811.939,72;43.527,25;37.935.227,96;14.829.153,10;1,00;37.935.227,96;136.571,18;136.571,18;180.098,43;161.466,00;18.632,43;28.800.454,00;10.207,00;112.913,00;65,40;464.872,00;177,60;14.469.522,00;8.060,00;40.196.508,00;23.346,00;28.214.050,00;14.577,00;250.246,00;130,10;901.014,00;456,60;6.785.578,00;4.061,00;4.438.635,00;19.802,00;2.075.335,00;8.096,00;1.151.645,00;8.861,00;6.325.645,00;18.476,00;5.145.894,00;20.853,00;8.836.025,00;32.372,00;45.893,00;134,88;384.655,00;1.701,40;26.885.094,00;13.773,00;4.413.404,00;4.254,00;92.901,00;33,75;4.319.455,00;1.844,00;622.316,00;417,00;193.396,00;46,00;279.380,96;961,39;12.057.938,00;4.492,00;334.769,00;365,00;4.127,00;11.701.168,00;4.659,00;5.877.779,00;2.869,00;4.652.783,00;3.234,00;5.761.255,00;3.673,00;3.929.693,00;1.217,00;366.871,00;0,00;1.017.990,00;0,00;62.443,00;1.247,00;475.212,00;580,00;4.762.445,00;1.639,00;520.722,00;1.576,00;5.649.446,00;1.452,00;883.084,00;335,00;450.128,00;330,00;192.366,00;592,00;0,00;0,00;89.811,00;245,00;4.123.041,00;2.014,00;1.717.128,00;1.358,00;197.294,00;941,00;26.541,00;88.658,00;-5.221,00;1.284,60;4.254,00;91.122,83;4.122,00;87.000,83;791.747,94;33.793,84;141.341,94;5.072,36;153.414,00;8.417,42;31.636.044,30;8.388,30;131,25;235,87;1,44;2,39;9,61;13,45;67,13;0,00;0,00;30,27;8.308,00;3.746,21;;36.627,00;74,90;;1.646.750,00;69,13;;1.576.750,00;58.246,00;84%;21,03;30%;2.908.635,00;3.697,00;6.653.198,00;1.163,00;4.784.916,00;1.185,00;5.616.266,00;1.401,00;0,00;0,00;0,00;0,00;340.359,00;0,00;17.493,00;0,00;0,00;0,00;0,00;0,00;0,00;417.021,63;99.026.282,00;39.244,00;50.133,20;;4.280,00;14.461,00;40.712,00;49.566,00;95.547,60;313.203,00;0,00;0,00;0,00;313.203,00;408.750,60;2.223.110,18;57.348.591,80;;;;;;;;;;;;;;;;;;;;;;;;;;;;;;;;;;;;
30/10/2025;6.778,56;1.503,61;6.776,71;1.504,03;1.364,61;811,47;9.545,45;13.025.816,52;190,91;17.165,09;3.950,65;9.545,45;163.848.536,98;36.597,26;38.043.214,00;14.875.626,13;1,00;38.043.214,00;107.986,04;107.795,13;144.392,39;136.793,00;7.599,39;28.810.716,00;10.262,00;112.964,00;51,00;465.091,00;219,00;14.476.844,00;7.322,00;40.215.760,00;19.252,00;28.225.470,00;11.420,00;250.375,00;129,00;901.398,00;384,00;6.788.145,00;2.567,00;4.456.547,00;17.912,00;2.081.355,00;6.020,00;1.159.444,00;7.799,00;6.340.282,00;14.637,00;5.164.553,00;18.659,00;8.861.394,00;25.369,00;46.019,00;126,00;385.933,00;1.278,00;26.897.054,00;11.960,00;4.416.307,00;2.903,00;92.937,00;36,00;4.321.389,00;1.934,00;622.663,00;347,00;193.503,00;107,00;280.287,35;906,39;12.062.448,00;4.510,00;335.127,00;358,00;4.152,00;11.705.172,00;4.004,00;5.879.698,00;1.919,00;4.654.938,00;2.155,00;5.763.373,00;2.118,00;3.930.627,00;934,00;366.871,00;0,00;1.017.990,00;0,00;63.543,00;1.100,00;475.717,00;505,00;4.763.885,00;1.440,00;522.303,00;1.581,00;5.650.800,00;1.354,00;883.399,00;315,00;450.375,00;247,00;192.687,00;321,00;0,00;0,00;90.061,00;250,00;4.124.789,00;1.748,00;1.718.216,00;1.088,00;198.028,00;734,00;25.042,00;72.484,00;-10.113,70;1.196,00;2.903,00;77.923,09;3.699,00;74.224,09;822.505,20;30.757,26;146.382,08;5.040,14;158.856,90;5.442,90;31.644.027,10;7.982,80;139,14;152,05;1,43;1,55;8,75;11,73;67,13;0,00;0,00;30,27;7.077,50;3.191,36;;36.687,70;60,70;;1.700.370,00;53,62;;1.631.780,00;55.030,00;103%;136,83;255%;2.912.990,00;4.355,00;6.653.444,00;246,00;4.785.059,00;143,00;5.618.311,00;2.045,00;0,00;0,00;0,00;0,00;340.359,00;0,00;17.493,00;0,00;0,00;0,00;0,00;0,00;0,00;417.021,63;99.059.709,00;33.427,00;50.173,20;;4.280,00;14.579,00;40.728,00;49.566,00;90.151,20;267.206,71;0,00;0,00;0,00;267.206,71;357.357,91;1.832.546,10;59.181.137,90;;;;;;;;;;;;;;;;;;;;;;;;;;;;;;;;;;;;
31/10/2025;6.781,62;1.503,61;6.779,77;1.504,03;1.364,62;811,81;9.545,45;13.025.911,98;95,45;17.168,14;3.950,65;9.545,45;163.877.574,24;29.037,26;38.178.988,00;14.932.133,00;1,00;38.178.988,00;135.774,00;135.678,55;164.715,80;156.332,00;8.383,80;28.820.530,00;9.814,00;113.040,00;76,00;465.307,00;216,00;14.485.021,00;8.177,00;40.239.656,00;23.896,00;28.239.496,00;14.026,00;250.508,00;133,00;901.763,00;365,00;6.791.381,00;3.236,00;4.476.015,00;19.468,00;2.089.450,00;8.095,00;1.166.402,00;6.958,00;6.359.443,00;19.161,00;5.183.141,00;18.588,00;8.890.612,00;29.218,00;46.158,00;139,00;387.978,00;2.045,00;26.911.038,00;13.984,00;4.420.736,00;4.429,00;92.972,00;35,00;4.323.492,00;2.103,00;623.074,00;411,00;193.716,00;213,00;281.244,00;956,65;12.066.690,00;4.242,00;335.529,00;402,00;3.840,00;11.708.737,00;3.565,00;5.882.871,00;3.173,00;4.658.417,00;3.479,00;5.766.188,00;2.815,00;3.931.627,00;1.000,00;366.871,00;0,00;1.018.603,00;613,00;64.785,00;1.242,00;476.407,00;690,00;4.765.373,00;1.488,00;523.966,00;1.663,00;5.652.370,00;1.570,00;883.721,00;322,00;450.592,00;217,00;193.356,00;669,00;0,00;0,00;90.303,00;242,00;4.126.780,00;1.991,00;1.719.595,00;1.379,00;198.830,00;802,00;28.064,00;82.020,00;-4.685,10;1.391,00;4.429,00;81.560,90;4.086,50;77.474,40;844.514,25;22.009,05;149.379,08;2.997,00;164.198,06;5.341,16;31.651.381,00;7.353,90;113,32;273,38;0,85;1,52;6,26;8,63;61,83;0,00;0,00;35,58;7.844,87;4.514,32;;36.758,10;70,40;;1.764.736,00;64,37;;1.690.263,00;58.483,00;91%;30,36;47%;2.915.140,00;2.150,00;6.654.179,00;735,00;4.785.368,00;309,00;5.621.695,00;3.384,00;0,00;0,00;0,00;0,00;340.359,00;0,00;17.493,00;0,00;0,00;0,00;0,00;0,00;0,00;417.021,63;99.098.659,00;38.950,00;50.216,50;;4.280,00;14.659,00;40.749,00;49.566,00;101.030,40;278.907,86;0,00;0,00;0,00;278.907,86;379.938,26;1.935.535,56;61.116.673,46;;;;;;;;;;;;;;;;;;;;;;;;;;;;;;;;;;;;
01/11/2025;6.782,46;1.503,61;6.780,60;1.504,03;1.364,68;812,21;9.545,45;13.026.484,71;572,73;17.168,94;3.950,65;9.545,45;163.885.277,41;7.703,18;38.312.361,00;14.978.874,00;1,00;38.312.361,00;133.373,00;132.800,27;140.503,45;133.153,00;7.350,45;28.830.274,00;9.744,00;113.115,00;75,00;465.479,00;172,00;14.492.842,00;7.821,00;40.263.472,00;23.816,00;28.251.936,00;12.440,00;250.646,00;138,00;902.144,00;381,00;6.793.832,00;2.451,00;4.489.134,00;13.119,00;2.097.518,00;8.068,00;1.167.001,00;599,00;6.377.439,00;17.996,00;5.202.340,00;19.199,00;8.905.782,00;15.170,00;46.317,00;159,00;389.860,00;1.882,00;26.924.886,00;13.848,00;4.424.978,00;4.242,00;93.007,00;35,00;4.325.442,00;1.950,00;623.532,00;458,00;193.830,00;114,00;282.186,00;942,00;12.071.113,00;4.423,00;335.934,00;405,00;4.018,00;11.712.845,00;4.108,00;5.885.736,00;2.865,00;4.661.748,00;3.331,00;5.768.290,00;2.102,00;3.932.508,00;881,00;366.871,00;0,00;1.018.795,00;192,00;65.781,00;996,00;477.050,00;643,00;4.766.856,00;1.483,00;525.742,00;1.776,00;5.653.878,00;1.508,00;884.017,00;296,00;450.769,00;177,00;193.953,00;597,00;0,00;0,00;90.539,00;236,00;4.128.660,00;1.880,00;1.720.909,00;1.314,00;199.514,00;684,00;27.566,00;61.032,00;-5.176,90;1.358,00;4.242,00;79.048,35;3.775,00;75.273,35;36.383,72;36.383,72;6.009,36;6.009,36;4.249,89;4.249,89;31.658.634,70;7.253,70;111,35;75,19;1,71;1,21;10,35;13,27;62,98;0,00;0,00;34,64;7.594,81;4.177,27;;36.813,90;55,80;;56.640,00;55,80;;59.088,00;59.088,00;106%;32,91;59%;2.920.337,00;5.197,00;6.654.752,00;573,00;4.786.369,00;1.001,00;5.624.092,00;2.397,00;0,00;0,00;0,00;0,00;340.359,00;0,00;17.493,00;0,00;0,00;0,00;0,00;0,00;0,00;417.021,30;99.137.874,00;39.215,00;50.261,00;;4.280,00;14.721,00;40.761,00;49.566,00;99.237,60;270.984,06;0,00;0,00;0,00;270.984,06;370.221,66;1.886.187,86;1.886.187,86;814.749,74;;304.431,00;;152.018,52;;562.119,00;;;;0,00;;;0,00;0,00;;;;;;;;;;;;;;;;;;;;;
02/11/2025;6.783,51;1.503,61;6.781,65;1.504,03;1.364,71;812,60;9.545,45;13.026.771,07;286,36;17.169,96;3.950,65;9.545,45;163.895.032,86;9.755,45;38.447.570,00;15.027.287,00;1,00;38.447.570,00;135.209,00;134.922,64;144.678,09;136.040,00;8.638,09;28.841.188,00;10.914,00;113.192,00;77,00;465.613,00;134,00;14.500.724,00;7.882,00;40.287.372,00;23.900,00;28.262.790,00;10.854,00;250.778,00;132,00;902.524,00;380,00;6.794.213,00;381,00;4.502.024,00;12.890,00;2.105.592,00;8.074,00;1.167.659,00;658,00;6.395.269,00;17.830,00;5.224.141,00;21.801,00;8.922.035,00;16.253,00;46.467,00;150,00;391.519,00;1.659,00;26.938.602,00;13.716,00;4.429.738,00;4.760,00;93.043,00;36,00;4.326.924,00;1.482,00;623.542,00;10,00;193.841,00;11,00;283.121,00;935,00;12.074.787,00;3.674,00;335.936,00;2,00;3.672,00;11.717.595,00;4.750,00;5.888.648,00;2.912,00;4.665.431,00;3.683,00;5.768.552,00;262,00;3.933.398,00;890,00;367.066,00;195,00;1.018.958,00;163,00;66.809,00;1.028,00;477.687,00;637,00;4.768.456,00;1.600,00;527.488,00;1.746,00;5.655.342,00;1.464,00;884.322,00;305,00;450.804,00;35,00;194.492,00;539,00;0,00;0,00;90.781,00;242,00;4.130.507,00;1.847,00;1.722.220,00;1.311,00;200.054,00;540,00;28.915,00;64.616,00;-5.075,00;403,00;4.760,00;79.974,09;3.370,00;76.604,09;70.686,40;34.302,68;11.040,36;5.031,00;4.286,54;36,65;31.667.231,50;8.596,80;143,51;2,07;1,43;0,01;9,76;11,20;60,93;0,00;0,00;30,16;7.804,43;3.863,15;;36.857,00;43,10;;89.296,00;32,66;;105.228,00;46.140,00;141%;12,17;37%;2.924.975,00;4.638,00;6.655.219,00;467,00;4.786.401,00;32,00;5.626.331,00;2.239,00;0,00;0,00;0,00;0,00;340.359,00;0,00;17.493,00;0,00;0,00;0,00;0,00;0,00;0,00;417.021,30;99.177.095,00;39.221,00;50.305,20;;4.280,00;14.783,00;40.773,00;49.566,00;104.094,00;275.774,71;0,00;0,00;0,00;275.774,71;379.868,71;2.098.494,51;3.984.682,37;684.969,51;;502.758,00;;180.576,00;;730.191,00;;52.869,60;;0,00;;;0,00;0,00;;;;;;;;;;;;;;;;;;;;;
03/11/2025;6.783,59;1.503,62;6.781,74;1.504,03;1.365,00;813,01;9.545,45;13.029.539,25;2.768,18;17.169,96;3.950,65;9.545,45;163.895.032,86;0,00;38.553.419,42;15.056.118,20;1,00;38.553.419,42;105.849,42;103.081,24;103.081,24;96.692,00;6.389,24;28.847.048,00;5.860,00;113.254,00;62,00;465.806,00;193,00;14.505.008,00;4.284,00;40.310.372,00;23.000,00;28.272.422,00;9.632,00;250.912,00;134,00;902.900,00;376,00;6.794.436,00;223,00;4.507.248,00;5.224,00;2.106.665,00;1.073,00;1.168.225,00;566,00;6.412.179,00;16.910,00;5.232.651,00;8.510,00;8.937.487,00;15.452,00;46.607,00;140,00;392.516,00;997,00;26.946.422,00;7.820,00;4.434.282,00;4.544,00;93.078,00;35,00;4.328.276,00;1.352,00;623.562,00;20,00;193.856,00;15,00;284.072,44;951,44;12.075.254,00;467,00;335.938,00;2,00;465,00;11.718.218,00;623,00;5.891.492,00;2.844,00;4.669.124,00;3.693,00;5.768.692,00;140,00;3.934.265,00;867,00;367.098,00;32,00;1.019.038,00;80,00;67.156,00;347,00;478.376,00;689,00;4.769.848,00;1.392,00;529.102,00;1.614,00;5.656.413,00;1.071,00;884.638,00;316,00;450.815,00;11,00;194.658,00;166,00;0,00;0,00;91.025,00;244,00;4.132.248,00;1.741,00;1.723.411,00;1.191,00;200.512,00;458,00;15.871,00;42.511,00;-9.611,30;413,00;4.544,00;65.224,54;3.119,00;62.105,54;84.832,02;14.145,62;14.735,84;3.695,48;4.286,54;0,00;31.670.863,00;3.631,50;104,80;0,76;1,05;0,00;4,02;5,07;32,74;0,00;0,00;16,88;4.185,24;2.157,81;;36.895,30;38,30;;116.016,00;26,72;;142.682,00;37.454,00;140%;10,20;38%;2.929.214,00;4.239,00;6.655.955,00;736,00;4.786.714,00;313,00;5.628.723,00;2.392,00;0,00;0,00;0,00;0,00;340.359,00;0,00;17.493,00;0,00;0,00;0,00;0,00;0,00;0,00;417.021,30;99.208.717,00;31.622,00;50.347,40;;4.280,00;14.832,00;40.783,00;49.566,00;57.135,60;223.579,94;0,00;0,00;0,00;223.579,94;280.715,54;898.954,80;4.883.637,17;0,00;;0,00;;81.826,80;;377.064,00;;0,00;;0,00;;;0,00;0,00;;;;;;;;;;;;;;;;;;;;;
04/11/2025;6.784,20;1.503,62;6.782,34;1.504,03;1.365,07;813,50;9.545,45;13.030.207,43;668,18;17.170,53;3.950,65;9.545,45;163.900.445,13;5.412,27;38.685.461,46;15.099.382,44;1,00;38.685.461,46;132.042,04;131.373,86;136.786,13;128.127,00;8.659,13;28.856.644,00;9.596,00;113.339,00;85,00;465.984,00;178,00;14.512.581,00;7.573,00;40.334.200,00;23.828,00;28.285.410,00;12.988,00;251.058,00;146,00;903.280,00;380,00;6.796.115,00;1.679,00;4.515.479,00;8.231,00;2.109.853,00;3.188,00;1.168.938,00;713,00;6.428.989,00;16.810,00;5.252.938,00;20.287,00;8.951.791,00;14.304,00;46.737,00;130,00;394.116,00;1.600,00;26.960.932,00;14.510,00;4.438.914,00;4.632,00;93.114,00;36,00;4.330.182,00;1.906,00;623.998,00;436,00;193.998,00;142,00;285.121,00;1.048,56;12.079.810,00;4.556,00;336.335,00;397,00;4.159,00;11.722.681,00;4.463,00;5.894.495,00;3.003,00;4.672.634,00;3.510,00;5.770.036,00;1.344,00;3.935.296,00;1.031,00;367.153,00;55,00;1.019.627,00;589,00;68.476,00;1.320,00;479.106,00;730,00;4.771.406,00;1.558,00;530.543,00;1.441,00;5.657.882,00;1.469,00;885.013,00;375,00;450.988,00;173,00;195.150,00;492,00;0,00;0,00;91.278,00;253,00;4.133.992,00;1.744,00;1.724.525,00;1.114,00;201.198,00;686,00;26.444,00;55.302,00;-5.552,80;1.355,00;4.632,00;81.049,93;3.636,00;77.413,93;114.052,74;29.220,72;18.918,25;4.182,41;9.766,60;5.480,06;31.678.222,00;7.359,00;106,52;202,66;1,19;1,56;8,31;11,06;58,54;0,00;0,00;30,31;7.139,56;3.696,62;;36.953,80;58,50;;165.680,00;49,66;;193.079,00;50.397,00;101%;7,75;16%;2.934.474,00;5.260,00;6.656.222,00;267,00;4.786.730,00;16,00;5.630.170,00;1.447,00;0,00;0,00;0,00;0,00;340.359,00;0,00;17.494,00;1,00;0,00;0,00;0,00;0,00;0,00;417.021,30;99.249.508,00;40.791,00;50.393,90;;4.280,00;14.900,00;40.799,00;49.566,00;95.198,40;278.690,14;0,00;0,00;0,00;278.690,14;373.888,54;2.144.793,91;7.028.431,08;863.453,63;;405.336,00;;203.821,44;;608.526,00;;0,00;;20.360,00;;;0,00;35.468,84;;;;;;;;;;;;;;;;;;;;;
05/11/2025;6.785,89;1.503,62;6.784,04;1.504,03;1.365,07;813,88;9.545,45;13.030.207,43;0,00;17.172,22;3.950,65;9.545,45;163.916.596,04;16.150,90;38.821.370,46;15.151.306,65;1,00;38.821.370,46;135.909,00;135.909,00;152.059,90;142.416,00;9.643,90;28.864.970,00;8.326,00;113.426,00;87,00;466.179,00;195,00;14.520.711,00;8.130,00;40.358.108,00;23.908,00;28.299.790,00;14.380,00;251.198,00;140,00;903.651,00;371,00;6.800.506,00;4.391,00;4.531.169,00;15.690,00;2.117.891,00;8.038,00;1.172.508,00;3.570,00;6.446.515,00;17.526,00;5.273.599,00;20.661,00;8.971.440,00;19.649,00;46.868,00;131,00;395.937,00;1.821,00;26.975.078,00;14.146,00;4.442.702,00;3.788,00;93.149,00;35,00;4.332.198,00;2.016,00;624.385,00;387,00;194.146,00;148,00;286.065,24;944,24;12.084.645,00;4.835,00;336.748,00;413,00;4.422,00;11.727.054,00;4.373,00;5.897.557,00;3.062,00;4.675.591,00;2.957,00;5.773.827,00;3.791,00;3.936.358,00;1.062,00;367.190,00;37,00;1.019.724,00;97,00;69.640,00;1.164,00;479.754,00;648,00;4.772.980,00;1.574,00;531.943,00;1.400,00;5.659.434,00;1.552,00;885.512,00;499,00;451.313,00;325,00;195.724,00;574,00;0,00;0,00;91.535,00;257,00;4.135.723,00;1.731,00;1.725.612,00;1.087,00;201.865,00;667,00;28.073,00;69.444,00;-4.993,00;1.319,00;3.788,00;82.501,90;3.663,00;78.838,90;139.201,16;25.148,42;23.137,57;4.219,32;20.679,35;10.912,75;31.684.456,40;6.234,40;116,39;270,05;1,20;3,10;7,15;11,46;62,08;0,00;0,00;28,34;7.896,93;3.605,01;;37.031,00;77,20;;239.184,00;73,50;;266.504,00;73.425,00;100%;21,37;29%;2.939.772,00;5.298,00;6.656.549,00;327,00;4.787.242,00;512,00;5.631.793,00;1.623,00;0,00;0,00;0,00;0,00;340.359,00;0,00;17.494,00;0,00;0,00;0,00;0,00;0,00;0,00;417.021,30;99.290.259,00;40.751,00;50.436,40;;4.280,00;14.980,00;40.813,00;49.566,00;101.062,80;283.820,05;0,00;0,00;0,00;283.820,05;384.882,85;2.281.743,72;9.310.174,80;1.016.722,52;;372.096,00;;247.435,20;;489.040,00;;28.188,00;;0,00;;;0,00;0,00;;;;;;;;;;;;;;;;;;;;;
06/11/2025;6.790,33;1.503,62;6.788,48;1.504,03;1.365,07;814,18;9.545,45;13.030.207,43;0,00;17.176,67;3.950,65;9.545,45;163.958.996,92;42.400,89;38.958.743,20;15.214.408,01;1,00;38.958.743,20;137.372,74;137.372,74;179.773,63;168.912,00;10.861,63;28.873.750,00;8.780,00;113.509,00;83,00;466.391,00;212,00;14.529.396,00;8.685,00;40.382.352,00;24.244,00;28.315.270,00;15.480,00;251.344,00;146,00;904.015,00;364,00;6.805.378,00;4.872,00;4.552.494,00;21.325,00;2.126.099,00;8.208,00;1.181.418,00;8.910,00;6.472.348,00;25.833,00;5.294.054,00;20.455,00;9.001.022,00;29.582,00;46.996,00;128,00;397.736,00;1.799,00;26.989.606,00;14.528,00;4.447.272,00;4.570,00;93.184,00;35,00;4.334.499,00;2.301,00;624.782,00;397,00;194.357,00;211,00;287.066,70;1.001,46;12.089.212,00;4.567,00;336.953,00;205,00;4.362,00;11.731.162,00;4.108,00;5.900.599,00;3.042,00;4.678.984,00;3.393,00;5.778.068,00;4.241,00;3.937.346,00;988,00;367.225,00;35,00;1.019.821,00;97,00;70.797,00;1.157,00;480.445,00;691,00;4.774.799,00;1.819,00;533.404,00;1.461,00;5.661.143,00;1.709,00;885.865,00;353,00;451.652,00;339,00;196.239,00;515,00;0,00;0,00;91.791,00;256,00;4.137.763,00;2.040,00;1.727.050,00;1.438,00;202.645,00;780,00;29.337,00;92.988,00;-4.186,90;1.177,00;4.570,00;85.225,53;4.226,50;80.999,03;164.962,73;25.761,57;27.903,83;4.766,26;29.841,16;9.161,81;31.691.089,00;6.632,60;131,24;270,86;1,36;2,61;7,33;11,29;70,18;0,00;0,00;32,22;8.421,04;3.866,14;;37.115,90;84,90;;317.824,00;78,64;;347.248,00;80.744,00;103%;24,35;31%;2.945.329,00;5.557,00;6.657.063,00;514,00;4.787.509,00;267,00;5.634.845,00;3.052,00;0,00;0,00;0,00;0,00;340.359,00;0,00;17.494,00;0,00;0,00;0,00;0,00;0,00;0,00;417.021,30;99.329.136,00;38.877,00;50.483,10;;4.280,00;15.054,00;40.825,00;49.566,00;105.613,20;291.596,50;0,00;0,00;0,00;291.596,50;397.209,70;2.386.362,20;11.696.537,00;992.555,60;;341.222,40;;206.443,20;;657.480,00;;156.450,00;;14.300,00;;;0,00;0,00;;;;;;;;;;;;;;;;;;;;;
07/11/2025;6.794,02;1.503,62;6.792,16;1.504,03;1.365,08;814,48;9.545,45;13.030.302,89;95,45;17.180,34;3.950,65;9.545,45;163.994.076,45;35.079,53;39.090.684,00;15.273.305,00;1,00;39.090.684,00;131.940,80;131.845,35;166.924,87;161.768,00;5.156,87;28.881.658,00;7.908,00;113.587,00;78,00;466.619,00;228,00;14.536.837,00;7.441,00;40.406.696,00;24.344,00;28.328.608,00;13.338,00;251.492,00;148,00;904.387,00;372,00;6.808.567,00;3.189,00;4.573.113,00;20.619,00;2.134.143,00;8.044,00;1.190.261,00;8.843,00;6.502.548,00;30.200,00;5.306.369,00;12.315,00;9.034.415,00;33.393,00;47.136,00;140,00;399.470,00;1.734,00;27.001.816,00;12.210,00;4.452.023,00;4.751,00;93.222,00;38,00;4.336.607,00;2.108,00;625.258,00;476,00;194.471,00;114,00;288.034,00;967,30;12.092.333,00;3.121,00;337.380,00;427,00;2.694,00;11.733.632,00;2.470,00;5.903.156,00;2.557,00;4.681.894,00;2.910,00;5.780.803,00;2.735,00;3.938.286,00;940,00;367.268,00;43,00;1.020.224,00;403,00;71.917,00;1.120,00;481.182,00;737,00;4.776.413,00;1.614,00;534.876,00;1.472,00;5.662.550,00;1.407,00;886.226,00;361,00;451.894,00;242,00;196.781,00;542,00;0,00;0,00;92.038,00;247,00;4.139.620,00;1.857,00;1.728.326,00;1.276,00;203.481,00;836,00;20.330,00;92.795,00;-5.397,10;1.389,00;4.751,00;73.386,97;3.994,00;69.392,97;187.301,78;22.339,05;32.012,41;4.108,58;35.653,82;5.812,66;31.696.723,20;5.634,20;123,21;193,06;1,17;1,65;6,35;9,18;57,54;0,00;0,00;25,99;7.018,11;3.169,98;;37.182,10;66,20;;375.648,00;57,82;;411.700,00;64.452,00;111%;15,29;26%;2.950.583,00;5.254,00;6.658.735,00;1.672,00;4.788.590,00;1.081,00;5.637.091,00;2.246,00;0,00;0,00;0,00;0,00;340.359,00;0,00;17.494,00;0,00;0,00;0,00;0,00;0,00;0,00;417.021,30;99.368.137,00;39.001,00;50.526,30;;4.280,00;15.154,00;40.837,00;49.566,00;73.188,00;249.814,71;0,00;0,00;0,00;249.814,71;323.002,71;1.299.636,53;12.996.173,53;499.499,00;;188.189,92;;135.919,80;;412.704,00;;188.661,00;;0,00;;;0,00;15.043,01;;;;;;;;;;;;;;;;;;;;;
08/11/2025;6.799,39;1.503,62;6.798,53;1.504,03;1.365,08;814,71;9.545,45;13.030.302,89;0,00;17.185,70;3.950,65;9.545,45;164.045.278,25;51.201,79;39.225.485,00;15.340.933,00;1,00;39.225.485,00;134.801,00;134.801,00;186.002,79;175.647,00;10.355,79;28.891.638,00;9.980,00;113.665,00;78,00;466.809,00;190,00;14.544.924,00;8.087,00;40.431.052,00;24.356,00;28.341.026,00;12.418,00;251.559,00;67,00;904.765,00;378,00;6.809.984,00;1.417,00;4.593.353,00;20.240,00;2.142.325,00;8.182,00;1.199.098,00;8.837,00;6.533.443,00;30.895,00;5.326.516,00;20.147,00;9.069.545,00;35.130,00;47.277,00;141,00;400.947,00;1.477,00;27.016.210,00;14.394,00;4.456.745,00;4.722,00;93.257,00;35,00;4.338.760,00;2.153,00;625.767,00;509,00;194.528,00;57,00;288.991,00;957,00;12.096.953,00;4.620,00;337.807,00;427,00;4.193,00;11.737.744,00;4.112,00;5.906.228,00;3.072,00;4.685.305,00;3.411,00;5.781.960,00;1.157,00;3.939.418,00;1.132,00;367.322,00;54,00;1.020.763,00;539,00;73.248,00;1.331,00;481.872,00;690,00;4.777.871,00;1.458,00;536.327,00;1.451,00;5.663.979,00;1.429,00;886.667,00;441,00;452.018,00;124,00;197.223,00;442,00;0,00;0,00;92.281,00;243,00;4.141.197,00;1.577,00;1.729.364,00;1.038,00;204.176,00;695,00;27.489,00;103.191,00;-4.794,70;1.371,00;4.722,00;81.513,49;3.591,50;77.921,99;217.959,72;30.657,94;36.922,07;4.909,66;40.687,84;5.034,02;31.704.572,60;7.849,40;129,01;212,17;1,40;1,43;8,72;11,55;64,08;0,00;0,00;30,00;7.903,75;3.700,26;;37.237,70;55,60;;420.736,00;45,09;;464.992,00;53.292,00;118%;9,29;21%;2.955.835,00;5.252,00;6.659.477,00;742,00;4.789.724,00;1.134,00;5.637.998,00;907,00;0,00;0,00;0,00;0,00;340.359,00;0,00;17.495,00;1,00;0,00;0,00;0,00;0,00;0,00;417.021,30;99.406.468,00;38.331,00;50.570,70;;4.280,00;15.227,00;40.851,00;49.566,00;98.960,40;280.519,18;0,00;0,00;0,00;280.519,18;379.479,58;2.020.082,37;15.016.255,90;974.026,84;;260.436,00;;197.017,32;;511.500,00;;48.280,80;;39.923,50;;;0,00;35.234,21;;;;;;;;;;;;;;;;;;;;;
09/11/2025;6.805,01;1.503,62;6.803,15;1.504,03;1.365,08;814,94;9.545,45;13.030.302,89;0,00;17.191,33;3.950,65;9.545,45;164.098.933,22;53.654,97;39.364.329,00;15.409.889,57;1,00;39.364.329,00;138.844,00;138.844,00;192.498,97;177.728,00;14.770,97;28.901.150,00;9.512,00;113.736,00;71,00;466.973,00;164,00;14.552.934,00;8.010,00;40.455.464,00;24.412,00;28.351.472,00;10.446,00;251.619,00;60,00;905.119,00;354,00;6.810.225,00;241,00;4.613.835,00;20.482,00;2.150.506,00;8.181,00;1.207.985,00;8.887,00;6.564.198,00;30.755,00;5.350.100,00;23.584,00;9.105.260,00;35.715,00;47.410,00;133,00;402.496,00;1.549,00;27.031.022,00;14.812,00;4.461.207,00;4.462,00;93.293,00;36,00;4.340.718,00;1.958,00;626.054,00;287,00;194.673,00;145,00;289.925,42;934,42;12.102.065,00;5.112,00;338.227,00;420,00;4.692,00;11.742.093,00;4.349,00;5.909.487,00;3.259,00;4.688.885,00;3.580,00;5.782.102,00;142,00;3.940.373,00;955,00;367.358,00;36,00;1.020.873,00;110,00;74.476,00;1.228,00;482.619,00;747,00;4.779.055,00;1.184,00;537.857,00;1.530,00;5.665.466,00;1.487,00;887.033,00;366,00;452.041,00;23,00;197.732,00;509,00;0,00;0,00;92.514,00;233,00;4.142.840,00;1.643,00;1.730.486,00;1.122,00;204.913,00;737,00;30.530,00;107.122,00;-4.854,50;1.206,00;4.462,00;84.563,47;3.592,00;80.971,47;247.500,50;29.540,78;42.221,33;5.299,26;40.687,84;0,00;31.711.920,20;7.347,60;132,81;0,85;1,51;0,00;8,40;9,91;64,18;0,00;0,00;28,96;7.698,18;3.473,66;;37.276,50;38,80;;448.766,00;28,03;;507.416,00;42.424,00;151%;3,79;14%;2.961.675,00;5.840,00;6.659.760,00;283,00;4.790.010,00;286,00;5.639.220,00;1.222,00;0,00;0,00;0,00;0,00;340.359,00;0,00;17.495,00;0,00;0,00;0,00;0,00;0,00;0,00;417.021,30;99.445.955,00;39.487,00;50.615,20;;4.280,00;15.296,00;40.862,40;49.566,00;109.908,00;291.497,31;0,00;0,00;0,00;291.497,31;401.405,31;2.518.425,42;17.534.681,32;1.161.801,42;;379.008,00;;263.808,00;;713.808,00;;41.868,00;;0,00;;;0,00;0,00;;;;;;;;;;;;;;;;;;;;;
10/11/2025;6.809,50;1.503,62;6.807,64;1.504,03;1.365,08;815,23;9.545,45;13.030.302,89;0,00;17.195,81;3.950,65;9.545,45;164.141.782,75;42.849,53;39.499.369,57;15.473.126,75;1,00;39.499.369,57;135.040,57;135.040,57;177.890,10;169.408,00;8.482,10;28.910.000,00;8.850,00;113.813,00;77,00;467.178,00;205,00;14.560.836,00;7.902,00;40.479.852,00;24.388,00;28.364.356,00;12.884,00;251.683,00;64,00;905.548,00;429,00;6.813.345,00;3.120,00;4.634.523,00;20.688,00;2.158.708,00;8.202,00;1.216.862,00;8.877,00;6.593.480,00;29.282,00;5.367.079,00;16.979,00;9.140.177,00;34.917,00;47.545,00;135,00;404.161,00;1.665,00;27.044.540,00;13.518,00;4.465.826,00;4.619,00;93.328,00;35,00;4.342.834,00;2.116,00;626.457,00;403,00;194.798,00;125,00;290.873,93;948,51;12.106.055,00;3.990,00;338.614,00;387,00;3.603,00;11.745.511,00;3.418,00;5.912.422,00;2.935,00;4.692.364,00;3.479,00;5.784.771,00;2.669,00;3.941.393,00;1.020,00;367.394,00;36,00;1.021.000,00;127,00;75.444,00;968,00;483.292,00;673,00;4.780.121,00;1.066,00;539.418,00;1.561,00;5.666.954,00;1.488,00;887.434,00;401,00;452.279,00;238,00;198.255,00;523,00;0,00;0,00;92.763,00;249,00;4.144.562,00;1.722,00;1.731.618,00;1.132,00;205.686,00;773,00;23.463,00;98.257,00;-5.045,10;1.344,00;4.619,00;78.715,20;3.802,00;74.913,20;273.904,97;26.404,47;47.058,90;4.837,57;43.915,00;3.227,16;31.718.486,49;6.566,29;118,60;117,05;1,38;0,92;7,51;9,80;61,93;0,00;0,00;27,66;7.737,82;3.455,97;;37.335,10;58,60;;498.766,00;50,00;;563.764,00;56.348,00;113%;11,01;22%;2.967.472,00;5.797,00;6.660.413,00;653,00;4.790.505,00;495,00;5.639.637,00;417,00;0,00;0,00;0,00;0,00;340.359,00;0,00;17.495,00;0,00;0,00;0,00;0,00;0,00;0,00;417.021,30;99.484.760,00;38.805,00;50.659,00;;4.280,00;15.370,00;40.876,00;49.566,00;84.466,80;269.687,50;0,00;0,00;0,00;269.687,50;354.154,30;1.781.145,16;19.315.826,48;664.715,15;;217.968,01;;190.830,00;;639.756,00;;0,00;;7.780,00;;;0,00;0,00;;;;;;;;;;;;;;;;;;;;;
11/11/2025;6.815,21;1.503,62;6.813,34;1.504,03;1.365,08;815,50;9.545,45;13.030.302,89;0,00;17.201,52;3.950,65;9.545,45;164.196.210,90;54.428,16;39.634.108,61;15.540.873,16;1,00;39.634.108,61;134.739,04;134.739,04;189.167,20;178.765,00;10.402,20;28.920.610,00;10.610,00;113.892,00;79,00;467.358,00;180,00;14.569.300,00;8.464,00;40.504.232,00;24.380,00;28.378.324,00;13.968,00;251.837,00;154,00;906.203,00;655,00;6.816.458,00;3.113,00;4.654.948,00;20.425,00;2.166.894,00;8.186,00;1.225.699,00;8.837,00;6.624.501,00;31.021,00;5.388.443,00;21.364,00;9.174.200,00;34.023,00;47.677,00;132,00;405.662,00;1.501,00;27.059.050,00;14.510,00;4.470.377,00;4.551,00;93.364,00;36,00;4.344.920,00;2.086,00;626.952,00;495,00;194.906,00;108,00;291.856,00;982,07;12.110.833,00;4.778,00;338.910,00;296,00;4.482,00;11.749.460,00;3.949,00;5.915.919,00;3.497,00;4.695.810,00;3.446,00;5.787.471,00;2.700,00;3.942.359,00;966,00;367.448,00;54,00;1.021.563,00;563,00;76.759,00;1.315,00;483.965,00;673,00;4.781.196,00;1.075,00;540.875,00;1.457,00;5.668.444,00;1.490,00;887.835,00;401,00;452.491,00;212,00;198.715,00;460,00;0,00;0,00;93.009,00;246,00;4.146.234,00;1.672,00;1.732.699,00;1.081,00;206.478,00;792,00;30.130,00;103.431,00;-4.558,10;1.554,00;4.551,00;84.189,30;3.753,00;80.436,30;306.564,03;32.659,06;51.793,99;4.735,09;51.519,15;7.604,15;31.727.065,10;8.578,61;115,07;287,83;1,35;2,16;9,29;12,80;68,13;0,00;0,00;34,13;8.208,39;4.112,03;;37.402,10;67,00;;554.312,00;55,55;;625.364,00;61.600,00;111%;4,02;7%;2.973.302,00;5.830,00;6.660.819,00;406,00;4.790.917,00;412,00;5.641.897,00;2.260,00;0,00;0,00;0,00;0,00;340.359,00;0,00;17.495,00;0,00;0,00;0,00;0,00;0,00;0,00;417.021,30;99.523.968,00;39.208,00;50.703,50;;4.280,00;15.441,00;40.890,00;49.566,00;108.468,00;289.570,67;0,00;0,00;0,00;289.570,67;398.038,67;2.310.876,27;21.626.702,75;1.072.199,91;;237.600,00;;254.592,00;;630.897,00;;60.096,00;;0,00;;;0,00;35.441,76;;;;;;;;;;;;;;;;;;;;;
12/11/2025;6.820,30;1.503,62;6.818,44;1.504,04;1.365,08;815,74;9.545,45;13.030.302,89;0,00;17.206,61;3.950,65;9.545,45;164.244.797,24;48.586,34;39.767.299,87;15.605.688,33;1,00;39.767.299,87;133.191,26;133.191,26;181.777,60;172.756,00;9.021,60;28.930.590,00;9.980,00;113.967,00;75,00;467.545,00;187,00;14.577.063,00;7.763,00;40.529.032,00;24.800,00;28.389.614,00;11.290,00;252.008,00;171,00;906.846,00;643,00;6.817.801,00;1.343,00;4.674.978,00;20.030,00;2.175.030,00;8.136,00;1.234.568,00;8.869,00;6.655.725,00;31.224,00;5.408.650,00;20.207,00;9.207.286,00;33.086,00;47.806,00;129,00;407.108,00;1.446,00;27.073.426,00;14.376,00;4.475.006,00;4.629,00;93.400,00;36,00;4.347.042,00;2.122,00;627.447,00;495,00;195.112,00;206,00;292.894,76;1.038,76;12.115.436,00;4.603,00;339.197,00;287,00;4.316,00;11.753.338,00;3.878,00;5.918.852,00;2.933,00;4.699.169,00;3.359,00;5.788.667,00;1.196,00;3.943.306,00;947,00;367.483,00;35,00;1.021.652,00;89,00;77.786,00;1.027,00;484.601,00;636,00;4.782.222,00;1.026,00;542.353,00;1.478,00;5.669.841,00;1.397,00;888.231,00;396,00;452.532,00;41,00;199.153,00;438,00;0,00;0,00;93.266,00;257,00;4.147.625,00;1.391,00;1.733.459,00;760,00;207.327,00;849,00;29.110,00;101.522,00;-4.881,30;1.631,00;4.629,00;78.876,90;3.558,00;75.318,90;336.113,72;29.549,69;56.042,21;4.248,22;52.183,65;664,50;31.734.817,50;7.752,40;104,24;19,82;1,21;0,19;8,40;9,80;60,88;0,00;0,00;27,30;7.479,45;3.353,96;;37.444,30;42,20;;608.395,00;42,20;;666.296,00;40.932,00;97%;-3,56;-8%;2.977.622,00;4.320,00;6.661.164,00;345,00;4.791.222,00;305,00;5.643.388,00;1.491,00;0,00;0,00;0,00;0,00;340.359,00;0,00;17.495,00;0,00;0,00;0,00;0,00;0,00;0,00;417.021,30;99.562.740,00;38.772,00;50.747,90;;4.280,00;15.521,00;41.905,00;49.566,00;104.796,00;271.148,04;0,00;0,00;0,00;271.148,04;375.944,04;1.253.028,27;22.879.731,02;933.111,36;;216.774,00;;232.242,27;;549.456,00;;80.145,60;;0,00;;;0,00;0,00;;;;;;;;;;;;;;;;;;;;;
13/11/2025;6.825,33;1.503,63;6.823,46;1.504,04;1.365,08;815,97;9.545,45;13.030.302,89;0,00;17.211,63;3.950,65;9.545,45;164.292.744,04;47.946,80;39.906.771,47;15.672.066,92;1,00;39.906.771,47;139.471,60;139.471,60;187.418,40;171.879,00;15.539,40;28.941.016,00;10.426,00;114.049,00;82,00;467.751,00;206,00;14.584.902,00;7.839,00;40.553.888,00;24.856,00;28.401.380,00;11.766,00;252.168,00;160,00;907.439,00;593,00;6.819.553,00;1.752,00;4.695.378,00;20.400,00;2.183.255,00;8.225,00;1.243.438,00;8.870,00;6.686.930,00;31.205,00;5.426.159,00;17.509,00;9.241.406,00;34.120,00;47.939,00;133,00;408.620,00;1.512,00;27.087.184,00;13.758,00;4.479.296,00;4.290,00;93.436,00;36,00;4.349.198,00;2.156,00;627.910,00;463,00;195.290,00;178,00;293.894,00;999,24;12.119.785,00;4.349,00;339.629,00;432,00;3.917,00;11.757.133,00;3.795,00;5.921.730,00;2.878,00;4.702.697,00;3.528,00;5.790.045,00;1.378,00;3.944.372,00;1.066,00;367.517,00;34,00;1.021.738,00;86,00;78.814,00;1.028,00;485.280,00;679,00;4.783.093,00;871,00;543.828,00;1.475,00;5.671.352,00;1.511,00;888.638,00;407,00;452.730,00;198,00;199.609,00;456,00;0,00;0,00;93.510,00;244,00;4.149.138,00;1.513,00;1.734.351,00;892,00;208.117,00;790,00;26.392,00;99.929,00;-4.800,00;1.666,00;4.290,00;86.333,40;3.625,00;82.708,40;366.040,47;29.926,75;59.999,38;3.957,17;56.287,63;4.103,98;31.742.983,40;8.165,90;110,76;127,92;1,13;1,17;8,51;10,80;62,88;0,00;0,00;28,43;7.414,49;3.352,32;;37.495,00;50,70;;475.168,00;49,86;;716.732,00;50.436,00;101%;-4,56;-9%;2.980.918,00;3.296,00;6.661.975,00;811,00;4.792.361,00;1.139,00;5.644.251,00;863,00;0,00;0,00;0,00;0,00;340.359,00;0,00;17.495,00;0,00;0,00;0,00;0,00;0,00;0,00;417.021,30;99.601.879,00;39.139,00;50.792,40;;4.280,00;15.587,00;41.920,00;49.566,00;95.011,20;297.750,22;0,00;0,00;0,00;297.750,22;392.761,42;1.859.596,83;24.739.327,85;710.467,47;;298.217,37;;159.894,00;;628.632,00;;18.753,60;;10.870,00;;;0,00;0,00;;;;;;;;;;;;;;;;;;;;;
14/11/2025;6.829,99;1.503,63;6.828,12;1.504,04;1.365,08;816,22;9.545,45;13.030.302,89;0,00;17.216,29;3.950,65;9.545,45;164.337.206,74;44.462,71;40.036.997,13;15.733.502,44;1,00;40.036.997,13;130.225,66;130.225,66;174.688,37;171.371,00;3.317,37;28.951.916,00;10.900,00;114.123,00;74,00;467.934,00;183,00;14.593.023,00;8.121,00;40.578.752,00;24.864,00;28.414.620,00;13.240,00;252.318,00;150,00;908.028,00;589,00;6.822.639,00;3.086,00;4.716.109,00;20.731,00;2.191.453,00;8.198,00;1.252.314,00;8.876,00;6.714.423,00;27.493,00;5.446.204,00;20.045,00;9.272.843,00;31.437,00;48.069,00;130,00;410.244,00;1.624,00;27.101.724,00;14.540,00;4.483.801,00;4.505,00;93.471,00;35,00;4.351.450,00;2.252,00;628.430,00;520,00;195.447,00;157,00;294.898,46;1.004,46;12.124.548,00;4.763,00;339.932,00;303,00;4.460,00;11.761.418,00;4.285,00;5.924.590,00;2.860,00;4.706.037,00;3.340,00;5.792.559,00;2.514,00;3.945.448,00;1.076,00;367.551,00;34,00;1.021.825,00;87,00;80.102,00;1.288,00;485.938,00;658,00;4.784.027,00;934,00;544.716,00;888,00;5.672.909,00;1.557,00;889.043,00;405,00;453.055,00;325,00;200.093,00;484,00;0,00;0,00;93.782,00;272,00;4.150.867,00;1.729,00;1.735.470,00;1.119,00;208.842,00;725,00;26.932,00;96.049,00;-4.568,90;1.569,00;4.505,00;77.134,27;3.852,00;73.282,27;401.957,75;35.917,28;63.707,34;3.707,96;63.032,50;6.744,87;31.752.263,80;9.280,40;219,18;168,67;1,05;1,92;10,22;13,19;64,08;0,00;0,00;29,66;7.833,43;3.625,77;;37.553,90;58,90;;502.944,00;31,90;;764.837,00;48.105,00;151%;-4,95;-16%;2.981.631,00;713,00;6.662.156,00;181,00;4.792.409,00;48,00;5.647.134,00;2.883,00;0,00;0,00;0,00;0,00;340.359,00;0,00;17.495,00;0,00;0,00;0,00;0,00;0,00;0,00;417.021,30;99.641.390,00;39.511,00;50.835,50;;4.280,00;15.615,00;40.924,00;49.566,00;96.955,20;263.816,16;0,00;0,00;0,00;263.816,16;360.771,36;2.355.733,77;27.095.061,62;1.136.874,77;;369.792,00;;157.422,00;;630.396,00;;51.516,00;;18.570,00;;;0,00;0,00;;;;;;;;;;;;;;;;;;;;;
15/11/2025;6.832,13;1.503,63;6.830,26;1.504,04;1.365,09;816,59;9.545,45;13.030.398,34;95,45;17.218,42;3.950,65;9.545,45;164.357.538,55;20.331,81;40.171.611,24;75.786.112,83;1,00;40.171.611,24;134.614,11;134.518,66;154.850,46;145.972,00;8.878,46;28.961.404,00;9.488,00;114.194,00;71,00;468.087,00;153,00;14.600.631,00;7.608,00;40.603.628,00;24.876,00;28.424.338,00;9.718,00;252.467,00;149,00;908.612,00;584,00;6.823.199,00;560,00;4.734.526,00;18.417,00;2.199.725,00;8.272,00;1.258.792,00;6.478,00;6.732.750,00;18.327,00;5.466.402,00;20.198,00;9.296.011,00;23.168,00;48.193,00;124,00;411.999,00;1.755,00;27.115.896,00;14.172,00;4.488.418,00;4.617,00;93.512,00;41,00;4.353.521,00;2.071,00;628.819,00;389,00;195.628,00;181,00;295.878,32;979,86;12.129.367,00;4.819,00;340.339,00;407,00;4.412,00;11.765.772,00;4.354,00;5.926.639,00;2.049,00;4.708.413,00;2.376,00;5.793.035,00;476,00;3.946.529,00;1.081,00;367.585,00;34,00;1.021.909,00;84,00;81.262,00;1.160,00;486.482,00;544,00;4.785.289,00;1.262,00;546.211,00;1.495,00;5.674.295,00;1.386,00;889.415,00;372,00;453.066,00;11,00;200.683,00;590,00;0,00;0,00;94.061,00;279,00;4.152.569,00;1.702,00;1.736.624,00;1.154,00;209.563,00;721,00;23.375,00;76.443,00;-5.107,60;1.561,00;4.617,00;77.337,06;3.737,50;73.599,56;430.906,88;28.949,13;69.465,77;5.758,43;63.032,50;0,00;31.759.597,60;7.333,80;152,35;0,86;1,64;0,00;8,23;9,87;59,74;0,00;0,00;26,44;7.396,11;3.273,40;;37.591,60;37,70;;525.344,00;22,40;;803.284,00;38.447,00;172%;10,64;48%;2.986.667,00;5.036,00;6.662.904,00;748,00;4.792.820,00;411,00;5.649.542,00;2.408,00;0,00;0,00;0,00;0,00;340.359,00;0,00;17.495,00;0,00;0,00;0,00;0,00;0,00;0,00;417.021,30;99.680.625,00;39.235,00;50.871,10;;4.280,00;15.618,00;40.936,00;49.566,00;84.150,00;264.958,43;0,00;0,00;0,00;264.958,43;349.108,43;1.864.937,14;28.959.998,76;984.305,22;;391.680,00;;98.919,00;;363.870,00;;123.585,00;;26.163,50;;;0,00;0,00;;;;;;;;;;;;;;;;;;;;;
16/11/2025;6.833,43;1.503,63;6.831,56;1.504,04;1.365,19;816,97;9.545,45;13.031.352,89;954,54;17.219,64;3.950,65;9.545,45;164.369.231,73;11.693,18;40.300.424,74;15.833.804,56;1,00;40.300.424,74;128.813,50;127.858,96;139.552,13;133.065,00;6.487,13;28.969.984,00;8.580,00;114.264,00;70,00;468.212,00;125,00;14.607.013,00;6.382,00;40.628.292,00;24.664,00;28.434.672,00;10.334,00;252.612,00;145,00;909.184,00;572,00;6.823.450,00;251,00;4.746.555,00;12.029,00;2.207.961,00;8.236,00;1.258.937,00;145,00;6.750.840,00;18.090,00;5.483.267,00;16.865,00;9.320.920,00;24.909,00;48.324,00;131,00;413.383,00;1.384,00;27.127.108,00;11.212,00;4.492.927,00;4.509,00;93.547,00;35,00;4.355.002,00;1.481,00;628.829,00;10,00;195.640,00;12,00;296.827,45;949,13;12.131.963,00;2.596,00;340.341,00;2,00;2.594,00;11.768.025,00;2.253,00;5.929.822,00;3.183,00;4.712.181,00;3.768,00;5.793.203,00;168,00;3.947.554,00;1.025,00;367.619,00;34,00;1.021.984,00;75,00;81.907,00;645,00;487.176,00;694,00;4.786.423,00;1.134,00;547.355,00;1.144,00;5.675.532,00;1.237,00;889.752,00;337,00;453.078,00;12,00;201.137,00;454,00;0,00;0,00;94.337,00;276,00;4.154.339,00;1.770,00;1.737.867,00;1.243,00;210.213,00;650,00;24.885,00;68.245,00;-6.578,30;596,00;4.509,00;72.780,43;3.436,50;69.343,93;457.582,30;26.675,42;75.070,69;5.604,92;63.032,50;0,00;31.766.373,00;6.775,40;135,85;0,83;1,59;0,00;7,59;9,18;49,88;0,00;0,00;22,65;6.129,71;2.783,44;;37.624,30;32,70;;534.512,00;32,70;;839.436,00;36.152,00;111%;-11,69;-36%;2.992.089,00;5.422,00;6.662.904,00;0,00;4.792.820,00;0,00;5.648.468,00;0,00;0,00;0,00;0,00;0,00;340.359,00;0,00;17.495,00;0,00;0,00;0,00;0,00;0,00;0,00;417.021,30;99.720.130,00;39.505,00;50.907,70;;4.280,00;15.827,00;40.949,00;49.566,00;89.586,00;249.638,15;0,00;0,00;0,00;249.638,15;339.224,15;1.758.480,92;30.718.479,68;591.997,62;;178.123,20;;207.970,10;;780.390,00;;0,00;;0,00;;;0,00;0,00;;;;;;;;;;;;;;;;;;;;;
17/11/2025;6.633,64;1.503,63;6.831,77;1.504,04;1.365,36;817,39;9.545,45;13.032.975,61;1.622,73;17.219,75;3.950,65;9.545,45;164.370.234,00;1.002,27;40.429.863,44;15.877.233,31;1,00;40.429.863,44;129.438,70;127.815,97;128.818,25;120.973,00;7.845,25;28.976.364,00;6.380,00;114.347,00;83,00;468.400,00;188,00;14.613.567,00;6.554,00;40.652.876,00;24.584,00;28.442.870,00;8.198,00;252.758,00;146,00;909.754,00;570,00;6.823.692,00;242,00;4.758.102,00;11.547,00;2.216.189,00;8.228,00;1.259.082,00;145,00;6.767.813,00;16.973,00;5.496.150,00;12.883,00;9.344.012,00;23.092,00;48.450,00;126,00;414.191,00;808,00;27.137.870,00;10.762,00;4.497.489,00;4.562,00;93.583,00;36,00;4.356.773,00;1.771,00;629.024,00;195,00;195.667,00;27,00;297.802,32;974,87;12.134.687,00;2.724,00;340.525,00;184,00;2.540,00;11.770.625,00;2.600,00;5.932.428,00;2.606,00;4.714.200,00;2.019,00;5.793.360,00;157,00;3.948.549,00;995,00;367.653,00;34,00;1.022.097,00;113,00;82.746,00;839,00;487.723,00;547,00;4.787.282,00;859,00;548.714,00;1.359,00;5.676.845,00;1.313,00;890.095,00;343,00;453.088,00;10,00;201.311,00;174,00;0,00;0,00;94.614,00;277,00;4.156.135,00;1.796,00;1.739.157,00;1.290,00;210.676,00;463,00;18.536,00;61.321,00;-6.523,80;976,00;4.562,00;68.483,05;3.421,50;65.061,55;475.007,84;17.425,54;77.272,73;2.202,04;63.155,38;122,88;31.770.698,80;4.325,80;56,45;12,41;0,63;0,03;4,96;5,62;49,39;0,00;0,00;22,27;6.441,40;2.904,43;;37.661,80;37,50;;548.048,00;37,50;;878.472,00;39.036,00;104%;-3,46;-9%;2.994.149,00;2.060,00;6.664.611,00;1.707,00;4.795.022,00;2.202,00;5.650.665,00;2.197,00;0,00;0,00;0,00;0,00;340.359,00;0,00;17.495,00;0,00;0,00;0,00;0,00;0,00;0,00;417.021,30;99.755.447,00;35.317,00;50.941,20;;4.280,00;15.899,00;40.960,00;49.566,00;66.729,60;234.221,56;0,00;0,00;0,00;234.221,56;300.951,16;1.059.607,14;31.778.086,82;451.896,78;;122.907,00;;180.306,36;;311.904,00;;0,00;;0,00;;;0,00;0,00;;;;;;;;;;;;;;;;;;;;;
18/11/2025;6.836,11;1.503,63;6.834,24;1.504,04;1.365,37;817,80;9.545,45;13.033.071,07;95,45;17.222,21;3.950,65;9.545,45;164.393.715,81;23.481,81;40.564.732,89;15.931.847,21;1,00;40.564.732,89;134.869,45;134.774,00;158.255,80;148.642,00;9.613,80;28.985.694,00;9.330,00;114.430,00;83,00;468.579,00;179,00;14.621.936,00;8.369,00;40.677.900,00;25.024,00;28.456.232,00;13.362,00;252.910,00;152,00;910.355,00;601,00;6.826.494,00;2.802,00;4.771.296,00;13.194,00;2.224.375,00;8.186,00;1.259.832,00;750,00;6.787.861,00;20.048,00;5.516.500,00;20.350,00;9.368.481,00;24.469,00;48.583,00;133,00;416.007,00;1.816,00;27.152.366,00;14.496,00;4.501.997,00;4.508,00;93.619,00;36,00;4.358.819,00;2.046,00;629.569,00;545,00;195.703,00;36,00;298.860,63;1.058,31;12.139.477,00;4.790,00;340.952,00;427,00;4.363,00;11.774.372,00;3.747,00;5.935.639,00;3.211,00;4.717.581,00;3.381,00;5.795.702,00;2.342,00;3.949.614,00;1.065,00;367.710,00;57,00;1.022.680,00;583,00;83.887,00;1.141,00;488.335,00;612,00;4.788.345,00;1.063,00;549.666,00;952,00;5.678.513,00;1.668,00;890.493,00;398,00;453.335,00;247,00;201.957,00;646,00;0,00;0,00;94.907,00;293,00;4.157.761,00;1.626,00;1.740.192,00;1.035,00;211.352,00;676,00;28.306,00;73.803,00;-4.329,90;1.609,00;4.508,00;82.665,70;3.618,00;79.047,70;505.107,00;30.099,16;81.042,04;3.769,31;68.604,51;5.449,13;31.778.361,50;7.662,70;96,05;143,50;1,07;1,55;8,56;11,18;66,08;0,00;0,00;30,70;8.095,27;3.760,97;;37.722,90;61,10;;582.752,00;34,10;;930.616,00;52.144,00;153%;9,08;27%;2.998.164,00;4.015,00;6.664.996,00;385,00;4.795.056,00;34,00;5.652.427,00;1.762,00;0,00;0,00;0,00;0,00;340.359,00;0,00;17.496,00;1,00;0,00;0,00;0,00;0,00;0,00;417.021,30;99.795.438,00;39.991,00;50.977,40;;4.280,00;15.975,00;40.974,00;49.566,00;101.901,60;284.571,73;0,00;0,00;0,00;284.571,73;386.473,33;2.070.420,97;33.848.507,79;998.329,67;;219.966,00;;251.136,00;;472.692,00;;0,00;;147.426,45;;;0,00;36.059,90;;;;;;;;;;;;;;;;;;;;;
19/11/2025;6.839,68;1.503,63;6.837,81;1.504,04;1.365,38;818,12;9.545,45;13.033.166,52;95,45;17.225,77;3.950,65;9.545,45;164.427.726,25;34.010,44;40.699.804,47;15.990.849,50;1,00;40.699.804,47;135.071,58;134.976,13;168.986,56;159.500,00;9.486,56;28.993.304,00;7.610,00;114.506,00;76,00;468.757,00;178,00;14.629.105,00;7.169,00;40.702.852,00;24.952,00;28.471.112,00;14.880,00;253.062,00;152,00;910.978,00;623,00;6.831.317,00;4.823,00;4.789.605,00;18.309,00;2.232.584,00;8.209,00;1.266.782,00;6.950,00;6.817.853,00;29.992,00;5.531.330,00;14.830,00;9.397.931,00;29.450,00;48.745,00;162,00;417.341,00;1.334,00;27.164.674,00;12.308,00;4.506.647,00;4.650,00;93.657,00;38,00;4.360.864,00;2.045,00;630.058,00;489,00;195.811,00;108,00;299.953,54;1.092,91;12.142.517,00;3.040,00;341.379,00;427,00;2.613,00;11.776.962,00;2.590,00;5.938.798,00;3.159,00;4.721.081,00;3.500,00;5.799.886,00;4.184,00;3.950.567,00;953,00;367.746,00;36,00;1.022.793,00;113,00;84.801,00;914,00;489.079,00;744,00;4.789.539,00;1.194,00;551.031,00;1.365,00;5.679.921,00;1.408,00;890.829,00;336,00;453.689,00;354,00;202.383,00;426,00;0,00;0,00;95.202,00;295,00;4.159.397,00;1.636,00;1.741.194,00;1.002,00;212.241,00;889,00;24.405,00;89.431,00;-5.680,80;1.647,00;4.650,00;78.939,36;3.842,50;75.096,86;526.441,56;21.334,56;85.442,48;4.400,44;79.190,91;10.586,40;31.783.898,60;5.537,10;106,08;267,14;1,25;3,01;6,07;10,33;56,88;0,00;0,00;27,68;6.896,76;3.356,23;;37.801,80;78,90;;627.552,00;51,90;;995.052,00;64.436,00;124%;15,65;30%;3.002.770,00;4.606,00;6.666.076,00;1.080,00;4.795.182,00;126,00;5.653.404,00;977,00;0,00;0,00;0,00;0,00;340.359,00;0,00;17.496,00;0,00;0,00;0,00;0,00;0,00;0,00;417.021,30;99.834.086,00;38.648,00;51.012,30;;4.280,00;16.041,00;40.990,00;49.566,00;87.858,00;270.348,71;0,00;0,00;0,00;270.348,71;358.206,71;1.733.527,07;35.582.034,86;506.483,92;;252.413,95;;243.331,20;;575.898,00;;71.582,40;;0,00;;;0,00;0,00;;;;;;;;;;;;;;;;;;;;;
20/11/2025;6.845,24;1.503,63;6.843,37;1.504,04;1.365,38;818,38;9.545,45;13.033.166,52;0,00;17.231,33;3.950,65;9.545,45;164.480.798,95;53.072,70;40.834.186,79;16.056.833,25;1,00;40.834.186,79;134.382,32;134.382,32;187.455,02;177.749,00;9.706,02;29.002.058,00;8.754,00;114.589,00;83,00;468.927,00;170,00;14.637.401,00;8.296,00;40.727.780,00;24.928,00;28.486.348,00;15.236,00;253.213,00;151,00;911.574,00;596,00;6.836.341,00;5.024,00;4.810.864,00;21.259,00;2.240.657,00;8.073,00;1.275.756,00;8.974,00;6.849.313,00;31.460,00;5.551.603,00;20.273,00;9.431.276,00;33.345,00;48.907,00;162,00;419.206,00;1.865,00;27.178.872,00;14.198,00;4.509.985,00;3.338,00;93.693,00;36,00;4.363.053,00;2.189,00;630.643,00;585,00;195.918,00;107,00;301.029,87;1.076,33;12.147.283,00;4.766,00;341.783,00;404,00;4.362,00;11.781.219,00;4.257,00;5.941.885,00;3.087,00;4.724.373,00;3.292,00;5.804.287,00;4.401,00;3.951.524,00;957,00;367.782,00;36,00;1.022.904,00;111,00;85.929,00;1.128,00;489.839,00;760,00;4.790.711,00;1.172,00;552.610,00;1.579,00;5.681.659,00;1.738,00;891.167,00;338,00;454.025,00;336,00;203.036,00;653,00;0,00;0,00;95.493,00;291,00;4.161.159,00;1.762,00;1.742.341,00;1.147,00;213.028,00;787,00;27.430,00;102.125,00;-4.658,70;1.692,00;3.338,00;84.958,72;3.934,50;81.024,22;554.439,90;27.998,34;91.001,81;5.559,33;91.174,14;11.983,23;31.790.415,70;6.517,10;117,27;273,94;1,58;3,41;7,96;12,95;66,18;0,00;0,00;30,09;8.137,69;3.699,96;;37.882,70;80,90;;669.136,00;53,90;;1.057.860,00;62.808,00;117%;18,13;34%;3.007.355,00;4.585,00;6.666.228,00;152,00;4.795.655,00;473,00;5.656.121,00;2.717,00;0,00;0,00;0,00;0,00;340.359,00;0,00;17.496,00;0,00;0,00;0,00;0,00;0,00;0,00;417.021,30;99.873.319,00;39.233,00;51.047,80;;4.280,00;16.110,00;40.999,00;49.566,00;98.748,00;291.687,20;0,00;0,00;0,00;291.687,20;390.435,20;2.336.414,13;37.918.448,99;958.460,73;;345.042,00;;223.694,00;;640.530,00;;155.400,00;;0,00;;;0,00;0,00;;;;;;;;;;;;;;;;;;;;;
21/11/2025;6.850,88;1.503,63;6.849,01;1.504,04;1.365,38;818,67;9.545,45;13.033.166,52;0,00;17.236,98;3.950,65;9.545,45;164.534.692,56;53.893,61;40.968.793,35;16.124.163,82;1,00;40.968.793,35;134.606,56;134.606,56;188.500,17;178.957,00;9.543,17;29.012.158,00;10.100,00;114.672,00;83,00;469.112,00;185,00;14.646.079,00;8.678,00;40.752.672,00;24.892,00;28.502.964,00;16.616,00;253.357,00;144,00;912.150,00;576,00;6.841.757,00;5.416,00;4.832.263,00;21.399,00;2.248.825,00;8.168,00;1.284.879,00;9.123,00;6.879.097,00;29.784,00;5.571.890,00;20.287,00;9.464.211,00;32.935,00;49.060,00;153,00;420.677,00;1.471,00;27.193.138,00;14.266,00;4.514.178,00;4.193,00;93.729,00;36,00;4.365.128,00;2.075,00;631.083,00;440,00;196.103,00;185,00;302.117,36;1.087,49;12.152.214,00;4.931,00;342.203,00;420,00;4.511,00;11.785.582,00;4.363,00;5.944.771,00;2.886,00;4.727.858,00;3.485,00;5.809.018,00;4.731,00;3.952.756,00;1.232,00;367.812,00;30,00;1.023.013,00;109,00;87.250,00;1.321,00;490.543,00;704,00;4.792.427,00;1.716,00;554.034,00;1.424,00;5.683.483,00;1.824,00;891.534,00;367,00;454.398,00;373,00;203.473,00;437,00;0,00;0,00;95.788,00;295,00;4.163.052,00;1.893,00;1.743.645,00;1.304,00;213.839,00;811,00;26.692,00;100.297,00;-4.406,40;1.621,00;4.193,00;86.795,57;4.036,50;82.759,07;582.760,90;28.321,00;96.212,96;5.211,15;101.319,67;10.145,53;31.798.391,70;7.976,00;150,96;294,45;1,48;2,89;8,05;12,42;70,18;0,00;0,00;32,33;8.445,01;3.890,38;;37.976,40;93,70;;737.024,00;66,70;;1.125.470,00;67.610,00;101%;22,11;33%;3.012.341,00;4.986,00;6.666.808,00;580,00;4.795.732,00;77,00;5.658.251,00;2.130,00;0,00;0,00;0,00;0,00;340.359,00;0,00;17.496,00;0,00;0,00;0,00;0,00;0,00;0,00;417.021,30;99.912.777,00;39.458,00;51.083,70;;4.280,00;16.195,00;41.014,00;49.566,00;96.091,20;297.932,65;0,00;0,00;0,00;297.932,65;394.023,85;2.662.477,27;40.580.926,26;1.131.010,12;;366.336,00;;181.262,40;;695.004,00;;168.687,00;;444.254,40;;;0,00;0,00;;;;;;;;;;;;;;;;;;;;;
22/11/2025;6.854,85;1.503,63;6.852,98;1.504,04;1.365,38;819,00;9.545,45;13.033.166,52;0,00;17.240,93;3.950,65;9.545,45;164.572.454,36;37.761,80;41.102.145,37;16.183.602,06;1,00;41.102.145,37;133.352,02;133.352,02;171.113,82;161.470,00;9.643,82;29.021.434,00;9.276,00;114.740,00;68,00;469.269,00;157,00;14.654.199,00;8.120,00;40.777.588,00;24.916,00;28.517.318,00;14.354,00;253.508,00;151,00;912.725,00;575,00;6.845.189,00;3.432,00;4.853.392,00;21.129,00;2.257.130,00;8.305,00;1.294.024,00;9.145,00;6.901.087,00;21.990,00;5.591.453,00;19.563,00;9.492.205,00;27.994,00;49.207,00;147,00;422.308,00;1.631,00;27.207.266,00;14.128,00;4.518.759,00;4.581,00;93.765,00;36,00;4.367.056,00;1.928,00;631.491,00;408,00;196.267,00;164,00;303.088,16;970,80;12.156.881,00;4.667,00;342.581,00;378,00;4.289,00;11.789.802,00;4.220,00;5.947.715,00;2.944,00;4.731.367,00;3.509,00;5.812.177,00;3.159,00;3.953.854,00;1.098,00;367.847,00;35,00;1.023.107,00;94,00;88.375,00;1.125,00;491.295,00;752,00;4.794.111,00;1.684,00;555.592,00;1.558,00;5.685.274,00;1.791,00;891.869,00;335,00;454.519,00;121,00;203.960,00;487,00;0,00;0,00;96.071,00;283,00;4.164.606,00;1.554,00;1.744.654,00;1.009,00;214.710,00;871,00;21.996,00;86.997,00;-4.992,70;1.525,00;4.581,00;83.003,52;3.672,00;79.331,52;610.159,70;27.398,80;102.551,17;6.338,21;102.431,50;1.111,83;31.805.437,00;7.045,30;177,52;77,11;1,80;0,32;7,79;9,91;62,98;0,00;0,00;29,22;7.776,39;3.607,91;;38.028,70;52,30;;758.224,00;25,30;;1.171.990,00;46.520,00;184%;10,15;40%;3.016.871,00;4.530,00;6.667.181,00;373,00;4.795.742,00;10,00;5.660.120,00;1.869,00;0,00;0,00;0,00;0,00;340.359,00;0,00;17.497,00;1,00;0,00;0,00;0,00;0,00;0,00;417.021,30;99.951.361,00;38.584,00;51.119,50;;4.280,00;16.267,00;41.028,00;49.566,00;79.185,60;285.593,47;0,00;0,00;0,00;285.593,47;364.779,07;2.288.983,45;42.869.909,71;902.295,69;;338.270,40;;163.320,36;;735.520,00;;219.450,00;;0,00;;;0,00;0,00;;;;;;;;;;;;;;;;;;;;;
23/11/2025;6.858,75;1.503,63;6.856,87;1.504,04;1.365,38;819,34;9.545,45;13.033.166,52;0,00;17.244,82;3.950,65;9.545,45;164.609.605,25;37.150,89;41.237.862,72;16.243.778,44;1,00;41.237.862,72;135.717,35;135.717,35;172.868,24;160.569,00;12.299,24;29.031.546,00;10.112,00;114.811,00;71,00;469.401,00;132,00;14.662.463,00;8.264,00;40.802.480,00;24.892,00;28.530.832,00;13.514,00;253.659,00;151,00;913.296,00;571,00;6.847.656,00;2.467,00;4.874.362,00;20.970,00;2.265.376,00;8.246,00;1.303.146,00;9.122,00;6.923.548,00;22.461,00;5.611.983,00;20.530,00;9.516.783,00;24.578,00;49.335,00;128,00;424.069,00;1.761,00;27.222.514,00;15.248,00;4.523.281,00;4.522,00;93.802,00;37,00;4.369.124,00;2.068,00;632.137,00;646,00;196.300,00;33,00;304.068,75;980,59;12.161.732,00;4.851,00;342.842,00;261,00;4.590,00;11.793.803,00;4.001,00;5.950.782,00;3.067,00;4.734.636,00;3.269,00;5.814.445,00;2.268,00;3.954.929,00;1.075,00;367.901,00;54,00;1.023.649,00;542,00;89.715,00;1.340,00;492.035,00;740,00;4.795.673,00;1.562,00;557.123,00;1.531,00;5.687.074,00;1.800,00;892.257,00;388,00;454.599,00;80,00;204.566,00;606,00;0,00;0,00;96.353,00;282,00;4.165.966,00;1.360,00;1.745.472,00;818,00;215.433,00;723,00;28.417,00;84.937,00;-4.921,10;1.511,00;4.522,00;86.819,34;3.399,00;83.420,34;640.920,20;30.760,50;107.140,98;4.589,81;104.036,58;1.605,08;31.813.192,10;7.755,10;126,23;182,67;1,31;0,46;8,75;10,51;65,98;0,00;0,00;31,49;7.805,92;3.725,50;;38.077,10;48,40;;777.520,00;21,40;;1.218.110,00;46.120,00;216%;10,18;48%;3.021.956,00;5.085,00;6.667.853,00;672,00;4.796.808,00;1.066,00;5.662.104,00;1.984,00;0,00;0,00;0,00;0,00;340.359,00;0,00;17.497,00;0,00;0,00;0,00;0,00;0,00;0,00;417.021,30;99.990.240,00;38.879,00;51.155,80;;4.280,00;16.329,00;41.039,50;49.566,00;102.301,20;300.313,23;0,00;0,00;0,00;300.313,23;402.614,43;2.222.732,02;45.092.641,73;1.034.272,40;;232.051,20;;221.140,00;;611.962,00;;149.577,00;;14.495,00;;;0,00;34.977,02;;;;;;;;;;;;;;;;;;;;;
24/11/2025;6.863,82;1.503,63;6.861,94;1.504,04;1.365,38;819,65;9.545,45;13.033.166,52;0,00;17.249,89;3.950,65;9.545,45;164.657.952,96;48.347,70;41.371.204,11;16.308.935,00;1,00;41.371.204,11;133.341,39;133.341,39;181.689,09;172.387,00;9.302,09;29.042.000,00;10.454,00;114.887,00;76,00;469.584,00;183,00;14.670.907,00;8.444,00;40.827.444,00;24.964,00;28.546.100,00;15.268,00;253.804,00;145,00;913.833,00;537,00;6.852.452,00;4.796,00;4.895.092,00;20.730,00;2.273.518,00;8.142,00;1.312.225,00;9.079,00;6.953.663,00;30.115,00;5.633.798,00;21.815,00;9.542.744,00;25.961,00;49.488,00;153,00;425.545,00;1.476,00;27.237.150,00;14.636,00;4.527.288,00;4.007,00;93.841,00;39,00;4.371.358,00;2.234,00;632.843,00;706,00;196.444,00;144,00;305.117,26;1.048,51;12.166.832,00;5.100,00;343.078,00;236,00;4.864,00;11.797.795,00;3.992,00;5.953.994,00;3.212,00;4.738.077,00;3.441,00;5.818.685,00;4.240,00;3.955.923,00;994,00;367.936,00;35,00;1.023.764,00;115,00;90.931,00;1.216,00;492.687,00;652,00;4.797.228,00;1.555,00;558.623,00;1.500,00;5.688.833,00;1.759,00;892.610,00;353,00;454.891,00;292,00;205.049,00;483,00;0,00;0,00;96.646,00;293,00;4.167.471,00;1.505,00;1.746.382,00;910,00;216.287,00;854,00;31.191,00;95.112,00;-4.745,10;1.623,00;4.007,00;85.692,19;3.769,00;81.923,19;672.353,90;31.433,70;112.093,40;4.952,42;112.961,75;8.925,17;31.821.375,10;8.183,00;142,17;266,48;1,41;2,54;8,94;12,89;68,18;0,00;0,00;30,91;8.146,56;3.693,31;;38.153,10;76,00;;814.928,00;49,00;;1.275.794,00;57.684,00;118%;11,35;23%;3.024.526,00;2.570,00;6.668.073,00;220,00;4.797.009,00;201,00;5.665.263,00;3.159,00;0,00;0,00;0,00;0,00;340.359,00;0,00;17.497,00;0,00;0,00;0,00;0,00;0,00;0,00;417.021,30;30.099,00;30.099,00;51.192,90;;4.280,00;16.399,00;41.053,00;49.566,00;112.287,60;294.923,50;0,00;0,00;0,00;294.923,50;407.211,10;2.335.055,13;47.427.696,86;1.202.751,13;;229.446,00;;275.328,00;;489.384,00;;73.833,60;;4.310,00;;;0,00;0,00;;;;;;;;;;;;;;;;;;;;;
25/11/2025;6.867,54;1.503,63;6.865,66;1.504,04;1.365,38;820,00;9.545,45;13.033.166,52;0,00;17.253,61;3.950,65;9.545,45;164.693.462,03;35.509,07;41.506.214,94;16.369.435,43;1,00;41.506.214,94;135.010,83;135.010,83;170.519,90;161.403,00;9.116,90;29.051.514,00;9.514,00;114.967,00;80,00;469.778,00;194,00;14.679.210,00;8.303,00;40.852.840,00;25.396,00;28.559.970,00;13.870,00;253.953,00;149,00;914.368,00;535,00;6.855.672,00;3.220,00;4.915.461,00;20.369,00;2.281.633,00;8.115,00;1.321.300,00;9.075,00;6.983.329,00;29.666,00;5.649.950,00;16.152,00;9.567.533,00;24.789,00;49.630,00;142,00;426.719,00;1.174,00;27.250.494,00;13.344,00;4.531.556,00;4.268,00;93.877,00;36,00;4.373.529,00;2.171,00;633.491,00;648,00;196.560,00;116,00;306.110,00;992,74;12.170.728,00;3.896,00;343.716,00;638,00;3.258,00;11.801.289,00;3.494,00;5.956.884,00;2.890,00;4.741.605,00;3.528,00;5.821.459,00;2.774,00;3.956.998,00;1.075,00;367.981,00;45,00;1.024.082,00;318,00;91.924,00;993,00;493.291,00;604,00;4.798.776,00;1.548,00;560.075,00;1.452,00;5.690.386,00;1.553,00;893.021,00;411,00;455.127,00;236,00;205.473,00;424,00;0,00;0,00;96.943,00;297,00;4.169.161,00;1.690,00;1.747.441,00;1.059,00;217.198,00;911,00;24.725,00;87.797,00;-4.519,20;1.937,00;4.268,00;81.037,10;3.983,50;77.053,60;699.133,94;26.780,04;117.349,70;5.256,30;119.424,87;6.463,12;31.828.719,50;7.344,40;158,09;211,22;1,49;1,84;7,62;10,95;66,03;0,00;0,00;28,67;8.040,38;3.491,11;;38.218,20;65,10;;845.920,00;38,10;;1.332.740,00;56.946,00;149%;0,00;0%;3.028.306,00;3.780,00;6.668.638,00;565,00;4.797.136,00;127,00;5.667.158,00;1.895,00;0,00;0,00;0,00;0,00;340.359,00;0,00;17.497,00;0,00;0,00;0,00;0,00;0,00;0,00;417.021,30;69.137,00;39.038,00;51.228,60;;4.280,00;16.487,00;41.068,00;49.566,00;89.010,00;277.392,97;0,00;0,00;0,00;277.392,97;366.402,97;1.672.921,03;49.100.617,89;580.864,75;;253.619,93;;151.553,28;;583.428,00;;133.836,00;;20.720,00;;;0,00;14.045,86;;;;;;;;;;;;;;;;;;;;;
26/11/2025;6.887,26;1.503,63;6.870,38;1.504,04;1.365,38;820,32;9.545,45;13.033.166,52;0,00;17.258,33;3.950,65;9.545,45;164.738.487,92;45.025,89;41.639.648,27;16.433.291,80;1,00;41.639.648,27;133.433,33;133.433,33;178.459,22;169.746,00;8.713,22;29.061.892,00;10.378,00;115.044,00;77,00;469.983,00;205,00;14.687.554,00;8.344,00;40.878.276,00;25.436,00;28.574.826,00;14.856,00;254.100,00;147,00;914.910,00;542,00;6.860.180,00;4.508,00;4.935.945,00;20.484,00;2.289.762,00;8.129,00;1.330.350,00;9.050,00;7.013.626,00;30.297,00;5.669.448,00;19.498,00;9.593.194,00;25.661,00;49.797,00;167,00;427.890,00;1.171,00;27.265.286,00;14.792,00;4.536.725,00;5.169,00;93.912,00;35,00;4.375.689,00;2.160,00;634.250,00;759,00;196.605,00;45,00;307.191,87;1.081,87;12.175.520,00;4.792,00;344.306,00;590,00;4.202,00;11.805.513,00;4.224,00;5.959.571,00;2.687,00;4.745.165,00;3.560,00;5.825.353,00;3.894,00;3.957.954,00;956,00;368.017,00;36,00;1.024.185,00;103,00;93.014,00;1.090,00;493.929,00;638,00;4.800.166,00;1.390,00;561.590,00;1.515,00;5.692.109,00;1.723,00;893.371,00;350,00;455.462,00;335,00;205.888,00;415,00;0,00;0,00;97.236,00;293,00;4.170.791,00;1.630,00;1.748.460,00;1.019,00;218.051,00;853,00;26.479,00;92.635,00;-4.523,60;1.936,00;5.169,00;83.242,82;3.856,00;79.386,82;729.416,60;30.282,66;121.016,85;3.667,15;130.275,24;10.850,37;31.836.863,90;8.144,40;112,49;249,67;1,04;3,09;8,61;12,74;66,08;0,00;0,00;30,57;8.074,14;3.735,27;;38.303,60;85,40;;899.536,00;58,40;;1.398.980,00;66.240,00;113%;0,00;0%;3.030.543,00;2.237,00;6.669.284,00;646,00;4.797.739,00;603,00;5.669.452,00;2.294,00;0,00;0,00;0,00;0,00;340.359,00;0,00;17.497,00;0,00;0,00;0,00;0,00;0,00;0,00;417.021,30;108.575,00;39.438,00;51.265,20;;4.280,00;16.553,00;41.079,00;49.566,00;95.324,40;285.792,54;0,00;0,00;0,00;285.792,54;381.116,94;2.029.499,19;51.130.117,08;893.736,62;;332.928,00;;154.815,00;;700.272,00;;68.689,21;;0,00;;;0,00;0,00;;;;;;;;;;;;;;;;;;;;;
27/11/2025;6.876,17;1.503,63;6.874,29;1.504,04;1.365,38;820,66;9.545,45;13.033.166,52;0,00;17.262,24;3.950,65;9.545,45;164.775.810,63;37.322,71;41.776.012,29;16.494.003,43;1,00;41.776.012,29;136.364,02;136.364,02;173.686,73;161.760,00;11.926,73;29.070.650,00;8.758,00;115.118,00;74,00;470.171,00;188,00;14.695.100,00;7.546,00;40.903.360,00;25.084,00;28.588.040,00;13.214,00;254.251,00;151,00;915.440,00;530,00;6.864.491,00;4.311,00;4.956.413,00;20.468,00;2.297.863,00;8.101,00;1.339.397,00;9.047,00;7.043.736,00;30.110,00;5.688.019,00;18.571,00;9.616.617,00;23.423,00;49.925,00;128,00;429.061,00;1.171,00;27.279.872,00;14.586,00;4.541.616,00;4.891,00;93.953,00;41,00;4.378.003,00;2.314,00;635.012,00;762,00;196.718,00;113,00;308.294,19;1.102,32;12.180.658,00;5.138,00;344.945,00;639,00;4.499,00;11.809.886,00;4.373,00;5.961.572,00;2.001,00;4.747.204,00;2.039,00;5.829.033,00;3.680,00;3.958.895,00;941,00;368.053,00;36,00;1.024.291,00;106,00;94.276,00;1.262,00;494.497,00;568,00;4.801.550,00;1.384,00;563.165,00;1.575,00;5.693.775,00;1.666,00;893.707,00;336,00;455.810,00;348,00;206.281,00;393,00;0,00;0,00;97.533,00;297,00;4.172.551,00;1.760,00;1.749.584,00;1.124,00;218.918,00;867,00;22.728,00;89.252,00;-5.757,20;2.044,00;4.891,00;83.256,93;4.081,00;79.175,93;755.062,94;25.646,34;125.686,48;4.669,63;138.015,84;7.740,60;31.843.316,20;6.452,30;119,73;219,63;1,33;2,20;7,29;10,82;59,74;0,00;0,00;29,16;7.333,05;3.579,37;;38.387,20;83,60;;951.968,00;56,60;;1.455.320,00;56.340,00;100%;0,00;0%;3.034.815,00;4.272,00;6.671.021,00;1.737,00;4.799.459,00;1.720,00;5.672.926,00;3.474,00;0,00;0,00;0,00;0,00;340.359,00;0,00;17.497,00;0,00;0,00;0,00;0,00;0,00;0,00;417.021,30;147.027,00;38.452,00;51.300,70;;4.280,00;16.621,00;41.092,00;49.566,00;81.820,80;285.033,35;0,00;0,00;0,00;285.033,35;366.854,15;2.029.371,25;53.159.488,33;1.080.750,72;;377.856,00;;149.758,93;;311.184,00;;127.747,57;;0,00;;;0,00;0,00;;;;;;;;;;;;;;;;;;;;;
28/11/2025;6.880,53;1.503,63;6.878,65;1.504,04;1.365,38;821,06;9.545,45;13.033.166,52;0,00;17.266,60;3.950,65;9.545,45;164.817.419,24;41.608,62;41.910.045,08;16.555.239,79;1,00;41.910.045,08;134.032,79;134.032,79;175.641,41;168.310,00;7.331,41;29.082.098,00;11.448,00;115.205,00;87,00;470.346,00;175,00;14.703.537,00;8.437,00;40.928.676,00;25.316,00;28.601.656,00;13.616,00;254.388,00;137,00;915.968,00;528,00;6.867.240,00;2.749,00;4.977.569,00;21.156,00;2.305.996,00;8.133,00;1.348.438,00;9.041,00;7.072.617,00;28.881,00;5.707.596,00;19.577,00;9.641.570,00;24.953,00;50.053,00;128,00;430.588,00;1.527,00;27.294.798,00;14.926,00;4.546.165,00;4.549,00;93.988,00;35,00;4.380.439,00;2.436,00;635.767,00;755,00;196.849,00;131,00;309.335,76;1.041,57;12.185.248,00;4.590,00;345.339,00;394,00;4.196,00;11.814.277,00;4.391,00;5.964.691,00;3.119,00;4.750.786,00;3.582,00;5.831.279,00;2.246,00;3.959.859,00;964,00;368.100,00;47,00;1.024.730,00;439,00;95.510,00;1.234,00;495.189,00;692,00;4.802.844,00;1.294,00;564.728,00;1.563,00;5.695.497,00;1.722,00;894.056,00;349,00;456.092,00;282,00;206.798,00;517,00;0,00;0,00;97.828,00;295,00;4.174.608,00;2.057,00;1.751.049,00;1.465,00;219.683,00;765,00;26.288,00;90.585,00;-4.704,00;1.808,00;4.549,00;83.403,41;4.335,00;79.068,41;791.513,06;36.450,12;132.197,39;6.510,91;144.715,53;6.699,69;31.852.458,40;9.142,20;169,45;221,13;1,85;1,91;10,37;14,12;67,13;0,00;0,00;30,92;8.187,40;3.771,11;;38.457,00;69,80;;990.128,00;42,80;;1.509.210,00;53.890,00;126%;0,00;0%;3.035.241,00;426,00;6.671.316,00;295,00;4.799.951,00;492,00;5.675.896,00;2.970,00;0,00;0,00;0,00;0,00;340.359,00;0,00;17.498,00;1,00;0,00;0,00;0,00;0,00;0,00;417.021,30;186.585,00;39.558,00;51.336,90;;4.280,00;16.710,00;41.108,00;49.566,00;94.636,80;284.646,26;0,00;0,00;0,00;284.646,26;379.283,06;2.093.214,03;55.252.702,36;818.088,58;;381.312,00;;241.327,95;;626.010,00;;109.821,60;;0,00;;;0,00;21.621,50;;;;;;;;;;;;;;;;;;;;;
29/11/2025;6.884,54;1.503,63;6.882,65;1.504,04;1.365,38;821,46;9.545,45;13.033.166,52;0,00;17.270,60;3.950,65;9.545,45;164.855.601,04;38.181,80;42.046.348,70;16.616.028,27;1,00;42.046.348,70;136.303,62;136.303,62;174.485,42;163.220,00;11.265,42;29.094.138,00;12.040,00;115.280,00;75,00;470.503,00;157,00;14.712.065,00;8.528,00;40.954.172,00;25.496,00;28.615.618,00;13.962,00;254.538,00;150,00;916.510,00;542,00;6.869.617,00;2.377,00;4.998.720,00;21.151,00;2.314.113,00;8.117,00;1.357.597,00;9.159,00;7.093.748,00;21.131,00;5.727.524,00;19.928,00;9.667.784,00;26.214,00;50.174,00;121,00;432.076,00;1.488,00;27.309.568,00;14.770,00;4.551.006,00;4.841,00;94.023,00;35,00;4.382.509,00;2.070,00;636.245,00;478,00;196.925,00;76,00;310.361,38;1.025,62;12.189.631,00;4.383,00;345.487,00;148,00;4.235,00;11.818.276,00;3.999,00;5.968.078,00;3.387,00;4.754.466,00;3.680,00;5.833.160,00;1.881,00;3.960.931,00;1.072,00;368.153,00;53,00;1.025.266,00;536,00;96.914,00;1.404,00;495.945,00;756,00;4.804.516,00;1.672,00;566.232,00;1.504,00;5.697.235,00;1.738,00;894.393,00;337,00;456.372,00;280,00;207.378,00;580,00;0,00;0,00;98.109,00;281,00;4.176.677,00;2.069,00;1.752.579,00;1.530,00;220.501,00;818,00;28.771,00;84.549,00;-4.502,10;1.244,00;4.841,00;88.353,52;4.203,00;84.150,52;829.877,80;38.364,74;137.529,70;5.332,31;151.457,80;6.742,27;31.862.304,00;9.845,60;141,40;244,88;1,52;1,92;10,91;14,35;68,13;0,00;0,00;31,12;8.280,52;3.782,32;;38.526,10;69,10;;1.020.300,00;42,10;;1.561.620,00;52.410,00;124%;0,00;0%;3.038.856,00;3.615,00;6.672.247,00;931,00;4.800.141,00;190,00;5.677.786,00;1.890,00;0,00;0,00;0,00;0,00;340.359,00;0,00;17.498,00;0,00;0,00;0,00;0,00;0,00;0,00;417.021,30;225.876,00;39.291,00;51.372,90;;4.280,00;16.785,00;41.124,00;49.566,00;103.575,60;302.941,87;0,00;0,00;0,00;302.941,87;406.517,47;2.360.003,94;57.612.706,30;932.822,31;;307.248,00;;286.848,00;;746.424,00;;4.854,00;;0,00;;;0,00;26.742,63;;;;;;;;;;;;;;;;;;;;;
30/11/2025;6.889,35;1.503,63;6.887,46;1.504,04;1.365,38;821,78;9.545,45;13.033.166,52;0,00;17.275,41;3.950,65;9.545,45;164.901.533,75;45.932,71;42.177.641,17;16.677.586,53;1,00;42.177.641,17;131.292,47;131.292,47;177.225,18;163.403,00;13.822,18;29.106.340,00;12.202,00;115.352,00;72,00;470.634,00;131,00;14.720.640,00;8.575,00;40.979.436,00;25.264,00;28.629.612,00;13.994,00;254.682,00;144,00;917.030,00;520,00;6.872.858,00;3.241,00;5.020.015,00;21.295,00;2.322.230,00;8.117,00;1.366.683,00;9.086,00;7.113.665,00;19.917,00;5.749.868,00;22.344,00;9.692.868,00;25.084,00;50.295,00;121,00;433.691,00;1.615,00;27.324.296,00;14.728,00;4.555.721,00;4.715,00;94.059,00;36,00;4.384.175,00;1.666,00;636.473,00;228,00;196.952,00;27,00;311.375,00;1.013,62;12.194.449,00;4.818,00;345.492,00;5,00;4.813,00;11.822.432,00;4.156,00;5.971.292,00;3.214,00;4.757.901,00;3.435,00;5.835.817,00;2.657,00;3.961.977,00;1.046,00;368.188,00;35,00;1.025.377,00;111,00;98.207,00;1.293,00;496.651,00;706,00;4.806.071,00;1.555,00;567.744,00;1.512,00;5.698.880,00;1.645,00;894.716,00;323,00;456.704,00;332,00;207.980,00;602,00;0,00;0,00;98.393,00;284,00;4.178.815,00;2.138,00;1.754.197,00;1.618,00;221.206,00;705,00;31.105,00;84.548,00;-4.752,50;780,00;4.715,00;91.934,68;3.960,00;87.974,68;859.652,66;29.774,86;141.907,17;4.377,47;158.075,14;6.617,34;31.872.331,70;10.027,70;164,18;182,58;1,25;1,88;8,47;11,60;70,18;0,00;0,00;31,35;8.383,31;3.744,90;;38.591,50;65,40;;1.045.828,00;38,40;;1.597.541,00;35.921,00;94%;0,00;0%;3.042.671,00;3.815,00;6.672.403,00;156,00;4.800.495,00;354,00;5.680.590,00;2.804,00;0,00;0,00;0,00;0,00;340.359,00;0,00;17.498,00;0,00;0,00;0,00;0,00;0,00;0,00;417.021,30;264.204,00;38.328,00;51.409,10;;4.280,00;16.868,00;41.137,02;49.566,00;111.978,00;316.708,83;0,00;0,00;0,00;316.708,83;428.686,83;2.423.285,08;60.035.991,38;1.217.016,28;;252.288,00;;242.620,80;;572.043,00;;59.919,00;;29.475,00;;;0,00;0,00;;;;;;;;;;;;;;;;;;;;;
01/12/2025;6.897,19;1.503,64;6.895,31;1.504,05;1.365,38;821,97;9.545,45;13.033.166,52;0,00;17.283,25;3.950,66;9.545,45;164.976.417,80;74.884,06;42.287.155,77;16.741.840,00;1,00;42.287.155,77;109.514,60;109.514,60;184.398,66;174.773,00;9.625,66;29.118.170,00;11.830,00;115.451,00;99,00;470.812,00;178,00;14.729.293,00;8.653,00;41.003.548,00;24.112,00;28.644.088,00;14.476,00;254.821,00;139,00;917.560,00;530,00;6.876.386,00;3.528,00;5.041.384,00;21.369,00;2.330.607,00;8.377,00;1.375.814,00;9.131,00;7.141.472,00;27.807,00;5.773.099,00;23.231,00;9.720.635,00;27.767,00;50.412,00;117,00;435.158,00;1.467,00;27.339.824,00;15.528,00;4.560.656,00;4.935,00;94.094,00;35,00;4.386.436,00;2.261,00;637.130,00;657,00;197.152,00;200,00;312.403,46;1.028,46;12.199.450,00;5.001,00;345.769,00;277,00;4.724,00;11.826.506,00;4.074,00;5.974.707,00;3.415,00;4.761.672,00;3.771,00;5.839.123,00;3.306,00;3.962.976,00;999,00;368.224,00;36,00;1.025.488,00;111,00;99.433,00;1.226,00;497.474,00;823,00;4.807.547,00;1.476,00;569.234,00;1.490,00;5.700.513,00;1.633,00;895.058,00;342,00;456.792,00;88,00;208.578,00;598,00;0,00;0,00;98.689,00;296,00;4.180.955,00;2.140,00;1.755.755,00;1.558,00;221.997,00;791,00;32.799,00;96.313,00;-5.863,00;1.664,00;4.935,00;87.349,66;4.357,50;82.992,16;46.907,90;46.907,90;5.943,17;5.943,17;915,94;915,94;31.882.055,20;9.723,50;126,91;124,32;1,69;0,26;13,34;15,29;68,18;0,00;0,00;38,26;8.503,80;4.772,01;;38.628,00;36,50;;19.184,00;36,50;;46.400,00;46.400,00;127%;0,00;0%;3.045.351,00;2.680,00;6.672.850,00;447,00;4.800.693,00;198,00;5.683.160,00;2.570,00;0,00;0,00;0,00;0,00;340.359,00;0,00;17.498,00;0,00;0,00;0,00;0,00;0,00;0,00;417.021,30;298.228,00;34.024,00;51.445,40;34.024,00;4.280,00;16.941,00;41.152,00;49.566,00;118.076,40;298.771,76;0,00;0,00;0,00;298.771,76;416.848,16;2.633.013,02;2.633.013,02;1.143.374,02;;230.850,00;;293.760,00;;782.730,00;;168.792,00;;1.435,00;;;0,00;0,00;;;;;;;;;;;;;;;;;;;;;
02/12/2025;6.905,87;1.503,64;6.903,90;1.504,06;1.365,38;822,12;9.545,45;13.033.166,52;0,00;17.291,92;3.950,66;9.545,45;165.059.176,85;82.759,05;42.397.959,79;16.810.838,56;1,00;42.397.959,79;110.804,02;110.804,02;193.563,07;182.573,00;10.990,07;29.129.460,00;11.290,00;115.533,00;82,00;471.003,00;191,00;14.737.538,00;8.245,00;41.027.656,00;24.108,00;28.658.494,00;14.406,00;254.957,00;136,00;918.090,00;530,00;6.879.939,00;3.553,00;5.062.330,00;20.946,00;2.338.976,00;8.369,00;1.384.901,00;9.087,00;7.172.977,00;31.505,00;5.794.756,00;21.657,00;9.756.143,00;35.508,00;50.543,00;131,00;436.370,00;1.212,00;27.354.732,00;14.908,00;4.565.257,00;4.601,00;94.129,00;35,00;4.388.759,00;2.323,00;637.868,00;738,00;197.282,00;130,00;313.453,36;1.049,90;12.204.307,00;4.857,00;346.301,00;532,00;4.325,00;11.830.647,00;4.141,00;5.977.726,00;3.019,00;4.765.292,00;3.620,00;5.842.424,00;3.301,00;3.964.196,00;1.220,00;368.260,00;36,00;1.025.622,00;134,00;100.676,00;1.243,00;498.228,00;754,00;4.808.873,00;1.326,00;570.625,00;1.391,00;5.702.187,00;1.674,00;895.466,00;408,00;456.900,00;108,00;209.024,00;446,00;0,00;0,00;98.983,00;294,00;4.182.866,00;1.911,00;1.757.080,00;1.325,00;222.953,00;956,00;28.508,00;106.126,00;-6.315,90;1.930,00;4.601,00;87.221,97;4.322,50;82.899,47;81.380,05;34.472,15;13.196,68;7.253,51;974,02;58,08;31.890.999,50;8.944,30;170,47;6,18;2,06;0,02;9,80;11,88;66,03;0,00;0,00;30,39;7.793,19;3.586,78;;38.668,90;40,90;;44.960,00;40,90;;86.798,00;40.398,00;99%;0,00;0%;3.050.197,00;4.846,00;6.672.851,00;1,00;4.801.000,00;307,00;5.683.894,00;734,00;0,00;0,00;0,00;0,00;340.359,00;0,00;17.498,00;0,00;0,00;0,00;0,00;0,00;0,00;417.021,30;332.062,00;33.834,00;51.471,60;33.834,00;4.280,00;17.025,00;41.166,00;49.566,00;102.628,80;298.438,10;0,00;0,00;0,00;298.438,10;401.066,90;2.423.237,51;5.056.250,53;990.193,70;;360.161,89;;183.525,12;;700.236,00;;180.864,00;;2.900,00;;;0,00;0,00;;;;;;;;;;;;;;;;;;;;;
03/12/2025;6.914,26;1.503,65;6.912,37;1.504,06;1.365,38;822,30;9.545,45;13.033.166,52;0,00;17.300,31;3.950,66;9.545,45;165.139.234,54;80.057,69;42.508.356,03;16.876.578,83;1,00;42.508.356,03;110.396,24;110.396,24;190.453,93;180.183,00;10.270,93;29.140.486,00;11.026,00;115.609,00;76,00;471.206,00;203,00;14.746.197,00;8.659,00;41.051.504,00;23.848,00;28.674.226,00;15.732,00;255.096,00;139,00;918.645,00;555,00;6.884.695,00;4.756,00;5.082.913,00;20.583,00;2.347.316,00;8.340,00;1.393.940,00;9.039,00;7.203.968,00;30.991,00;5.814.158,00;19.402,00;9.791.409,00;35.266,00;50.661,00;118,00;437.671,00;1.301,00;27.369.408,00;14.676,00;4.569.726,00;4.469,00;94.165,00;36,00;4.390.839,00;2.080,00;638.344,00;476,00;197.557,00;275,00;314.538,47;1.085,11;12.209.286,00;4.979,00;346.819,00;518,00;4.461,00;11.834.803,00;4.156,00;5.980.464,00;2.738,00;4.768.690,00;3.398,00;5.846.556,00;4.132,00;3.965.203,00;1.007,00;368.314,00;54,00;1.026.149,00;527,00;102.069,00;1.393,00;498.933,00;705,00;4.810.082,00;1.209,00;571.957,00;1.332,00;5.703.770,00;1.583,00;895.836,00;370,00;457.235,00;335,00;209.498,00;474,00;0,00;0,00;99.278,00;295,00;4.184.500,00;1.634,00;1.758.127,00;1.047,00;223.932,00;979,00;25.435,00;103.038,00;-6.250,80;1.824,00;4.469,00;87.373,73;3.948,00;83.425,73;115.081,83;33.701,78;19.198,63;6.001,95;10.358,07;9.384,05;31.899.903,70;8.904,20;147,39;279,26;1,71;2,67;9,59;13,96;69,18;0,00;0,00;31,25;8.299,14;3.748,89;;38.757,80;88,90;;114.784,00;61,90;;142.912,00;56.114,00;91%;0,00;0%;3.052.321,00;2.124,00;6.673.575,00;724,00;4.801.641,00;641,00;5.684.979,00;1.085,00;0,00;0,00;0,00;0,00;340.359,00;0,00;17.499,00;1,00;0,00;0,00;0,00;0,00;0,00;417.021,30;366.130,00;34.068,00;51.518,20;34.068,00;4.280,00;17.083,00;41.180,00;49.566,00;91.566,00;300.332,62;0,00;0,00;0,00;300.332,62;391.898,62;2.462.194,36;7.518.444,89;1.104.831,87;;346.410,00;;155.678,88;;638.996,00;;186.220,80;;18.865,00;;;0,00;35.008,61;;;;;;;;;;;;;;;;;;;;;
04/12/2025;6.922,40;1.503,65;6.920,50;1.504,06;1.365,38;822,49;9.545,45;13.033.166,52;0,00;17.308,44;3.950,66;9.545,45;165.216.819,96;77.585,42;42.619.796,15;16.939.785,49;1,00;42.619.796,15;111.440,12;111.440,12;189.025,54;176.683,00;12.342,54;29.149.276,00;8.790,00;115.689,00;80,00;471.401,00;195,00;14.754.589,00;8.392,00;41.075.604,00;24.100,00;28.689.044,00;14.818,00;255.237,00;141,00;919.196,00;551,00;6.889.290,00;4.595,00;5.104.158,00;21.245,00;2.355.693,00;8.377,00;1.403.015,00;9.075,00;7.234.368,00;30.400,00;5.832.902,00;18.744,00;9.826.781,00;35.372,00;50.775,00;114,00;439.190,00;1.519,00;27.384.230,00;14.822,00;4.573.940,00;4.214,00;94.201,00;36,00;4.393.133,00;2.294,00;639.030,00;686,00;197.728,00;171,00;315.627,62;1.089,15;12.213.980,00;4.694,00;347.335,00;516,00;4.178,00;11.839.191,00;4.388,00;5.983.351,00;2.887,00;4.772.138,00;3.448,00;5.850.595,00;4.039,00;3.966.121,00;918,00;368.353,00;39,00;1.026.237,00;88,00;103.206,00;1.137,00;499.682,00;749,00;4.811.155,00;1.073,00;573.272,00;1.315,00;5.705.573,00;1.803,00;896.177,00;341,00;457.528,00;293,00;210.079,00;581,00;0,00;0,00;99.572,00;294,00;4.186.330,00;1.830,00;1.759.340,00;1.213,00;224.878,00;946,00;24.943,00;101.968,00;-6.341,60;1.924,00;4.214,00;87.261,14;4.217,00;83.044,14;140.839,33;25.757,50;24.281,61;5.082,98;19.263,41;8.905,34;31.906.619,20;6.715,50;121,47;262,55;1,45;2,53;7,33;11,30;64,08;0,00;0,00;30,86;8.122,68;3.911,77;;38.833,60;75,80;;160.016,00;48,80;;198.652,00;55.740,00;114%;0,00;0%;3.055.955,00;3.634,00;6.673.986,00;411,00;4.802.118,00;477,00;5.685.845,00;866,00;0,00;0,00;0,00;0,00;340.359,00;0,00;17.499,00;0,00;0,00;0,00;0,00;0,00;0,00;417.021,30;400.676,00;34.546,00;51.555,30;34.546,00;4.280,00;17.145,00;41.201,00;49.566,00;89.794,80;298.958,90;0,00;0,00;0,00;298.958,90;388.753,70;2.265.334,97;9.783.779,86;903.039,53;;372.508,80;;183.872,64;;664.398,00;;181.269,00;;0,00;;;0,00;0,00;;;;;;;;;;;;;;;;;;;;;
05/12/2025;6.929,12;1.503,65;6.927,22;1.504,06;1.365,38;822,72;9.545,45;13.033.166,52;0,00;17.315,16;3.950,66;9.545,45;165.280.994,02;64.174,06;42.729.484,01;16.999.303,59;1,00;42.729.484,01;109.687,86;109.687,86;173.861,92;166.223,00;7.638,92;29.155.262,00;5.986,00;115.774,00;85,00;471.609,00;208,00;14.762.607,00;8.018,00;41.099.720,00;24.116,00;28.703.074,00;14.030,00;255.371,00;134,00;919.732,00;536,00;6.892.993,00;3.703,00;5.125.087,00;20.929,00;2.364.060,00;8.367,00;1.412.100,00;9.085,00;7.264.812,00;30.444,00;5.846.885,00;13.983,00;9.862.502,00;35.721,00;50.890,00;115,00;440.594,00;1.404,00;27.397.226,00;12.996,00;4.578.014,00;4.074,00;94.237,00;36,00;4.395.470,00;2.337,00;639.679,00;649,00;197.879,00;151,00;316.625,60;997,98;12.217.352,00;3.372,00;347.863,00;528,00;2.844,00;11.842.241,00;3.050,00;5.986.601,00;3.250,00;4.775.733,00;3.595,00;5.853.773,00;3.178,00;3.967.146,00;1.025,00;368.390,00;37,00;1.026.323,00;86,00;104.000,00;794,00;500.410,00;728,00;4.811.912,00;757,00;574.335,00;1.063,00;5.706.959,00;1.386,00;896.561,00;384,00;457.810,00;282,00;210.581,00;502,00;0,00;0,00;99.859,00;287,00;4.188.374,00;2.044,00;1.760.793,00;1.453,00;225.693,00;815,00;22.540,00;97.600,00;-6.765,70;1.864,00;4.074,00;77.089,62;4.314,50;72.775,12;156.151,69;15.312,36;27.017,00;2.735,39;26.282,01;7.018,60;31.910.910,30;4.291,10;66,77;199,79;0,78;2,00;4,36;7,13;65,98;0,00;0,00;28,93;7.919,26;3.472,33;;38.899,70;66,10;;185.632,00;39,10;;256.736,00;58.084,00;149%;0,00;0%;3.057.889,00;1.934,00;6.674.828,00;842,00;4.802.263,00;145,00;5.686.954,00;1.109,00;0,00;0,00;0,00;0,00;340.359,00;0,00;17.499,00;0,00;0,00;0,00;0,00;0,00;0,00;417.021,30;435.141,00;34.465,00;51.592,30;34.465,00;4.280,00;17.249,00;41.204,00;49.566,00;81.144,00;261.990,43;0,00;0,00;0,00;261.990,43;343.134,43;1.698.773,09;11.482.552,95;426.252,45;;158.592,00;;263.769,60;;727.116,00;;141.516,00;;7.705,00;;;0,00;0,00;;;;;;;;;;;;;;;;;;;;;
06/12/2025;6.936,64;1.504,20;6.934,74;1.504,62;1.365,38;822,87;9.545,45;13.033.166,52;0,00;17.322,67;3.951,20;9.545,45;165.352.661,26;71.667,24;42.827.714,31;17.047.461,55;1,00;42.827.714,31;98.230,30;98.230,30;169.897,54;161.683,00;8.214,54;29.164.912,00;9.650,00;115.851,00;77,00;471.781,00;172,00;14.770.830,00;8.223,00;41.120.460,00;20.740,00;28.717.840,00;14.766,00;255.506,00;135,00;920.283,00;551,00;6.896.467,00;3.474,00;5.144.770,00;19.683,00;2.372.164,00;8.104,00;1.420.890,00;8.790,00;7.292.670,00;27.858,00;5.865.845,00;18.960,00;9.890.045,00;27.543,00;50.999,00;109,00;441.604,00;1.010,00;27.411.486,00;14.260,00;4.582.613,00;4.599,00;94.273,00;36,00;4.397.512,00;2.042,00;640.108,00;429,00;198.054,00;175,00;317.625,92;1.000,32;12.221.921,00;4.569,00;348.483,00;620,00;3.949,00;11.846.361,00;4.120,00;5.989.973,00;3.372,00;4.779.386,00;3.653,00;5.856.806,00;3.033,00;3.968.223,00;1.077,00;368.436,00;46,00;1.026.637,00;314,00;105.119,00;1.119,00;501.119,00;709,00;4.813.069,00;1.157,00;575.660,00;1.325,00;5.708.520,00;1.561,00;897.019,00;458,00;458.037,00;227,00;210.911,00;330,00;0,00;0,00;100.146,00;287,00;4.190.363,00;1.989,00;1.762.259,00;1.466,00;226.458,00;765,00;26.520,00;91.255,00;-10.008,40;1.775,00;4.599,00;82.276,94;4.062,00;78.214,94;185.189,20;29.037,51;32.600,23;5.583,23;33.627,12;7.345,11;31.918.494,40;7.584,10;140,16;245,24;1,59;2,09;8,26;11,94;63,08;0,00;0,00;30,38;7.901,95;3.805,66;;38.971,40;71,70;;234.048,00;44,70;;302.504,00;45.768,00;102%;0,00;0%;3.061.430,00;3.541,00;6.676.186,00;1.358,00;4.802.398,00;135,00;5.687.954,00;1.000,00;0,00;0,00;0,00;0,00;340.359,00;0,00;17.499,00;0,00;0,00;0,00;0,00;0,00;0,00;417.021,30;466.125,00;30.984,00;51.627,00;30.984,00;4.280,00;17.251,00;41.218,00;49.566,00;95.472,00;281.573,78;0,00;0,00;0,00;281.573,78;377.045,78;2.018.877,23;13.501.430,18;725.459,27;;235.131,00;;269.745,60;;669.240,00;;115.338,04;;18.371,25;;;0,00;17.055,36;;;;;;;;;;;;;;;;;;;;;
07/12/2025;6.943,16;1.504,20;6.941,26;1.504,62;1.365,38;823,05;9.545,45;13.033.166,52;0,00;17.329,19;3.951,21;9.545,45;165.414.868,96;62.207,70;42.938.611,29;17.102.527,16;1,00;42.938.611,29;110.896,98;110.896,98;173.104,68;160.810,00;12.294,68;29.174.624,00;9.712,00;115.914,00;63,00;471.714,00;0,00;14.778.926,00;8.096,00;41.143.704,00;23.244,00;28.729.306,00;11.466,00;255.633,00;127,00;920.807,00;524,00;6.898.521,00;2.054,00;5.165.843,00;21.073,00;2.380.282,00;8.118,00;1.429.687,00;8.797,00;7.322.646,00;29.976,00;5.883.108,00;17.263,00;9.915.583,00;25.538,00;51.108,00;109,00;443.061,00;1.457,00;27.425.928,00;14.442,00;4.587.307,00;4.694,00;94.308,00;35,00;4.399.174,00;1.662,00;640.300,00;192,00;198.149,00;95,00;318.542,00;916,08;12.226.696,00;4.775,00;348.652,00;169,00;4.606,00;11.850.566,00;4.205,00;5.992.774,00;2.801,00;4.781.177,00;1.791,00;5.858.677,00;1.871,00;3.969.235,00;1.012,00;368.480,00;44,00;1.026.992,00;355,00;106.396,00;1.277,00;501.557,00;438,00;4.814.111,00;1.042,00;577.465,00;1.805,00;5.710.046,00;1.526,00;897.382,00;363,00;458.107,00;70,00;211.468,00;557,00;0,00;0,00;100.432,00;286,00;4.192.432,00;2.069,00;1.763.813,00;1.554,00;227.140,00;682,00;26.531,00;89.692,00;-7.675,90;980,00;4.694,00;85.414,58;3.868,00;81.546,58;214.043,38;28.854,18;36.504,29;3.904,06;35.410,86;1.783,74;31.925.659,80;7.165,40;90,92;120,86;1,11;0,51;8,21;9,82;64,03;0,00;0,00;29,73;7.781,26;3.612,94;;39.015,90;44,50;;251.696,00;44,50;;344.550,00;42.046,00;94%;0,00;0%;3.066.429,00;4.999,00;6.676.524,00;338,00;4.804.153,00;1.755,00;5.689.451,00;1.497,00;0,00;0,00;0,00;0,00;340.359,00;0,00;17.499,00;0,00;0,00;0,00;0,00;0,00;0,00;417.021,30;499.517,00;33.392,00;51.663,00;33.392,00;4.280,00;17.365,00;41.242,00;49.566,00;95.511,60;293.567,68;0,00;0,00;0,00;293.567,68;389.079,28;1.979.367,73;15.480.797,91;1.067.332,17;;248.247,00;;202.784,15;;359.730,00;;83.874,75;;47.889,50;;;0,00;19.040,64;;;;;;;;;;;;;;;;;;;;;
08/12/2025;6.946,36;1.504,21;6.944,46;1.504,62;1.365,38;823,28;9.545,45;13.033.166,52;0,00;17.332,39;3.951,21;9.545,45;165.445.433,49;30.564,53;43.050.252,92;17.148.680,22;1,00;43.050.252,92;111.641,63;111.641,63;142.206,16;134.203,00;8.003,16;29.180.508,00;5.884,00;115.986,00;72,00;472.080,00;366,00;14.785.671,00;6.745,00;41.167.048,00;23.344,00;28.739.564,00;10.258,00;255.769,00;136,00;921.326,00;519,00;6.902.204,00;3.683,00;5.185.937,00;20.094,00;2.388.655,00;8.373,00;1.438.720,00;9.033,00;7.352.399,00;29.753,00;5.891.395,00;8.287,00;9.936.535,00;20.952,00;51.215,00;107,00;443.907,00;846,00;27.434.814,00;8.886,00;4.592.294,00;4.987,00;94.344,00;36,00;4.400.806,00;1.632,00;640.548,00;248,00;198.165,00;16,00;319.522,00;980,00;12.230.403,00;3.707,00;348.853,00;201,00;3.506,00;11.851.422,00;856,00;5.992.912,00;138,00;4.781.339,00;162,00;5.862.114,00;3.437,00;3.970.276,00;1.041,00;368.513,00;33,00;1.027.102,00;110,00;107.232,00;836,00;501.744,00;187,00;4.815.085,00;974,00;579.104,00;1.639,00;5.711.066,00;1.020,00;897.781,00;399,00;458.210,00;103,00;211.682,00;214,00;0,00;0,00;100.712,00;280,00;4.194.602,00;2.170,00;1.765.445,00;1.632,00;227.605,00;465,00;10.675,00;76.398,00;-8.962,00;984,00;4.987,00;68.799,16;3.731,00;65.068,16;227.162,39;13.119,01;39.998,93;3.494,64;35.410,86;0,00;31.929.193,80;3.534,00;82,89;0,76;0,99;0,00;3,73;4,73;54,29;0,00;0,00;22,02;6.477,45;2.627,25;;39.051,00;35,10;;300.640,00;35,10;;381.328,00;36.778,00;105%;0,00;0%;3.071.021,00;4.592,00;6.677.246,00;722,00;4.804.232,00;79,00;5.693.085,00;3.634,00;0,00;0,00;0,00;0,00;340.359,00;0,00;17.499,00;0,00;0,00;0,00;0,00;0,00;0,00;417.021,30;533.755,00;34.238,00;51.699,50;34.238,00;4.280,00;17.435,00;41.244,60;49.566,00;38.430,00;234.245,38;0,00;0,00;0,00;234.245,38;272.675,38;1.024.488,18;16.505.286,09;785.928,00;;26.592,00;;0,00;;0,00;;71.424,00;;16.975,00;;;0,00;0,00;;;;;;;;;;;;;;;;;;;;;
09/12/2025;6.953,02;1.504,21;6.951,12;1.504,62;1.365,38;823,51;9.545,45;13.033.166,52;0,00;17.339,05;3.951,21;9.545,45;165.509.044,37;63.610,88;43.160.821,09;17.205.823,71;1,00;43.160.821,09;110.568,17;110.568,17;174.179,05;163.421,00;10.758,05;29.189.974,00;9.466,00;116.072,00;86,00;472.242,00;162,00;14.793.791,00;8.120,00;41.189.924,00;22.876,00;28.752.466,00;12.902,00;255.910,00;141,00;921.771,00;445,00;6.905.081,00;2.877,00;5.207.005,00;21.068,00;2.397.010,00;8.355,00;1.447.772,00;9.052,00;7.382.643,00;30.244,00;5.907.892,00;16.497,00;9.964.549,00;28.014,00;51.328,00;113,00;445.245,00;1.338,00;27.449.048,00;14.234,00;4.596.729,00;4.435,00;94.379,00;35,00;4.403.094,00;2.288,00;641.281,00;733,00;198.276,00;111,00;320.694,52;1.172,52;12.235.305,00;4.902,00;349.529,00;676,00;4.226,00;11.855.282,00;3.860,00;5.995.391,00;2.479,00;4.784.374,00;3.035,00;5.864.766,00;2.652,00;3.971.222,00;946,00;368.548,00;35,00;1.027.213,00;111,00;108.376,00;1.144,00;502.302,00;558,00;4.816.030,00;945,00;580.589,00;1.485,00;5.712.765,00;1.699,00;898.139,00;358,00;458.304,00;94,00;212.174,00;492,00;0,00;0,00;101.003,00;291,00;4.196.629,00;2.027,00;1.766.836,00;1.391,00;228.486,00;881,00;21.979,00;92.162,00;-8.090,90;1.965,00;4.435,00;83.707,95;4.343,00;79.364,95;255.949,31;28.786,92;43.743,41;3.744,48;35.410,86;0,00;31.936.663,20;7.469,40;94,10;0,90;1,06;0,00;8,19;9,25;64,93;0,00;0,00;30,38;8.072,12;3.776,85;;39.086,90;35,90;;320.528,00;35,90;;424.188,00;42.860,00;119%;0,00;0%;3.073.436,00;2.415,00;6.677.831,00;585,00;4.804.937,00;705,00;5.693.088,00;3,00;0,00;0,00;0,00;0,00;340.359,00;0,00;17.499,00;0,00;0,00;0,00;0,00;0,00;0,00;417.021,30;567.791,00;34.036,00;51.736,10;34.036,00;4.280,00;17.501,00;41.259,00;49.566,00;79.124,40;285.713,82;0,00;0,00;0,00;285.713,82;364.838,22;1.962.895,60;18.468.181,69;925.648,40;;315.648,00;;167.702,40;;402.300,00;;211.968,00;;14.960,00;;;0,00;0,00;;;;;;;;;;;;;;;;;;;;;
10/12/2025;6.960,99;1.504,21;6.959,08;1.504,62;1.365,38;823,71;9.545,45;13.033.166,52;0,00;17.347,01;3.951,21;9.545,45;165.584.978,42;75.934,05;43.271.759,75;17.266.457,04;1,00;43.271.759,75;110.938,66;110.938,66;186.872,71;175.720,00;11.152,71;29.200.566,00;10.592,00;116.168,00;96,00;472.430,00;188,00;14.802.207,00;8.416,00;41.213.380,00;23.456,00;28.766.400,00;13.934,00;256.052,00;142,00;922.216,00;445,00;6.908.407,00;3.326,00;5.227.708,00;20.703,00;2.405.377,00;8.367,00;1.456.812,00;9.040,00;7.412.180,00;29.537,00;5.927.127,00;19.235,00;9.999.050,00;34.501,00;51.444,00;116,00;446.396,00;1.151,00;27.464.394,00;15.346,00;4.601.203,00;4.474,00;94.415,00;36,00;4.405.656,00;2.562,00;642.037,00;756,00;198.461,00;185,00;321.774,84;1.080,32;12.240.370,00;5.065,00;350.190,00;661,00;4.404,00;11.859.683,00;4.401,00;5.998.750,00;3.359,00;4.787.752,00;3.378,00;5.867.883,00;3.117,00;3.972.137,00;915,00;368.582,00;34,00;1.027.325,00;112,00;109.604,00;1.228,00;502.906,00;604,00;4.817.141,00;1.111,00;582.019,00;1.430,00;5.714.326,00;1.561,00;898.551,00;412,00;458.384,00;80,00;212.585,00;411,00;0,00;0,00;101.296,00;293,00;4.198.549,00;1.920,00;1.768.143,00;1.307,00;229.298,00;812,00;27.736,00;100.680,00;-7.235,80;2.047,00;4.474,00;86.907,51;4.306,00;82.601,51;288.984,78;33.035,47;48.750,12;5.006,71;35.410,86;0,00;31.945.033,40;8.370,20;121,63;0,89;1,42;0,00;9,40;10,82;67,18;0,00;0,00;30,76;8.103,99;3.710,61;;39.107,80;20,90;;341.136,00;20,90;;459.664,00;35.476,00;170%;0,00;0%;3.079.398,00;5.962,00;6.679.027,00;1.196,00;4.804.959,00;22,00;5.695.568,00;2.480,00;0,00;0,00;0,00;0,00;340.359,00;0,00;17.499,00;0,00;0,00;0,00;0,00;0,00;0,00;417.021,30;601.638,00;33.847,00;51.772,30;33.847,00;4.280,00;17.578,00;41.273,00;49.566,00;99.849,60;297.365,45;0,00;0,00;0,00;297.365,45;397.215,05;2.474.664,97;20.942.846,66;1.065.952,17;;389.376,00;;286.848,00;;525.564,00;;136.636,80;;5.800,00;;;0,00;0,00;;;;;;;;;;;;;;;;;;;;;
11/12/2025;6.968,96;1.504,21;6.967,05;1.504,62;1.365,38;823,94;9.545,45;13.033.166,52;0,00;17.354,98;3.951,21;9.545,45;165.661.074,75;76.096,33;43.382.375,14;17.328.172,12;1,00;43.382.375,14;110.615,39;110.615,39;186.711,72;176.160,00;10.551,72;29.211.570,00;11.004,00;116.246,00;78,00;472.628,00;198,00;14.810.156,00;7.949,00;41.236.816,00;23.436,00;28.780.024,00;13.624,00;256.192,00;140,00;922.647,00;431,00;6.911.076,00;2.669,00;5.248.399,00;20.691,00;2.413.722,00;8.345,00;1.465.877,00;9.065,00;7.442.000,00;29.820,00;5.946.286,00;19.159,00;10.034.333,00;35.283,00;51.571,00;127,00;447.549,00;1.153,00;27.479.588,00;15.194,00;4.605.900,00;4.697,00;94.450,00;35,00;4.408.142,00;2.486,00;642.811,00;774,00;198.673,00;212,00;322.828,45;1.053,61;12.245.296,00;4.926,00;350.841,00;651,00;4.275,00;11.864.096,00;4.413,00;6.001.703,00;2.953,00;4.791.443,00;3.691,00;5.870.172,00;2.289,00;3.973.049,00;912,00;368.617,00;35,00;1.027.414,00;89,00;110.741,00;1.137,00;503.560,00;654,00;4.818.327,00;1.186,00;583.488,00;1.469,00;5.715.829,00;1.503,00;898.937,00;386,00;458.579,00;195,00;212.987,00;402,00;0,00;0,00;101.584,00;288,00;4.200.483,00;1.934,00;1.769.471,00;1.328,00;230.279,00;981,00;28.201,00;101.672,00;-7.782,00;2.068,00;4.697,00;86.056,72;4.446,00;81.610,72;322.651,80;33.667,02;53.887,46;5.137,34;38.768,80;3.357,94;31.953.684,60;8.651,20;130,75;90,49;1,46;0,96;9,58;11,99;63,08;0,00;0,00;29,61;7.603,80;3.569,25;;39.167,00;59,20;;373.504,00;59,20;;505.460,00;45.796,00;77%;0,00;0%;3.081.877,00;2.479,00;6.679.511,00;484,00;4.805.327,00;368,00;5.696.206,00;638,00;0,00;0,00;0,00;0,00;340.359,00;0,00;17.499,00;0,00;0,00;0,00;0,00;0,00;0,00;417.021,30;635.682,00;34.044,00;51.808,80;34.044,00;4.280,00;17.672,40;41.288,00;49.566,00;101.523,60;293.798,58;0,00;0,00;0,00;293.798,58;395.322,18;2.284.719,18;23.227.565,84;889.797,30;;395.136,00;;182.047,68;;751.275,00;;201.124,80;;13.860,00;;;0,00;0,00;;;;;;;;;;;;;;;;;;;;;
12/12/2025;6.975,79;1.504,21;6.973,88;1.504,62;1.365,38;824,18;9.545,45;13.033.166,52;0,00;17.361,06;3.951,21;9.545,45;165.719.130,18;58.055,43;43.492.139,07;17.387.803,01;1,00;43.492.139,07;109.763,93;109.763,93;167.819,36;166.983,00;836,36;29.221.988,00;10.418,00;116.325,00;79,00;472.808,00;180,00;14.818.506,00;8.350,00;41.260.200,00;23.384,00;28.795.630,00;15.606,00;256.333,00;141,00;923.082,00;435,00;6.915.545,00;4.469,00;5.265.392,00;16.993,00;2.422.095,00;8.373,00;1.470.726,00;4.849,00;7.470.204,00;28.204,00;5.964.248,00;17.962,00;10.068.169,00;33.836,00;51.683,00;112,00;448.705,00;1.156,00;27.491.818,00;12.230,00;4.607.077,00;1.177,00;94.485,00;35,00;4.410.522,00;2.380,00;643.579,00;768,00;198.877,00;204,00;323.905,05;1.076,60;12.250.052,00;4.756,00;351.515,00;674,00;4.082,00;11.868.176,00;4.080,00;6.004.485,00;2.782,00;4.794.990,00;3.547,00;5.874.103,00;3.931,00;3.973.928,00;879,00;368.650,00;33,00;1.027.504,00;90,00;111.936,00;1.195,00;504.258,00;698,00;4.819.756,00;1.429,00;584.952,00;1.464,00;5.717.553,00;1.724,00;899.334,00;397,00;458.863,00;284,00;213.372,00;385,00;0,00;0,00;101.868,00;284,00;4.202.507,00;2.024,00;1.770.868,00;1.397,00;231.064,00;785,00;26.820,00;93.224,00;-7.516,30;2.081,00;1.177,00;78.853,66;4.283,00;74.570,66;355.374,16;32.722,36;61.507,77;7.620,31;46.862,79;8.093,99;31.961.924,00;8.239,40;176,93;209,67;2,17;2,30;9,31;13,78;67,08;0,00;0,00;30,35;8.066,67;3.649,72;;39.250,30;83,30;;433.120,00;56,30;;559.640,00;54.180,00;96%;0,00;0%;3.085.404,00;3.527,00;6.680.548,00;1.037,00;4.805.568,00;241,00;5.696.851,00;645,00;0,00;0,00;0,00;0,00;340.359,00;0,00;17.499,00;0,00;0,00;0,00;0,00;0,00;0,00;417.021,30;670.284,00;34.602,00;51.845,80;34.602,00;4.280,00;17.682,00;41.295,00;49.566,00;96.552,00;268.454,36;0,00;0,00;0,00;268.454,36;365.006,36;2.158.377,17;25.385.943,01;810.507,11;;376.310,91;;162.432,00;;668.070,00;;52.603,20;;13.578,75;;;0,00;0,00;;;;;;;;;;;;;;;;;;;;;
13/12/2025;6.984,28;1.504,22;6.982,37;1.504,63;1.365,38;824,34;9.545,45;13.033.166,52;0,00;17.370,29;3.951,21;9.545,45;165.807.225,14;88.094,96;43.603.307,87;17.456.431,85;1,00;43.603.307,87;111.168,80;111.168,80;199.263,76;180.216,00;19.047,76;29.233.162,00;11.174,00;116.398,00;73,00;472.947,00;139,00;14.826.909,00;8.403,00;41.283.536,00;23.336,00;28.808.164,00;12.534,00;256.478,00;145,00;923.537,00;455,00;6.916.327,00;782,00;5.286.767,00;21.375,00;2.430.435,00;8.340,00;1.479.805,00;9.079,00;7.500.178,00;29.974,00;5.986.616,00;22.368,00;10.104.097,00;35.928,00;51.793,00;110,00;450.230,00;1.525,00;27.506.942,00;15.124,00;4.611.576,00;4.499,00;94.520,00;35,00;4.412.379,00;1.857,00;644.043,00;464,00;198.909,00;32,00;324.014,00;108,95;12.255.265,00;5.213,00;351.931,00;416,00;4.797,00;11.872.419,00;4.243,00;6.007.423,00;2.938,00;4.798.794,00;3.804,00;5.874.737,00;634,00;3.974.975,00;1.047,00;368.683,00;33,00;1.027.618,00;114,00;113.286,00;1.350,00;504.998,00;740,00;4.821.089,00;1.333,00;586.101,00;1.149,00;5.719.316,00;1.763,00;899.774,00;440,00;458.917,00;54,00;213.961,00;589,00;0,00;0,00;102.159,00;291,00;4.204.535,00;2.028,00;1.772.332,00;1.464,00;231.926,00;862,00;25.485,00;105.689,00;-7.558,10;1.367,00;4.499,00;95.266,86;4.109,50;91.157,36;393.771,06;38.396,90;68.060,30;6.552,53;46.862,79;0,00;31.971.246,50;9.322,50;147,14;0,92;1,86;0,00;10,92;12,78;66,18;0,00;0,00;30,69;8.105,70;3.758,90;;39.297,10;46,80;;450.448,00;46,80;;608.812,00;49.172,00;105%;0,00;0%;3.088.094,00;2.690,00;6.680.986,00;438,00;4.805.651,00;83,00;5.696.919,00;68,00;0,00;0,00;0,00;0,00;340.359,00;0,00;17.499,00;0,00;0,00;0,00;0,00;0,00;0,00;417.021,30;704.902,00;34.618,00;51.883,10;34.618,00;4.280,00;17.818,00;41.302,00;49.566,00;91.746,00;328.166,49;0,00;0,00;0,00;328.166,49;419.912,49;2.693.544,51;28.079.487,52;1.235.519,78;;387.791,98;;181.440,00;;801.450,00;;127.478,40;;68.910,75;;;0,00;0,00;;;;;;;;;;;;;;;;;;;;;
14/12/2025;6.992,65;1.504,23;6.990,73;1.504,64;1.365,38;824,44;9.545,45;13.033.166,52;0,00;17.378,65;3.951,21;9.545,45;165.887.025,10;79.799,96;43.714.460,38;17.523.597,94;1,00;43.714.460,38;111.152,51;111.152,51;190.952,47;179.920,00;11.032,47;29.244.216,00;11.054,00;116.462,00;64,00;473.075,00;128,00;14.835.626,00;8.717,00;41.307.072,00;23.536,00;28.822.688,00;14.524,00;256.619,00;141,00;923.980,00;443,00;6.919.817,00;3.490,00;5.308.125,00;21.358,00;2.438.789,00;8.354,00;1.488.844,00;9.039,00;7.530.094,00;29.916,00;6.008.332,00;21.716,00;10.138.360,00;34.263,00;51.903,00;110,00;451.602,00;1.372,00;27.521.778,00;14.836,00;4.615.905,00;4.329,00;94.555,00;35,00;4.414.392,00;2.013,00;644.685,00;642,00;198.950,00;41,00;325.958,69;1.944,69;12.260.397,00;5.132,00;352.383,00;452,00;4.680,00;11.876.829,00;4.410,00;6.010.288,00;2.865,00;4.802.369,00;3.575,00;5.878.020,00;3.283,00;3.975.840,00;865,00;368.715,00;32,00;1.027.730,00;112,00;114.477,00;1.191,00;505.737,00;739,00;4.822.373,00;1.284,00;587.311,00;1.210,00;5.721.187,00;1.871,00;900.128,00;354,00;458.994,00;77,00;214.534,00;573,00;0,00;0,00;102.450,00;291,00;4.206.617,00;2.082,00;1.773.889,00;1.557,00;232.673,00;747,00;28.171,00;103.288,00;-7.085,80;1.578,00;4.329,00;88.843,27;4.126,50;84.716,77;431.351,80;37.580,74;74.502,03;6.441,73;46.862,79;0,00;31.980.441,90;9.195,40;146,60;0,90;1,83;0,00;10,69;12,52;68,18;0,00;0,00;32,39;8.560,18;4.066,65;;39.338,80;41,70;;463.296,00;41,70;;660.780,00;51.968,00;125%;0,00;0%;3.092.251,00;4.157,00;6.681.184,00;198,00;4.806.235,00;584,00;5.697.641,00;722,00;0,00;0,00;0,00;0,00;340.359,00;0,00;17.499,00;0,00;0,00;0,00;0,00;0,00;0,00;417.021,30;738.790,00;33.888,00;51.919,60;33.888,00;4.280,00;17.889,00;41.327,31;49.566,00;101.415,60;304.980,38;0,00;0,00;0,00;304.980,38;406.395,98;2.525.095,08;30.604.582,60;1.097.992,08;;391.680,00;;171.279,00;;685.584,00;;18.432,00;;0,00;;;0,00;0,00;;;;;;;;;;;;;;;;;;;;;
15/12/2025;7.000,73;1.504,23;6.998,81;1.504,64;1.365,38;824,66;9.545,45;13.033.166,52;0,00;17.386,73;3.951,21;9.545,45;165.964.180,97;77.155,87;43.825.276,42;17.587.819,65;1,00;43.825.276,42;110.816,04;110.816,04;187.971,91;176.912,00;11.059,91;29.253.768,00;9.552,00;116.546,00;84,00;473.254,00;179,00;14.844.250,00;8.624,00;41.330.824,00;23.752,00;28.837.114,00;14.426,00;256.757,00;138,00;924.446,00;466,00;6.923.288,00;3.471,00;5.329.188,00;21.063,00;2.447.091,00;8.302,00;1.497.762,00;8.918,00;7.558.636,00;28.542,00;6.029.974,00;21.642,00;10.172.501,00;34.141,00;52.015,00;112,00;453.141,00;1.539,00;27.536.948,00;15.170,00;4.620.243,00;4.338,00;94.590,00;35,00;4.416.666,00;2.274,00;645.286,00;601,00;198.956,00;6,00;327.014,98;1.056,29;12.265.780,00;5.383,00;352.998,00;615,00;4.768,00;11.881.045,00;4.216,00;6.013.289,00;3.001,00;4.805.855,00;3.486,00;5.881.237,00;3.217,00;3.976.703,00;863,00;368.748,00;33,00;1.027.841,00;111,00;115.708,00;1.231,00;506.421,00;684,00;4.823.608,00;1.235,00;588.142,00;831,00;5.722.900,00;1.713,00;900.487,00;359,00;459.104,00;110,00;215.059,00;525,00;0,00;0,00;102.747,00;297,00;4.208.564,00;1.947,00;1.775.207,00;1.318,00;233.540,00;867,00;28.033,00;101.545,00;-7.006,50;1.688,00;4.338,00;87.407,41;4.248,00;83.159,41;463.017,20;31.665,40;81.118,12;6.616,09;46.862,79;0,00;31.988.365,00;7.923,10;150,14;0,87;1,88;0,00;9,01;10,89;68,13;0,00;0,00;31,46;8.243,20;3.806,42;;39.382,50;43,70;;480.496,00;43,70;;705.372,00;44.592,00;102%;0,00;0%;3.093.146,00;895,00;6.681.666,00;482,00;4.806.237,00;2,00;5.698.043,00;402,00;0,00;0,00;0,00;0,00;340.359,00;0,00;17.499,00;0,00;0,00;0,00;0,00;0,00;0,00;417.021,30;772.999,00;34.209,00;51.956,00;34.209,00;4.280,00;17.966,00;41.342,00;49.566,00;100.918,80;299.373,88;0,00;0,00;0,00;299.373,88;400.292,68;2.552.015,91;33.156.598,51;1.172.331,39;;336.835,20;;214.804,92;;658.782,92;;178.560,00;;0,00;;;0,00;0,00;;;;;;;;;;;;;;;;;;;;;
16/12/2025;7.007,81;1.504,23;7.005,88;1.504,64;1.365,38;824,98;9.545,45;13.033.166,52;0,00;17.393,80;3.951,21;9.545,45;166.031.619,57;67.438,60;43.935.942,52;17.647.208,46;1,00;43.935.942,52;110.666,10;110.666,10;178.104,70;167.741,00;10.363,70;29.263.104,00;9.336,00;116.600,00;54,00;473.474,00;220,00;14.851.589,00;7.339,00;41.354.452,00;23.628,00;28.850.532,00;13.418,00;256.895,00;138,00;924.909,00;463,00;6.925.500,00;2.212,00;5.346.962,00;17.774,00;2.455.428,00;8.337,00;1.503.244,00;5.482,00;7.588.740,00;30.104,00;6.048.170,00;18.196,00;10.205.665,00;33.164,00;52.122,00;107,00;454.891,00;1.750,00;27.551.730,00;14.782,00;4.624.548,00;4.305,00;94.625,00;35,00;4.418.965,00;2.299,00;645.933,00;647,00;199.360,00;404,00;328.098,25;1.083,27;12.270.342,00;4.562,00;353.613,00;615,00;3.947,00;11.884.879,00;3.834,00;6.016.533,00;3.244,00;4.809.553,00;3.698,00;5.883.093,00;1.856,00;3.977.741,00;1.038,00;368.782,00;34,00;1.027.920,00;79,00;116.783,00;1.075,00;507.198,00;777,00;4.824.874,00;1.266,00;589.127,00;985,00;5.724.559,00;1.659,00;900.899,00;412,00;459.289,00;185,00;215.652,00;593,00;0,00;0,00;103.047,00;300,00;4.210.265,00;1.701,00;1.776.291,00;1.084,00;234.376,00;836,00;26.636,00;95.283,00;-8.464,30;2.129,00;4.305,00;84.852,00;3.986,50;80.865,50;493.340,44;30.323,24;84.813,13;3.695,01;49.569,77;2.706,98;31.996.010,30;7.645,30;96,82;82,80;1,05;0,77;8,62;10,45;58,64;0,00;0,00;29,40;7.140,06;3.579,77;;39.431,30;48,80;;503.680,00;48,80;;753.188,00;47.816,00;98%;0,00;0%;3.097.893,00;4.747,00;6.683.241,00;1.575,00;4.806.258,00;21,00;5.701.251,00;3.208,00;0,00;0,00;0,00;0,00;340.359,00;0,00;17.499,00;0,00;0,00;0,00;0,00;0,00;0,00;417.021,30;806.733,00;33.734,00;51.993,30;33.734,00;4.280,00;18.042,00;41.356,00;49.566,00;95.889,60;291.115,82;0,00;0,00;0,00;291.115,82;387.005,42;2.131.046,01;35.287.644,52;797.720,83;;272.325,00;;257.921,78;;784.008,00;;169.262,40;;28.690,00;;;0,00;0,00;;;;;;;;;;;;;;;;;;;;;
17/12/2025;7.013,60;1.504,23;7.011,68;1.504,64;1.365,38;825,27;9.545,45;13.033.166,52;0,00;17.399,59;3.951,21;9.545,45;166.086.935,46;55.315,88;44.046.824,29;17.702.429,18;1,00;44.046.824,29;110.881,77;110.881,77;166.197,65;156.206,00;9.991,65;29.271.648,00;8.544,00;116.711,00;111,00;473.664,00;190,00;14.858.751,00;7.162,00;41.377.992,00;23.540,00;28.864.236,00;13.704,00;257.030,00;135,00;925.368,00;459,00;6.929.305,00;3.805,00;5.367.758,00;20.796,00;2.463.808,00;8.380,00;1.512.489,00;9.245,00;7.618.156,00;29.416,00;6.062.884,00;14.714,00;10.229.969,00;24.304,00;52.237,00;115,00;456.256,00;1.365,00;27.565.756,00;14.026,00;4.629.283,00;4.735,00;94.664,00;39,00;4.421.240,00;2.275,00;646.556,00;623,00;199.573,00;213,00;329.183,78;1.085,53;12.274.620,00;4.278,00;354.242,00;629,00;3.649,00;11.889.207,00;4.328,00;6.018.539,00;2.006,00;4.812.111,00;2.558,00;5.886.425,00;3.332,00;3.978.731,00;990,00;368.817,00;35,00;1.027.993,00;73,00;117.786,00;1.003,00;507.822,00;624,00;4.826.268,00;1.394,00;590.632,00;1.505,00;5.726.016,00;1.457,00;901.319,00;420,00;459.531,00;242,00;216.122,00;470,00;0,00;0,00;103.338,00;291,00;4.212.036,00;1.771,00;1.777.428,00;1.137,00;235.224,00;848,00;21.751,00;86.059,00;-8.804,80;1.924,00;4.735,00;82.284,45;4.047,50;78.236,95;516.763,40;23.422,96;88.591,34;3.778,21;56.754,21;7.184,44;32.002.221,50;6.211,20;125,40;204,68;1,07;2,04;6,66;9,78;56,39;0,00;0,00;27,86;6.937,75;3.427,66;;39.506,80;75,50;;511.216,00;48,50;;797.936,00;44.748,00;92%;0,00;0%;3.102.555,00;4.662,00;6.684.305,00;1.064,00;4.807.879,00;1.621,00;5.702.146,00;895,00;0,00;0,00;0,00;0,00;340.359,00;0,00;17.499,00;0,00;0,00;0,00;0,00;0,00;0,00;417.021,30;840.592,00;33.859,00;52.030,10;33.859,00;4.280,00;18.122,00;41.369,00;49.566,00;78.303,60;281.653,03;0,00;0,00;0,00;281.653,03;359.956,63;1.709.716,29;36.997.360,81;643.894,75;;365.361,00;;106.938,94;;446.140,00;;19.070,40;;18.300,00;;;0,00;0,00;;;;;;;;;;;;;;;;;;;;;
18/12/2025;7.020,22;1.504,23;7.018,30;1.504,64;1.365,38;825,55;9.545,45;13.033.166,52;0,00;17.406,22;3.951,21;9.545,45;166.150.174,06;63.238,61;44.157.712,07;17.761.206,00;1,00;44.157.712,07;110.887,78;110.887,78;174.126,39;163.450,00;10.676,39;29.281.344,00;9.696,00;116.801,00;90,00;473.844,00;180,00;14.866.646,00;7.895,00;41.401.900,00;23.908,00;28.876.288,00;12.052,00;257.163,00;133,00;925.823,00;455,00;6.930.012,00;707,00;5.388.291,00;20.533,00;2.472.115,00;8.307,00;1.521.684,00;9.195,00;7.647.090,00;28.934,00;6.082.379,00;19.495,00;10.256.698,00;26.729,00;52.348,00;111,00;457.190,00;934,00;27.579.964,00;14.208,00;4.633.630,00;4.347,00;94.699,00;35,00;4.423.399,00;2.159,00;647.112,00;556,00;199.780,00;207,00;330.239,49;1.055,71;12.279.341,00;4.721,00;354.880,00;638,00;4.083,00;11.893.643,00;4.436,00;6.021.345,00;2.806,00;4.815.690,00;3.579,00;5.886.814,00;389,00;3.979.788,00;1.057,00;368.851,00;34,00;1.028.075,00;82,00;119.047,00;1.261,00;508.465,00;643,00;4.827.603,00;1.335,00;592.275,00;1.643,00;5.727.500,00;1.484,00;901.739,00;420,00;459.701,00;170,00;216.388,00;266,00;0,00;0,00;103.629,00;291,00;4.213.891,00;1.855,00;1.778.655,00;1.227,00;236.095,00;871,00;28.625,00;92.660,00;-7.756,00;1.856,00;4.347,00;83.019,39;4.096,50;78.922,89;547.134,80;30.371,40;94.087,31;5.495,97;62.081,69;5.327,48;32.009.581,20;7.359,70;122,05;94,59;1,56;1,52;8,64;11,72;63,88;0,00;0,00;30,93;7.707,58;3.731,93;;39.559,00;52,20;;542.145,00;52,20;;845.900,00;47.964,00;92%;0,00;0%;3.107.586,00;5.031,00;6.684.602,00;297,00;4.808.009,00;130,00;5.704.771,00;2.625,00;0,00;0,00;0,00;0,00;340.359,00;0,00;17.499,00;0,00;0,00;0,00;0,00;0,00;0,00;417.021,30;874.630,00;34.038,00;52.066,90;34.038,00;4.280,00;18.190,00;41.381,00;49.566,00;103.050,00;284.122,39;0,00;0,00;0,00;284.122,39;387.172,39;2.316.356,51;39.313.717,32;1.016.272,51;;407.808,00;;174.486,00;;717.790,00;;147.381,00;;72.677,00;;;0,00;0,00;;;;;;;;;;;;;;;;;;;;;
19/12/2025;7.027,15;1.504,23;7.025,22;1.504,64;1.365,38;825,79;9.545,45;13.033.166,52;0,00;17.413,13;3.951,21;9.545,45;166.216.161,76;65.987,70;44.265.568,98;17.817.926,27;1,00;44.265.568,98;107.856,91;107.856,91;173.844,61;167.352,00;6.492,61;29.292.620,00;11.276,00;116.874,00;73,00;474.049,00;205,00;14.874.893,00;8.247,00;41.425.832,00;23.932,00;28.891.044,00;14.756,00;257.298,00;135,00;926.271,00;448,00;6.933.379,00;3.367,00;5.409.600,00;21.309,00;2.480.438,00;8.323,00;1.530.951,00;9.267,00;7.674.013,00;26.923,00;6.101.259,00;18.880,00;10.283.887,00;27.189,00;52.484,00;136,00;458.702,00;1.512,00;27.594.804,00;14.840,00;4.638.211,00;4.581,00;94.735,00;36,00;4.425.595,00;2.196,00;647.759,00;647,00;199.815,00;35,00;331.287,81;1.048,32;12.283.979,00;4.638,00;355.502,00;622,00;4.016,00;11.897.943,00;4.300,00;6.024.193,00;2.848,00;4.819.180,00;3.490,00;5.889.751,00;2.937,00;3.980.795,00;1.007,00;368.886,00;35,00;1.028.196,00;121,00;120.374,00;1.327,00;509.063,00;598,00;4.829.219,00;1.616,00;593.988,00;1.713,00;5.729.223,00;1.723,00;902.108,00;369,00;459.922,00;221,00;216.951,00;563,00;0,00;0,00;103.927,00;298,00;4.215.695,00;1.804,00;1.779.789,00;1.134,00;237.063,00;968,00;26.346,00;90.582,00;-7.453,50;1.752,00;4.581,00;84.383,11;4.168,00;80.215,11;578.875,06;31.740,26;100.985,51;6.898,20;68.991,31;6.909,62;32.018.447,30;8.866,10;173,17;237,38;1,96;1,97;9,03;12,95;65,13;0,00;0,00;29,72;8.083,55;3.688,67;;39.632,50;73,50;;555.216,00;46,50;;901.704,00;55.804,00;120%;0,00;0%;3.111.948,00;4.362,00;6.685.230,00;628,00;4.808.032,00;23,00;5.707.450,00;2.679,00;0,00;0,00;0,00;0,00;340.359,00;0,00;17.500,00;1,00;0,00;0,00;0,00;0,00;0,00;417.021,30;900.668,00;26.038,00;52.103,90;26.038,00;4.280,00;18.265,00;41.406,00;49.566,00;94.845,60;288.774,38;0,00;0,00;0,00;288.774,38;383.619,98;2.131.925,09;41.445.642,41;890.140,34;;369.792,00;;170.550,00;;572.544,00;;0,00;;25.692,75;;;0,00;0,00;;;;;;;;;;;;;;;;;;;;;
20/12/2025;7.034,10;1.504,23;7.032,16;1.504,65;1.365,38;826,03;9.545,45;13.033.166,52;0,00;17.420,08;3.951,21;9.545,45;166.282.483,55;66.321,79;44.379.977,61;17.877.594,72;1,00;44.379.977,61;114.408,63;114.408,63;180.730,42;165.431,00;15.299,42;29.303.330,00;10.710,00;116.953,00;79,00;474.197,00;148,00;14.883.225,00;8.332,00;41.449.776,00;23.944,00;28.905.758,00;14.714,00;257.439,00;141,00;926.706,00;435,00;6.937.209,00;3.830,00;5.430.626,00;21.026,00;2.488.776,00;8.338,00;1.540.227,00;9.276,00;7.700.649,00;26.636,00;6.120.157,00;18.898,00;10.311.776,00;27.889,00;52.625,00;141,00;460.093,00;1.391,00;27.608.086,00;13.282,00;4.641.831,00;3.620,00;94.770,00;35,00;4.427.627,00;2.032,00;648.173,00;414,00;199.955,00;140,00;332.310,48;1.022,67;12.287.911,00;3.932,00;355.890,00;388,00;3.544,00;11.901.647,00;3.704,00;6.027.447,00;3.254,00;4.822.749,00;3.569,00;5.893.021,00;3.270,00;3.981.752,00;957,00;368.921,00;35,00;1.028.283,00;87,00;121.662,00;1.288,00;509.702,00;639,00;4.830.303,00;1.084,00;595.643,00;1.655,00;5.730.842,00;1.619,00;902.468,00;360,00;460.225,00;303,00;217.459,00;508,00;0,00;0,00;104.222,00;295,00;4.217.410,00;1.715,00;1.780.944,00;1.155,00;237.870,00;807,00;26.816,00;91.037,00;-7.426,80;1.377,00;3.620,00;92.123,22;3.833,00;88.290,22;610.266,40;31.391,34;106.178,75;5.193,24;76.271,11;7.279,80;32.026.828,20;8.380,90;127,44;269,49;1,48;2,07;8,93;12,48;65,03;0,00;0,00;30,49;8.052,41;3.775,46;;39.702,80;70,30;;602.976,00;43,30;;955.272,00;53.568,00;124%;0,00;0%;3.117.527,00;5.579,00;6.686.191,00;961,00;4.808.399,00;367,00;5.707.451,00;1,00;0,00;0,00;0,00;0,00;340.359,00;0,00;17.500,00;0,00;0,00;0,00;0,00;0,00;0,00;417.021,30;942.963,00;42.295,00;52.141,10;42.295,00;4.280,00;18.329,00;41.415,00;49.566,00;96.537,60;317.844,78;0,00;0,00;0,00;317.844,78;414.382,38;1.333.048,61;42.778.691,02;687.889,10;;359.463,51;;285.696,00;;528.300,00;;103.206,00;;20.250,00;;;0,00;0,00;;;;;;;;;;;;;;;;;;;;;
21/12/2025;7.041,22;1.504,24;7.039,28;1.504,65;1.365,38;826,19;9.545,45;13.033.166,52;0,00;17.427,19;3.951,21;9.545,45;166.350.351,69;67.868,15;44.489.851,91;17.935.497,15;1,00;44.489.851,91;109.874,30;109.874,30;177.742,45;169.252,00;8.490,45;29.315.758,00;12.428,00;117.023,00;70,00;474.341,00;144,00;14.891.520,00;8.295,00;41.473.720,00;23.944,00;28.919.880,00;14.122,00;257.572,00;133,00;927.146,00;440,00;6.940.532,00;3.323,00;5.451.582,00;20.956,00;2.497.104,00;8.328,00;1.549.449,00;9.222,00;7.726.614,00;25.965,00;6.141.877,00;21.720,00;10.339.568,00;27.792,00;52.765,00;140,00;461.482,00;1.389,00;27.622.116,00;14.030,00;4.646.053,00;4.222,00;94.805,00;35,00;4.429.374,00;1.747,00;648.400,00;227,00;199.976,00;21,00;333.278,22;967,74;12.292.720,00;4.809,00;356.119,00;229,00;4.580,00;11.905.691,00;4.044,00;6.030.370,00;2.923,00;4.826.055,00;3.306,00;5.895.722,00;2.701,00;3.982.667,00;915,00;368.955,00;34,00;1.028.369,00;86,00;123.101,00;1.439,00;510.389,00;687,00;4.831.405,00;1.102,00;597.461,00;1.818,00;5.732.476,00;1.634,00;902.826,00;358,00;460.580,00;355,00;217.956,00;497,00;0,00;0,00;104.515,00;293,00;4.219.077,00;1.667,00;1.782.072,00;1.128,00;238.608,00;738,00;27.944,00;93.027,00;-7.530,80;917,00;4.222,00;87.107,25;3.571,50;83.535,75;647.177,25;36.910,85;110.799,74;4.620,99;84.162,84;7.891,73;32.036.539,60;9.711,40;110,94;247,11;1,31;2,24;10,50;14,06;66,03;0,00;0,00;29,95;7.842,08;3.557,02;;39.769,80;67,00;;639.408,00;40,00;;995.928,00;40.656,00;102%;0,00;0%;3.122.754,00;5.227,00;6.686.623,00;432,00;4.808.470,00;71,00;5.708.601,00;1.150,00;0,00;0,00;0,00;0,00;340.359,00;0,00;17.500,00;0,00;0,00;0,00;0,00;0,00;0,00;417.021,30;976.820,00;33.857,00;52.177,90;33.857,00;4.280,00;18.408,00;41.429,60;49.566,00;100.598,40;300.728,70;0,00;0,00;0,00;300.728,70;401.327,10;2.285.517,33;45.064.208,35;1.039.710,08;;350.501,41;;193.395,84;;575.640,00;;101.596,80;;0,00;;;0,00;0,00;;;;;;;;;;;;;;;;;;;;;
22/12/2025;7.048,67;1.504,24;7.046,74;1.504,65;1.365,38;826,35;9.545,45;13.033.166,52;0,00;17.434,64;3.951,21;9.545,45;166.421.503,48;71.151,78;44.599.862,75;17.998.377,34;1,00;44.599.862,75;110.010,84;110.010,84;181.162,62;171.216,00;9.946,62;29.327.926,00;12.168,00;117.096,00;73,00;474.534,00;193,00;14.900.071,00;8.551,00;41.497.580,00;23.860,00;28.934.386,00;14.506,00;257.709,00;137,00;927.604,00;458,00;6.943.808,00;3.276,00;5.472.307,00;20.725,00;2.505.437,00;8.333,00;1.558.717,00;9.268,00;7.754.541,00;27.927,00;6.163.235,00;21.358,00;10.367.175,00;27.607,00;52.857,00;92,00;462.519,00;1.037,00;27.636.630,00;14.514,00;4.650.117,00;4.064,00;94.840,00;35,00;4.431.653,00;2.279,00;649.176,00;776,00;200.121,00;145,00;334.256,00;977,78;12.298.081,00;5.361,00;356.756,00;637,00;4.724,00;11.909.737,00;4.046,00;6.033.422,00;3.052,00;4.829.695,00;3.640,00;5.898.538,00;2.816,00;3.983.628,00;961,00;368.990,00;35,00;1.028.457,00;88,00;124.408,00;1.307,00;511.109,00;720,00;4.832.767,00;1.362,00;599.283,00;1.822,00;5.734.111,00;1.635,00;903.206,00;380,00;460.829,00;249,00;218.280,00;324,00;0,00;0,00;104.809,00;294,00;4.220.642,00;1.565,00;1.783.038,00;966,00;239.451,00;843,00;29.421,00;94.493,00;-7.409,80;2.016,00;4.064,00;87.999,42;3.841,50;84.157,92;682.368,20;35.190,95;115.328,89;4.529,15;89.047,86;4.885,02;32.046.157,80;9.618,20;115,28;120,53;1,29;1,39;10,01;12,69;68,13;0,00;0,00;32,36;8.289,85;3.937,47;;39.820,80;51,00;;662.080,00;31,00;;1.034.436,00;38.508,00;124%;0,00;0%;3.128.177,00;5.423,00;6.687.027,00;404,00;4.808.608,00;138,00;5.709.458,00;857,00;0,00;0,00;0,00;0,00;340.359,00;0,00;17.500,00;0,00;0,00;0,00;0,00;0,00;0,00;417.021,30;1.011.979,00;35.159,00;52.215,90;35.159,00;4.280,00;18.501,00;41.443,00;49.566,00;105.915,60;302.968,53;0,00;0,00;0,00;302.968,53;408.884,13;2.437.323,32;47.501.531,67;1.123.191,72;;232.416,00;;213.849,60;;676.260,00;;126.270,00;;18.305,00;;;0,00;0,00;;;;;;;;;;;;;;;;;;;;;
23/12/2025;7.056,24;1.504,24;7.054,30;1.504,65;1.365,38;826,53;9.545,45;13.033.166,52;0,00;17.442,20;3.951,21;9.545,45;166.493.667,08;72.163,60;44.710.640,00;18.059.726,36;1,00;44.710.640,00;110.777,25;110.777,25;182.940,85;172.252,00;10.688,85;29.339.812,00;11.886,00;117.167,00;71,00;474.720,00;186,00;14.908.495,00;8.424,00;41.521.716,00;24.136,00;28.948.038,00;13.652,00;257.849,00;140,00;928.054,00;450,00;6.945.168,00;1.360,00;5.493.232,00;20.925,00;2.513.800,00;8.363,00;1.568.009,00;9.292,00;7.783.929,00;29.388,00;6.184.564,00;21.329,00;10.395.019,00;27.844,00;52.968,00;111,00;463.935,00;1.416,00;27.651.298,00;14.668,00;4.654.012,00;3.895,00;94.876,00;36,00;4.433.721,00;2.068,00;649.636,00;460,00;200.250,00;129,00;335.392,04;1.136,04;12.303.241,00;5.160,00;357.145,00;389,00;4.771,00;11.913.730,00;3.993,00;6.036.536,00;3.114,00;4.833.384,00;3.689,00;5.899.685,00;1.147,00;3.984.727,00;1.099,00;369.043,00;53,00;1.029.006,00;549,00;125.815,00;1.407,00;511.893,00;784,00;4.834.349,00;1.582,00;601.015,00;1.732,00;5.735.795,00;1.684,00;903.646,00;440,00;460.923,00;94,00;218.873,00;593,00;0,00;0,00;105.106,00;297,00;4.222.129,00;1.487,00;1.783.928,00;890,00;240.348,00;897,00;30.533,00;96.216,00;-7.303,30;1.428,00;3.895,00;88.705,15;3.715,00;84.990,15;716.917,00;34.548,80;120.081,31;4.752,42;90.340,74;1.292,88;32.055.610,50;9.452,70;121,68;136,84;1,35;0,37;9,83;11,55;65,18;0,00;0,00;30,75;8.142,81;3.841,54;;39.863,30;42,50;;684.176,00;42,50;;1.074.036,00;39.600,00;93%;0,00;0%;3.132.160,00;3.983,00;6.687.256,00;229,00;4.809.227,00;619,00;5.712.076,00;2.618,00;0,00;0,00;0,00;0,00;340.359,00;0,00;17.500,00;0,00;0,00;0,00;0,00;0,00;0,00;417.021,30;1.045.982,00;34.003,00;52.252,90;34.003,00;4.280,00;18.577,00;41.459,01;49.566,00;109.918,80;305.964,55;0,00;0,00;0,00;305.964,55;415.883,35;2.546.893,31;50.048.424,98;1.170.877,17;;221.604,00;;253.948,80;;759.492,00;;173.301,00;;69.316,75;;;0,00;35.942,59;;;;;;;;;;;;;;;;;;;;;
24/12/2025;7.061,58;1.504,24;7.059,64;1.504,66;1.365,40;826,74;9.545,45;13.033.357,43;190,91;17.447,51;3.951,21;9.545,45;166.544.315,24;50.648,16;44.829.655,96;18.115.572,00;1,00;44.829.655,96;119.015,96;118.825,05;169.473,21;143.981,00;25.492,21;29.348.628,00;8.816,00;117.231,00;64,00;474.884,00;164,00;14.915.011,00;6.516,00;41.545.728,00;24.012,00;28.959.333,00;11.295,00;257.979,00;130,00;928.495,00;441,00;6.947.566,00;2.398,00;5.513.424,00;20.192,00;2.522.132,00;8.332,00;1.577.299,00;9.290,00;7.813.724,00;29.795,00;6.190.433,00;5.869,00;10.421.023,00;26.004,00;53.043,00;75,00;465.067,00;1.132,00;27.662.780,00;11.482,00;4.658.496,00;4.484,00;94.912,00;36,00;4.435.090,00;1.369,00;649.857,00;221,00;200.313,00;63,00;336.442,06;1.050,02;12.306.521,00;3.280,00;357.318,00;173,00;3.107,00;11.916.491,00;2.761,00;6.038.755,00;2.219,00;4.835.682,00;2.298,00;5.901.773,00;2.088,00;3.985.684,00;957,00;369.079,00;36,00;1.029.122,00;116,00;126.702,00;887,00;512.400,00;507,00;4.835.457,00;1.108,00;602.047,00;1.032,00;5.737.001,00;1.206,00;904.084,00;438,00;461.069,00;146,00;219.205,00;332,00;0,00;0,00;105.396,00;290,00;4.223.648,00;1.519,00;1.784.905,00;977,00;241.075,00;727,00;33.418,00;79.290,00;-9.388,60;898,00;4.484,00;94.189,81;3.220,50;90.969,31;742.089,30;25.172,30;124.575,83;4.494,52;94.753,98;4.413,24;32.062.577,90;6.967,40;111,59;124,61;1,28;1,26;7,16;9,69;49,98;0,00;0,00;23,59;6.047,97;2.854,57;;39.916,60;53,30;;711.344,00;26,30;;1.125.380,00;51.344,00;195%;0,00;0%;3.134.384,00;2.224,00;6.687.784,00;528,00;4.809.718,00;491,00;5.713.851,00;1.775,00;0,00;0,00;0,00;0,00;340.359,00;0,00;17.500,00;0,00;0,00;0,00;0,00;0,00;0,00;417.021,30;1.079.168,00;33.186,00;52.289,30;33.186,00;4.280,00;18.652,00;41.471,00;49.566,00;120.304,80;327.489,51;0,00;0,00;0,00;327.489,51;447.794,31;1.644.242,94;51.692.667,92;735.623,89;;184.734,00;;173.485,85;;480.840,00;;35.712,00;;0,00;;;0,00;0,00;;;;;;;;;;;;;;;;;;;;;
25/12/2025;7.067,58;1.504,25;7.065,64;1.504,66;1.365,40;826,91;9.545,45;13.033.357,43;0,00;17.453,51;3.951,21;9.545,45;166.601.587,94;57.272,70;44.932.988,16;18.169.424,33;1,00;44.932.988,16;103.332,20;103.332,20;160.604,90;167.604,00;-6.999,10;29.358.746,00;10.118,00;117.294,00;63,00;475.072,00;188,00;14.921.849,00;6.838,00;41.569.684,00;23.956,00;28.972.144,00;12.811,00;258.111,00;132,00;928.939,00;444,00;6.950.625,00;3.059,00;5.533.623,00;20.199,00;2.530.473,00;8.341,00;1.586.601,00;9.302,00;7.842.577,00;28.853,00;6.215.158,00;24.725,00;10.449.179,00;28.156,00;53.124,00;81,00;465.962,00;895,00;27.674.728,00;11.948,00;4.662.928,00;4.432,00;94.947,00;35,00;4.436.381,00;1.291,00;650.087,00;230,00;200.347,00;34,00;337.452,00;1.009,94;12.310.154,00;3.633,00;357.542,00;224,00;3.409,00;11.920.012,00;3.521,00;6.041.396,00;2.641,00;4.838.567,00;2.885,00;5.904.361,00;2.588,00;3.986.577,00;893,00;369.115,00;36,00;1.029.235,00;113,00;127.655,00;953,00;513.007,00;607,00;4.836.754,00;1.297,00;603.717,00;1.670,00;5.738.364,00;1.363,00;904.449,00;365,00;461.321,00;252,00;219.489,00;284,00;0,00;0,00;105.680,00;284,00;4.225.269,00;1.621,00;1.786.007,00;1.102,00;241.553,00;478,00;22.291,00;99.377,00;-9.179,50;932,00;4.432,00;65.043,40;3.028,50;62.014,90;769.945,90;27.856,60;128.751,86;4.176,03;98.733,14;3.979,16;32.070.452,90;7.875,00;106,58;120,73;1,19;1,13;7,92;10,24;56,08;0,00;0,00;27,14;6.808,45;3.294,96;;39.973,50;56,90;;739.232,00;27,89;;1.172.600,00;47.220,00;169%;0,00;0%;3.138.213,00;3.829,00;6.688.151,00;367,00;4.809.935,00;217,00;5.714.560,00;709,00;0,00;0,00;0,00;0,00;340.359,00;0,00;17.500,00;0,00;0,00;0,00;0,00;0,00;0,00;417.021,30;1.113.018,00;33.850,00;52.325,00;33.850,00;4.280,00;18.732,00;41.479,40;49.566,00;80.247,60;223.253,64;0,00;0,00;0,00;223.253,64;303.501,24;1.628.972,47;53.321.640,39;682.380,00;;296.064,00;;162.911,47;;487.617,00;;69.559,20;;4.565,00;;;0,00;0,00;;;;;;;;;;;;;;;;;;;;;
26/12/2025;7.074,17;1.504,92;7.072,23;1.505,33;1.365,40;826,96;9.545,45;13.033.357,43;0,00;17.461,10;3.951,89;9.545,45;166.674.057,00;72.469,06;45.043.876,09;18.219.245,16;1,00;45.043.876,09;110.887,93;110.887,93;183.356,99;162.669,00;20.687,99;29.368.268,00;9.522,00;117.367,00;73,00;475.251,00;179,00;14.930.350,00;8.501,00;41.593.076,00;23.392,00;28.987.052,00;14.908,00;258.247,00;136,00;929.434,00;495,00;6.954.332,00;3.707,00;5.554.268,00;20.645,00;2.538.377,00;7.904,00;1.595.898,00;9.297,00;7.869.101,00;26.524,00;6.234.039,00;18.881,00;10.475.001,00;25.822,00;53.213,00;89,00;467.362,00;1.400,00;27.689.202,00;14.474,00;4.667.204,00;4.276,00;94.983,00;36,00;4.438.293,00;1.912,00;650.676,00;589,00;200.547,00;200,00;338.399,86;947,86;12.315.007,00;4.853,00;358.196,00;654,00;4.199,00;11.924.330,00;4.318,00;6.044.162,00;2.766,00;4.842.083,00;3.516,00;5.907.546,00;3.185,00;3.987.501,00;924,00;369.150,00;35,00;1.029.350,00;115,00;128.777,00;1.122,00;513.686,00;679,00;4.838.298,00;1.544,00;605.480,00;1.763,00;5.740.033,00;1.669,00;904.810,00;361,00;461.602,00;281,00;219.938,00;449,00;0,00;0,00;105.977,00;297,00;4.226.968,00;1.699,00;1.787.116,00;1.109,00;242.473,00;920,00;26.513,00;88.428,00;-8.156,30;1.938,00;4.276,00;96.871,29;3.872,00;92.999,29;796.644,30;26.698,40;132.796,69;4.044,83;105.625,02;6.891,88;32.077.356,90;6.904,00;107,37;177,06;1,15;1,96;7,59;10,70;66,13;0,00;0,00;32,26;8.116,92;3.959,65;;40.049,30;75,80;;787.616,00;48,38;;1.228.420,00;55.820,00;115%;0,00;0%;3.139.914,00;1.701,00;6.689.778,00;1.627,00;4.810.522,00;587,00;5.717.129,00;2.569,00;0,00;0,00;0,00;0,00;340.359,00;0,00;17.500,00;0,00;0,00;0,00;0,00;0,00;0,00;417.021,30;1.147.356,00;34.338,00;52.353,20;34.338,00;4.280,00;18.762,00;41.494,00;49.566,00;95.446,80;334.797,43;0,00;0,00;0,00;334.797,43;430.244,23;2.214.289,50;55.535.929,89;857.836,10;;384.768,00;;163.492,80;;673.107,00;;0,00;;16.120,00;;;0,00;0,00;;;;;;;;;;;;;;;;;;;;;
27/12/2025;7.079,11;1.505,05;7.077,16;1.505,46;1.365,40;827,12;9.545,45;13.033.357,43;0,00;17.465,04;3.952,01;9.545,45;166.711.618,34;37.561,35;45.153.824,29;18.268.156,93;1,00;45.153.824,29;109.948,20;109.948,20;147.509,55;149.242,00;-1.732,45;29.378.144,00;9.876,00;117.441,00;74,00;475.382,00;131,00;14.938.621,00;8.271,00;41.617.128,00;24.052,00;29.001.342,00;14.290,00;258.385,00;138,00;929.935,00;501,00;6.957.142,00;2.810,00;5.568.811,00;14.543,00;2.546.677,00;8.300,00;1.598.119,00;2.221,00;7.889.313,00;20.212,00;6.252.456,00;18.417,00;10.500.354,00;25.353,00;53.299,00;86,00;468.764,00;1.402,00;27.703.430,00;14.228,00;4.671.449,00;4.245,00;95.018,00;35,00;4.440.162,00;1.869,00;650.931,00;255,00;200.749,00;202,00;339.353,47;953,61;12.319.868,00;4.861,00;358.597,00;401,00;4.460,00;11.928.280,00;3.950,00;6.047.010,00;2.848,00;4.845.439,00;3.356,00;5.909.922,00;2.376,00;3.988.407,00;906,00;369.184,00;34,00;1.029.462,00;112,00;130.044,00;1.267,00;514.315,00;629,00;4.840.132,00;1.834,00;607.298,00;1.818,00;5.741.704,00;1.671,00;905.158,00;348,00;461.829,00;227,00;220.437,00;499,00;0,00;0,00;106.266,00;289,00;4.228.867,00;1.899,00;1.788.465,00;1.349,00;243.409,00;936,00;26.683,00;74.503,00;-7.798,40;1.359,00;4.245,00;75.200,95;4.058,50;71.142,45;825.123,06;28.478,76;140.320,84;7.524,15;111.719,81;6.094,79;32.084.730,40;7.373,50;175,92;138,63;2,14;1,73;8,10;11,97;66,18;0,00;0,00;22,94;8.009,00;2.776,16;;40.121,40;72,10;;836.128,00;48,51;;1.279.220,00;50.800,00;105%;0,00;0%;3.143.176,00;3.262,00;6.690.581,00;803,00;4.812.083,00;1.561,00;5.719.417,00;2.288,00;0,00;0,00;0,00;0,00;340.359,00;0,00;17.500,00;0,00;0,00;0,00;0,00;0,00;0,00;417.021,30;1.181.338,00;33.982,00;52.400,10;33.982,00;4.280,00;18.811,00;41.506,00;49.566,00;96.058,80;256.112,80;0,00;0,00;0,00;256.112,80;352.171,60;2.159.823,58;57.695.753,47;1.140.471,58;;267.264,00;;174.576,00;;577.512,00;;118.965,60;;53.498,50;;;0,00;0,00;;;;;;;;;;;;;;;;;;;;;
28/12/2025;7.084,32;1.505,20;7.082,37;1.505,61;1.365,40;827,22;9.545,45;13.033.357,43;0,00;17.470,24;3.952,16;9.545,45;166.761.331,04;49.712,70;45.264.637,86;18.317.391,77;1,00;45.264.637,86;110.813,57;110.813,57;160.526,27;152.920,00;7.606,27;29.389.488,00;11.344,00;117.516,00;75,00;475.513,00;131,00;14.947.163,00;8.542,00;41.641.276,00;24.148,00;29.016.766,00;15.424,00;258.513,00;128,00;930.458,00;523,00;6.961.747,00;4.605,00;5.583.729,00;14.918,00;2.554.977,00;8.300,00;1.601.013,00;2.894,00;7.910.038,00;20.725,00;6.272.541,00;20.085,00;10.524.830,00;24.476,00;53.377,00;78,00;469.807,00;1.043,00;27.716.688,00;13.258,00;4.675.210,00;3.761,00;95.053,00;35,00;4.441.689,00;1.527,00;651.158,00;227,00;200.765,00;16,00;340.337,90;984,43;12.324.427,00;4.559,00;358.801,00;204,00;4.355,00;11.932.412,00;4.132,00;6.049.895,00;2.885,00;4.848.773,00;3.334,00;5.913.906,00;3.984,00;3.989.196,00;789,00;369.217,00;33,00;1.029.575,00;113,00;131.238,00;1.194,00;514.946,00;631,00;4.841.647,00;1.515,00;609.087,00;1.789,00;5.743.348,00;1.644,00;905.470,00;312,00;462.163,00;334,00;220.753,00;316,00;0,00;0,00;106.552,00;286,00;4.230.934,00;2.067,00;1.790.022,00;1.557,00;244.284,00;875,00;24.598,00;76.480,00;-7.513,70;970,00;3.761,00;86.828,97;3.991,50;82.837,47;858.909,00;33.785,94;146.186,69;5.865,85;121.524,25;9.804,44;32.093.757,60;9.027,20;152,55;241,62;1,67;2,79;9,61;14,07;69,23;0,00;0,00;31,98;8.440,88;3.899,17;;40.203,70;82,30;;887.888,00;51,76;;1.327.240,00;48.020,00;93%;0,00;0%;3.145.954,00;2.778,00;6.691.328,00;747,00;4.812.579,00;496,00;5.721.446,00;2.029,00;0,00;0,00;0,00;0,00;340.359,00;0,00;17.500,00;0,00;0,00;0,00;0,00;0,00;0,00;417.021,30;1.215.498,00;34.160,00;52.436,90;34.160,00;4.280,00;18.877,00;41.517,00;49.566,00;88.552,80;298.214,90;0,00;0,00;0,00;298.214,90;386.767,70;2.238.815,45;59.934.568,92;1.086.548,81;;337.478,40;;165.056,64;;467.076,00;;95.550,00;;0,00;;;0,00;0,00;;;;;;;;;;;;;;;;;;;;;
29/12/2025;7.091,70;1.506,06;7.089,75;1.506,48;1.365,40;827,22;9.545,45;13.033.357,43;0,00;17.477,62;3.953,03;9.545,45;166.831.709,65;70.378,60;45.375.563,39;18.366.685,20;1,00;45.375.563,39;110.925,53;110.925,53;181.304,13;168.195,00;13.109,13;29.401.036,00;11.548,00;117.601,00;85,00;475.712,00;199,00;14.955.833,00;8.670,00;41.665.720,00;24.444,00;29.032.242,00;15.476,00;258.656,00;143,00;930.995,00;537,00;6.965.675,00;3.928,00;5.604.643,00;20.914,00;2.563.294,00;8.317,00;1.610.354,00;9.341,00;7.940.544,00;30.506,00;6.290.851,00;18.310,00;10.548.623,00;23.793,00;53.459,00;82,00;471.020,00;1.213,00;27.731.222,00;14.534,00;4.679.577,00;4.367,00;95.088,00;35,00;4.443.933,00;2.244,00;651.932,00;774,00;200.798,00;33,00;341.370,33;1.032,43;12.329.279,00;4.852,00;359.335,00;534,00;4.318,00;11.936.148,00;3.736,00;6.053.129,00;3.234,00;4.852.361,00;3.588,00;5.917.369,00;3.463,00;3.990.089,00;893,00;369.261,00;44,00;1.029.955,00;380,00;132.561,00;1.323,00;515.736,00;790,00;4.842.911,00;1.264,00;610.950,00;1.863,00;5.744.934,00;1.586,00;905.835,00;365,00;462.400,00;237,00;221.190,00;437,00;0,00;0,00;106.841,00;289,00;4.232.744,00;1.810,00;1.791.260,00;1.238,00;245.158,00;874,00;29.552,00;90.267,00;-7.159,80;1.878,00;4.367,00;91.951,93;4.095,00;87.856,93;892.356,50;33.447,50;149.117,16;2.930,47;129.700,51;8.176,26;32.102.485,80;8.728,20;76,31;265,22;0,83;2,33;9,51;12,67;68,13;0,00;0,00;39,65;8.259,76;4.806,98;;40.273,80;70,10;;924.896,00;43,10;;1.376.836,00;49.596,00;115%;0,00;0%;3.147.205,00;1.251,00;6.691.852,00;524,00;4.812.872,00;293,00;5.724.072,00;2.626,00;0,00;0,00;0,00;0,00;340.359,00;0,00;17.500,00;0,00;0,00;0,00;0,00;0,00;0,00;417.021,30;1.249.914,00;34.416,00;52.474,20;34.416,00;4.280,00;18.948,00;41.532,00;49.566,00;106.387,20;316.284,96;0,00;0,00;0,00;316.284,96;422.672,16;2.430.874,97;62.365.443,89;989.597,06;;334.563,51;;281.088,00;;693.108,00;;182.655,60;;8.700,00;;;0,00;0,00;;;;;;;;;;;;;;;;;;;;;
30/12/2025;7.099,58;1.507,06;7.097,62;1.507,47;1.365,40;827,22;9.545,45;13.033.357,43;0,00;17.485,48;3.954,03;9.545,45;166.906.813,25;75.103,60;45.486.545,32;18.416.055,82;1,00;45.486.545,32;110.981,93;110.981,93;186.085,53;174.578,00;11.507,53;29.413.620,00;12.584,00;117.679,00;78,00;475.911,00;199,00;14.964.477,00;8.644,00;41.690.020,00;24.300,00;29.045.204,00;12.962,00;258.788,00;132,00;931.518,00;523,00;6.965.905,00;230,00;5.626.152,00;21.509,00;2.571.612,00;8.318,00;1.619.687,00;9.333,00;7.971.342,00;30.798,00;6.312.841,00;21.990,00;10.575.154,00;26.531,00;53.537,00;78,00;472.532,00;1.512,00;27.746.482,00;15.260,00;4.684.132,00;4.555,00;95.123,00;35,00;4.446.086,00;2.153,00;652.417,00;485,00;200.878,00;80,00;342.441,51;1.071,18;12.334.298,00;5.019,00;359.580,00;245,00;4.774,00;11.940.142,00;3.994,00;6.056.330,00;3.201,00;4.856.330,00;3.969,00;5.917.512,00;143,00;3.991.144,00;1.055,00;369.333,00;72,00;1.030.943,00;988,00;134.156,00;1.595,00;516.475,00;739,00;4.844.294,00;1.383,00;612.689,00;1.739,00;5.746.714,00;1.780,00;906.235,00;400,00;462.414,00;14,00;221.674,00;484,00;0,00;0,00;107.126,00;285,00;4.234.659,00;1.915,00;1.792.583,00;1.323,00;246.042,00;884,00;30.017,00;96.970,00;-7.379,00;1.333,00;4.555,00;90.606,53;4.160,50;86.446,03;931.513,70;39.157,20;155.364,06;6.246,90;133.189,31;3.488,80;32.112.615,40;10.129,60;164,16;262,13;1,78;0,99;11,14;13,91;71,18;0,00;0,00;24,13;8.399,78;2.847,52;;40.323,00;49,20;;941.664,00;49,20;;1.420.480,00;43.644,00;89%;0,00;0%;3.151.855,00;4.650,00;6.692.256,00;404,00;4.813.305,00;433,00;5.727.215,00;3.143,00;0,00;0,00;0,00;0,00;340.359,00;0,00;17.501,00;1,00;0,00;0,00;0,00;0,00;0,00;417.021,30;1.283.898,00;33.984,00;52.510,80;33.984,00;4.280,00;19.013,00;41.545,60;49.566,00;108.061,20;311.205,71;0,00;0,00;0,00;311.205,71;419.266,91;2.484.089,31;64.849.533,20;1.173.501,36;;232.019,99;;267.624,00;;733.500,00;;132.518,00;;76.431,00;;;0,00;77.443,96;;;;;;;;;;;;;;;;;;;;;
31/12/2025;7.104,35;1.507,68;7.102,40;1.508,09;1.365,45;827,64;9.545,45;13.033.834,70;477,27;17.490,21;3.954,66;9.545,45;166.951.896,41;45.083,16;45.590.172,05;18.462.372,19;1,00;45.590.172,05;103.626,73;103.149,46;148.232,62;141.371,00;6.861,62;29.422.536,00;8.916,00;117.745,00;66,00;476.066,00;155,00;14.971.079,00;6.602,00;41.713.792,00;23.772,00;29.054.990,00;9.786,00;258.926,00;138,00;932.043,00;525,00;6.966.149,00;244,00;5.646.492,00;20.340,00;2.579.939,00;8.327,00;1.629.032,00;9.345,00;7.994.658,00;23.316,00;6.328.056,00;15.215,00;10.599.054,00;23.900,00;53.604,00;67,00;473.444,00;912,00;27.756.006,00;9.524,00;4.686.138,00;2.006,00;95.158,00;35,00;4.447.504,00;1.418,00;652.640,00;223,00;200.971,00;93,00;343.420,58;979,07;12.337.654,00;3.356,00;359.744,00;164,00;3.192,00;11.942.901,00;2.759,00;6.058.643,00;2.313,00;4.858.435,00;2.105,00;5.917.659,00;147,00;3.992.028,00;884,00;369.387,00;54,00;1.031.457,00;514,00;135.131,00;975,00;517.011,00;536,00;4.845.319,00;1.025,00;613.683,00;994,00;5.747.804,00;1.090,00;906.575,00;340,00;462.434,00;20,00;221.949,00;275,00;0,00;0,00;107.411,00;285,00;4.236.626,00;1.967,00;1.794.017,00;1.434,00;246.587,00;545,00;22.192,00;80.103,00;-9.988,60;1.005,00;2.006,00;75.107,22;3.506,00;71.601,22;957.423,60;25.909,90;160.646,39;5.282,33;134.397,08;1.207,77;32.119.770,09;7.154,69;127,93;102,54;1,50;0,34;7,37;9,22;47,98;0,00;0,00;21,54;6.276,27;2.817,65;;40.362,60;39,60;;956.720,00;39,60;;1.457.548,00;37.068,00;94%;0,00;0%;3.155.402,00;3.547,00;6.692.565,00;309,00;4.813.588,00;283,00;5.731.524,00;4.309,00;0,00;0,00;0,00;0,00;340.359,00;0,00;17.501,00;0,00;0,00;0,00;0,00;0,00;0,00;417.021,30;1.316.312,00;32.414,00;52.549,70;32.414,00;4.280,00;19.122,00;41.560,00;49.566,00;79.891,20;257.764,38;0,00;0,00;0,00;257.764,38;337.655,58;1.597.242,67;66.446.775,87;756.246,41;;143.472,00;;178.977,60;;487.854,00;;0,00;;1.491,00;;;0,00;29.201,66;;;;;;;;;;;;;;;;;;;;;
01/01/2026;;;;;;;;;;;;;;;;;;;;;;;0,00;;;;;;;;;;;;;;;;;;;;;;;;;;;;;;;;;;;;;;;;;;;;;;;;;;;;;;;;;;;;;;;;;;;;;;;;;;;;;;;;;;;;;;;;;;;;;;;;;;;;;;;;;;;;;;;;;;;;;;;;;;;;;;;;;;;;;;;;;;;;;;;;;;;;;;;;;;;;;;;;;;;;;;;;;;;;;;;;;;;;;0,00;;;;;;;;;;;;;;;;;;;;;;;;;;;
02/01/2026;;;;;;;;;;;;;;;;;;;;;;;0,00;;;;;;;;;;;;;;;;;;;;;;;;;;;;;;;;;;;;;;;;;;;;;;;;;;;;;;;;;;;;;;;;;;;;;;;;;;;;;;;;;;;;;;;;;;;;;;;;;;;;;;;;;;;;;;;;;;;;;;;;;;;;;;;;;;;;;;;;;;;;;;;;;;;;;;;;;;;;;;;;;;;;;;;;;;;;;;;;;;;;;;;;;;;;;;;;;;;;;;;;;;;;;;;;
03/01/2026;;;;;;;;;;;;;;;;;;;;;;;0,00;;;;;;;;;;;;;;;;;;;;;;;;;;;;;;;;;;;;;;;;;;;;;;;;;;;;;;;;;;;;;;;;;;;;;;;;;;;;;;;;;;;;;;;;;;;;;;;;;;;;;;;;;;;;;;;;;;;;;;;;;;;;;;;;;;;;;;;;;;;;;;;;;;;;;;;;;;;;;;;;;;;;;;;;;;;;;;;;;;;;;;;;;;;;;;;;;;;;;;;;;;;;;;;;
;;;;;;;;;;;;;;;;;;;;;;;0,00;;;;;;;;;;;;;;;;;;;;;;;;;;;;;;;;;;;;;;;;;;;;;;;;;;;;;;;;;;;;;;;;;;;;;;;;;;;;;;;;;;;;;;;;;;;;;;;;;;;;;;;;;;;;;;;;;;;;;;;;;;;;;;;;;;;;;;;;;;;;;;;;;;;;;;;;;;;;;;;;;;;;;;;;;;;;;;;;;;;;;;;;;;;;;;;;;;;;;;;;;;;;;;;;
